time	COG_x	COG_y	COG_z	Pr_x	Pr_y	Pr_z	Pl_x	Pl_y	Pl_z	COG_Vx	COG_Vy	BODY_x	BODY_y	BODY_z	
0.025	-2.02577e-05	0.000968298	0.233078	-7.38308e-05	-0.00798987	2.81346e-05	-7.30814e-05	0.0742634	2.80686e-05	0	0.000842813	0.00491792	-0.0122302	0.298334
0.05	-2.02571e-05	0.00100002	0.233078	-7.38323e-05	-0.0079898	2.8133e-05	-7.30831e-05	0.0742635	2.80663e-05	0	0.00170554	0.00491787	-0.0121856	0.298332
0.075	-2.0256e-05	0.00105373	0.233078	-7.3835e-05	-0.00798967	2.81301e-05	-7.30859e-05	0.0742636	2.80624e-05	0	0.00260857	0.00491778	-0.0121101	0.29833
0.1	-2.02545e-05	0.00113068	0.233078	-7.38388e-05	-0.0079895	2.8126e-05	-7.30899e-05	0.0742638	2.80569e-05	0	0.00357323	0.00491766	-0.0120019	0.298327
0.125	-2.02524e-05	0.00123271	0.233078	-7.38439e-05	-0.00798927	2.81207e-05	-7.30952e-05	0.074264	2.80495e-05	0	0.00462232	0.00491749	-0.0118584	0.298323
0.15	-2.02498e-05	0.00136221	0.233078	-7.38503e-05	-0.00798898	2.81139e-05	-7.31019e-05	0.0742643	2.80403e-05	0	0.00578062	0.00491728	-0.0116763	0.298317
0.175	-2.02466e-05	0.00152225	0.233078	-7.38583e-05	-0.00798861	2.81056e-05	-7.31103e-05	0.0742647	2.80289e-05	0	0.00707552	0.00491703	-0.0114512	0.298311
0.2	-2.02427e-05	0.00171662	0.233078	-7.38679e-05	-0.00798817	2.80957e-05	-7.31203e-05	0.0742651	2.80152e-05	0	0.00853759	0.00491672	-0.0111779	0.298303
0.225	-2.02381e-05	0.0019499	0.233078	-7.38794e-05	-0.00798765	2.80839e-05	-7.31324e-05	0.0742656	2.79989e-05	0	0.0102014	0.00491634	-0.0108499	0.298294
0.25	-2.02326e-05	0.0022276	0.233078	-7.38931e-05	-0.00798702	2.807e-05	-7.31468e-05	0.0742662	2.79797e-05	0	0.0121062	0.00491591	-0.0104595	0.298282
0.275	-2.02262e-05	0.00255629	0.233078	-7.39093e-05	-0.00798628	2.8054e-05	-7.31638e-05	0.074267	2.79573e-05	0	0.0142971	0.00491539	-0.00999753	0.298269
0.3	-2.02187e-05	0.00294374	0.233079	-7.39284e-05	-0.0079854	2.80355e-05	-7.31838e-05	0.0742679	2.79314e-05	0	0.0168258	0.00491479	-0.009453	0.298254
0.325	-2.02101e-05	0.00339909	0.233079	-7.39508e-05	-0.00798437	2.80144e-05	-7.32072e-05	0.0742689	2.79015e-05	0	0.0197521	0.0049141	-0.00881313	0.298236
0.35	-2.02001e-05	0.00393312	0.233079	-7.39769e-05	-0.00798317	2.79905e-05	-7.32347e-05	0.0742701	2.78673e-05	0	0.023145	0.0049133	-0.00806285	0.298216
0.375	-2.01885e-05	0.00455843	0.233079	-7.40074e-05	-0.00798175	2.79637e-05	-7.32667e-05	0.0742715	2.78284e-05	0	0.0270849	0.00491238	-0.00718452	0.298192
0.4	-2.01754e-05	0.0052898	0.233079	-7.4043e-05	-0.0079801	2.79339e-05	-7.3304e-05	0.0742732	2.77844e-05	0	0.0316647	0.00491132	-0.00615746	0.298165
0.425	-2.01604e-05	0.00614452	0.23308	-7.40843e-05	-0.00797817	2.79012e-05	-7.33474e-05	0.0742751	2.77353e-05	0	0.0369927	0.00491012	-0.00495753	0.298135
0.45	-2.01434e-05	0.00714279	0.23308	-7.41323e-05	-0.00797592	2.78659e-05	-7.33979e-05	0.0742773	2.76808e-05	0	0.0431947	0.00490877	-0.00355653	0.2981
0.475	-2.01244e-05	0.00830818	0.23308	-7.4188e-05	-0.00797329	2.78289e-05	-7.34565e-05	0.07428	2.76212e-05	0	0.0504174	0.00490725	-0.00192158	0.298061
0.5	-2.01032e-05	0.00966825	0.233081	-7.42525e-05	-0.00797022	2.77911e-05	-7.35244e-05	0.074283	2.75572e-05	0	0.0588313	0.00490556	-1.43003e-05	0.298018
0	-2.01032e-05	0.00966825	0.233081	-7.42525e-05	-0.00797022	2.77911e-05	-7.35244e-05	0.074283	2.75572e-05	0	0.0588313	0.00490556	-1.43003e-05	0.298018
0.025	-2.00801e-05	0.0112457	0.233081	-7.43267e-05	-0.00796666	2.77548e-05	-7.36026e-05	0.0742866	2.74904e-05	0	0.0674899	0.00490371	0.0021968	0.297971
0.05	-2.00557e-05	0.0130288	0.233082	-7.44096e-05	-0.00796264	2.77235e-05	-7.36901e-05	0.0742906	2.74247e-05	0	0.0753151	0.00490178	0.00469494	0.297921
0.075	-2.00312e-05	0.0149966	0.233082	-7.45e-05	-0.00795821	2.7701e-05	-7.37856e-05	0.074295	2.73642e-05	0	0.0823009	0.00489983	0.00745057	0.297871
0.1	-2.00073e-05	0.0171282	0.233083	-7.45966e-05	-0.00795341	2.7691e-05	-7.38879e-05	0.0742998	2.73129e-05	0	0.0884414	0.00489794	0.0104341	0.297823
0.125	-1.99849e-05	0.0194024	0.233083	-7.46982e-05	-0.00794829	2.76968e-05	-7.39956e-05	0.0743049	2.72747e-05	0	0.0937306	0.00489618	0.0136156	0.297777
0.15	-1.99649e-05	0.021798	0.233083	-7.48034e-05	-0.00794291	2.77214e-05	-7.41075e-05	0.0743103	2.7253e-05	0	0.0981623	0.00489462	0.0169654	0.297737
0.175	-1.9948e-05	0.0242933	0.233084	-7.49111e-05	-0.0079373	2.77673e-05	-7.42223e-05	0.0743159	2.72506e-05	0	0.101731	0.00489331	0.0204534	0.297702
0.2	-1.99348e-05	0.0268668	0.233084	-7.50201e-05	-0.00793151	2.78364e-05	-7.43388e-05	0.0743217	2.72699e-05	0	0.10443	0.00489229	0.0240497	0.297676
0.225	-1.99257e-05	0.0294968	0.233084	-7.51294e-05	-0.0079256	2.79299e-05	-7.44559e-05	0.0743276	2.73124e-05	0	0.106254	0.00489162	0.027724	0.297657
0.25	-1.9921e-05	0.0321613	0.233084	-7.52377e-05	-0.00791962	2.80482e-05	-7.45724e-05	0.0743336	2.73791e-05	0	0.107196	0.0048913	0.031446	0.297648
0.275	-1.9921e-05	0.0348383	0.233084	-7.53442e-05	-0.00791361	2.81911e-05	-7.46873e-05	0.0743396	2.74701e-05	0	0.107251	0.00489136	0.0351852	0.297648
0.3	-1.99255e-05	0.0375055	0.233084	-7.54479e-05	-0.00790762	2.83574e-05	-7.47996e-05	0.0743456	2.75847e-05	0	0.106413	0.00489179	0.038911	0.297658
0.325	-1.99346e-05	0.0401406	0.233084	-7.5548e-05	-0.00790171	2.8545e-05	-7.49085e-05	0.0743516	2.77212e-05	0	0.104675	0.00489259	0.0425925	0.297677
0.35	-1.99478e-05	0.042721	0.233084	-7.56437e-05	-0.00789592	2.87514e-05	-7.5013e-05	0.0743574	2.78775e-05	0	0.102032	0.00489372	0.0461984	0.297704
0.375	-1.99687e-05	0.0452241	0.233084	-7.57343e-05	-0.0078903	2.89728e-05	-7.51123e-05	0.074363	2.80503e-05	0	0.098478	0.00489514	0.0496975	0.297739
0.4	-1.99887e-05	0.0476271	0.233083	-7.58191e-05	-0.00788491	2.9205e-05	-7.52058e-05	0.0743684	2.82358e-05	0	0.0940065	0.00489682	0.0530578	0.29778
0.425	-2.0011e-05	0.0499071	0.233083	-7.58977e-05	-0.00787979	2.94431e-05	-7.52928e-05	0.0743735	2.84296e-05	0	0.0886116	0.00489868	0.0562475	0.297826
0.45	-2.00349e-05	0.0520408	0.233082	-7.59696e-05	-0.007875	2.96815e-05	-7.53726e-05	0.0743783	2.86266e-05	0	0.0822874	0.00490067	0.0592341	0.297875
0.475	-2.00594e-05	0.0540051	0.233082	-7.60343e-05	-0.00787059	2.99142e-05	-7.54448e-05	0.0743827	2.88211e-05	0	0.0750279	0.00490271	0.0619849	0.297925
0.5	-2.00705e-05	0.0557765	0.233081	-6.84839e-05	-0.00787995	2.71227e-05	-7.55103e-05	0.0743867	2.90083e-05	0	0.0668271	0.00490384	0.0644694	0.297975
0	-2.00705e-05	0.0557765	0.233081	-6.84839e-05	-0.00787995	2.71227e-05	-7.55103e-05	0.0743867	2.90083e-05	0	0.0588313	0.00490384	0.0644694	0.297975
0.025	-2.01017e-05	0.0571266	0.233081	-6.89237e-05	-0.00787518	2.72803e-05	-7.55582e-05	0.0743897	2.91572e-05	0	0.0496147	0.00490554	0.0663615	0.298016
0.05	-2.01219e-05	0.0582618	0.233081	-7.17175e-05	-0.00785885	2.74169e-05	-7.55972e-05	0.0743923	2.92879e-05	0	0.0415703	0.00490754	0.0679507	0.298052
0.075	-2.01443e-05	0.059209	0.23308	-7.89961e-05	-0.00782006	2.75334e-05	-7.56276e-05	0.0743944	2.94015e-05	0	0.0345082	0.00491024	0.0692721	0.298085
0.1	-2.01706e-05	0.0599905	0.23308	-9.24503e-05	-0.00775019	2.7631e-05	-7.56498e-05	0.0743962	2.94994e-05	0	0.0282614	0.00491399	0.0703553	0.298114
0.125	-2.0202e-05	0.0606248	0.23308	-0.000113166	-0.00764368	2.77108e-05	-7.56643e-05	0.0743976	2.95831e-05	0	0.0226824	0.00491901	0.071225	0.29814
0.15	-2.02389e-05	0.061127	0.23308	-0.000141517	-0.0074986	2.77738e-05	-7.56714e-05	0.0743986	2.96534e-05	0	0.0176394	0.00492539	0.0719017	0.298164
0.175	-2.02811e-05	0.0615087	0.23308	-0.000177131	-0.00731683	2.78211e-05	-7.56718e-05	0.0743994	2.97113e-05	0	0.0130131	0.00493305	0.0724024	0.298185
0.2	-2.03275e-05	0.0617792	0.23308	-0.000218921	-0.00710386	2.78535e-05	-7.56662e-05	0.0744	2.9757e-05	0	0.00869434	0.00494179	0.0727406	0.298203
0.225	-2.03765e-05	0.0619447	0.23308	-0.0002652	-0.00686827	2.7872e-05	-7.56554e-05	0.0744003	2.97908e-05	0	0.00458099	0.00495126	0.072927	0.298218
0.25	-2.04261e-05	0.0620092	0.23308	-0.000313836	-0.00662089	2.78771e-05	-7.56404e-05	0.0744003	2.98125e-05	0	0.000575872	0.00496107	0.0729691	0.298231
0.275	-2.0474e-05	0.0619741	0.23308	-0.00036247	-0.00637371	2.78693e-05	-7.56221e-05	0.0744002	2.98216e-05	0	-0.00341564	0.00497072	0.0728714	0.298239
0.3	-2.05177e-05	0.0618386	0.23308	-0.00040874	-0.00613873	2.78489e-05	-7.56011e-05	0.0743998	2.98175e-05	0	-0.00748785	0.00497976	0.0726351	0.298244
0.325	-2.05552e-05	0.0615995	0.23308	-0.000450517	-0.00592679	2.78157e-05	-7.55783e-05	0.0743992	2.97995e-05	0	-0.011737	0.00498775	0.0722578	0.298244
0.35	-2.05847e-05	0.0612511	0.23308	-0.000486111	-0.00574649	2.77694e-05	-7.55538e-05	0.0743984	2.97666e-05	0	-0.0162634	0.00499436	0.0717332	0.29824
0.375	-2.0605e-05	0.0607852	0.233081	-0.000514435	-0.00560337	2.77094e-05	-7.55279e-05	0.0743973	2.97178e-05	0	-0.0211742	0.00499935	0.071051	0.29823
0.4	-2.06158e-05	0.0601907	0.233081	-0.000535117	-0.00549934	2.76348e-05	-7.55001e-05	0.0743959	2.96524e-05	0	-0.0265852	0.00500266	0.070196	0.298215
0.425	-2.06173e-05	0.0594537	0.233081	-0.000548529	-0.00543254	2.75445e-05	-7.54698e-05	0.0743942	2.95694e-05	0	-0.0326244	0.00500434	0.0691483	0.298194
0.45	-2.05996e-05	0.0585566	0.233081	-0.000555756	-0.00539749	2.74372e-05	-7.54359e-05	0.0743922	2.94681e-05	0	-0.0394345	0.00500462	0.0678826	0.298167
0.475	-2.05497e-05	0.0574783	0.233082	-0.000558487	-0.00538563	2.73116e-05	-7.53969e-05	0.0743898	2.93481e-05	0	-0.0471763	0.00500386	0.0663675	0.298135
0.5	-2.05807e-05	0.0561936	0.233082	-0.000566358	-0.00537323	3.01837e-05	-7.53496e-05	0.0743869	2.92084e-05	0	-0.0560328	0.0050032	0.0645633	0.298098
0	-2.05807e-05	0.0561936	0.233082	-0.000566358	-0.00537323	3.01837e-05	-7.53496e-05	0.0743869	2.92084e-05	0	-0.0560328	0.0050032	0.0645633	0.298098
0.025	-2.06242e-05	0.0546813	0.233082	-0.000566308	-0.00537663	3.00008e-05	-7.52951e-05	0.0743835	2.90516e-05	-7.61889e-06	-0.0650379	0.0050014	0.0624441	0.298057
0.05	-2.10395e-05	0.0529563	0.233083	-0.000566252	-0.0053805	2.98013e-05	-7.52328e-05	0.0743796	2.88819e-05	-2.96941e-05	-0.0730911	0.00499899	0.0600276	0.298014
0.075	-2.21735e-05	0.0510423	0.233083	-0.000566189	-0.0053848	2.95915e-05	-7.51641e-05	0.0743753	2.87051e-05	-6.50536e-05	-0.0801927	0.00499555	0.0573475	0.297971
0.1	-2.43441e-05	0.0489629	0.233084	-0.000566122	-0.00538947	2.93773e-05	-7.50902e-05	0.0743706	2.85268e-05	-0.000112525	-0.0863429	0.00499072	0.0544372	0.29793
0.125	-2.78358e-05	0.0467419	0.233084	-0.000566051	-0.00539446	2.91644e-05	-7.50123e-05	0.0743656	2.83523e-05	-0.000170937	-0.0915422	0.00498417	0.0513299	0.297892
0.15	-3.29154e-05	0.0444031	0.233084	-0.000565978	-0.00539971	2.8958e-05	-7.49317e-05	0.0743603	2.81862e-05	-0.000239116	-0.0957908	0.00497559	0.0480589	0.297858
0.175	-3.98089e-05	0.0419701	0.233085	-0.000565903	-0.00540517	2.87627e-05	-7.48497e-05	0.0743549	2.80328e-05	-0.000315891	-0.099089	0.00496473	0.0446573	0.297831
0.2	-4.87167e-05	0.0394667	0.233085	-0.000565828	-0.00541079	2.85824e-05	-7.47674e-05	0.0743492	2.78957e-05	-0.000400089	-0.101437	0.00495135	0.0411581	0.297812
0.225	-5.98096e-05	0.0369165	0.233085	-0.000565754	-0.00541652	2.84205e-05	-7.46861e-05	0.0743435	2.77777e-05	-0.000490539	-0.102836	0.00493524	0.0375941	0.2978
0.25	-7.32293e-05	0.0343433	0.233085	-0.000565682	-0.0054223	2.82792e-05	-7.4607e-05	0.0743377	2.76807e-05	-0.000586068	-0.103284	0.00491623	0.0339981	0.297797
0.275	-8.90879e-05	0.0317708	0.233085	-0.000565614	-0.00542808	2.81603e-05	-7.45315e-05	0.0743319	2.7606e-05	-0.000685505	-0.102784	0.00489415	0.030403	0.297803
0.3	-0.000107468	0.0292225	0.233085	-0.00056555	-0.00543381	2.80644e-05	-7.44607e-05	0.0743262	2.7554e-05	-0.000787676	-0.101335	0.00486889	0.0268415	0.297818
0.325	-0.000128423	0.0267223	0.233084	-0.000565492	-0.00543943	2.79915e-05	-7.4396e-05	0.0743206	2.75241e-05	-0.00089141	-0.0989376	0.00484035	0.0233465	0.29784
0.35	-0.000151978	0.0242937	0.233084	-0.00056544	-0.00544489	2.79408e-05	-7.43386e-05	0.0743151	2.75152e-05	-0.000995535	-0.0955918	0.00480845	0.0199507	0.29787
0.375	-0.000178125	0.0219604	0.233084	-0.000565397	-0.00545014	2.79108e-05	-7.42897e-05	0.0743099	2.75252e-05	-0.00109888	-0.0912981	0.00477316	0.0166871	0.297906
0.4	-0.000206832	0.019746	0.233083	-0.000565364	-0.00545512	2.78992e-05	-7.42507e-05	0.0743049	2.75516e-05	-0.00120027	-0.0860567	0.00473447	0.0135886	0.297946
0.425	-0.000238032	0.0176743	0.233083	-0.000565341	-0.00545979	2.79032e-05	-7.42227e-05	0.0743002	2.75912e-05	-0.00129853	-0.0798681	0.0046924	0.0106885	0.29799
0.45	-0.000271634	0.0157688	0.233082	-0.00056533	-0.00546409	2.79196e-05	-7.4207e-05	0.0742959	2.76403e-05	-0.0013925	-0.0727325	0.00464701	0.00801987	0.298036
0.475	-0.000307514	0.0140531	0.233082	-0.000565332	-0.00546795	2.79448e-05	-7.42047e-05	0.0742921	2.7695e-05	-0.001481	-0.0646502	0.00459839	0.00561599	0.29808
0.5	-0.00034552	0.0125509	0.233082	-0.000565347	-0.00547134	2.79752e-05	-7.42169e-05	0.0742887	2.77511e-05	-0.00156285	-0.0556216	0.00454668	0.00351026	0.298123
0	-0.00034552	0.0125509	0.233082	-0.000565347	-0.00547134	2.79752e-05	-7.42169e-05	0.0742887	2.77511e-05	0	-0.0560328	0.00454668	0.00351026	0.298123
0.025	-0.000343553	0.0112654	0.233082	-0.000565292	-0.00547423	2.77901e-05	-6.56715e-05	0.0742857	0.000418503	0.0001569	-0.0472176	0.00454706	0.00171494	0.298028
0.05	-0.000337536	0.0101855	0.233084	-0.000565267	-0.00547662	2.7196e-05	-7.19282e-06	0.0742827	0.00155241	0.000317507	-0.039518	0.00453874	0.000222187	0.297675
0.075	-0.00032729	0.0092856	0.233088	-0.000565283	-0.00547859	2.62531e-05	0.0001463	0.074279	0.00331848	0.000485616	-0.0327522	0.00451353	-0.00100416	0.297103
0.1	-0.000312553	0.00854445	0.233092	-0.000565346	-0.00548018	2.50561e-05	0.000430586	0.0742743	0.00554384	0.0006652	-0.0267602	0.0044658	-0.00199621	0.296371
0.125	-0.000292976	0.00794457	0.233097	-0.000565458	-0.00548143	2.37249e-05	0.000868644	0.0742683	0.00801067	0.000860501	-0.0214006	0.00439303	-0.00278251	0.295553
0.15	-0.000297181	0.00755658	0.232514	-0.00056572	-0.00548216	2.08025e-05	0.00146829	0.0742609	0.0104759	0.00107613	-0.0165466	0.00424911	-0.0032482	0.293747
0.175	-0.000265228	0.00720052	0.232526	-0.000565909	-0.00548288	1.96206e-05	0.00222185	0.074252	0.0127013	0.00131719	-0.0120836	0.00413425	-0.00369393	0.293018
0.2	-0.000226642	0.00695183	0.232534	-0.00056612	-0.00548337	1.86875e-05	0.00310624	0.0742418	0.0144674	0.00158938	-0.00790603	0.0040063	-0.00399902	0.292441
0.225	-0.000180685	0.00680471	0.23254	-0.000566337	-0.00548365	1.8097e-05	0.0040857	0.0742308	0.0156013	0.00189911	-0.00391531	0.00387387	-0.00417677	0.292075
0.25	-0.000126462	0.00675576	0.232542	-0.000566543	-0.00548375	1.79088e-05	0.00511518	0.0742194	0.0159921	0.00225372	-1.71009e-05	0.0037468	-0.0042354	0.291957
0.275	-6.28806e-05	0.00680383	0.23254	-0.000566721	-0.00548366	1.81424e-05	0.00614471	0.0742082	0.0156014	0.00266158	0.0038807	0.00363549	-0.0041777	0.2921
0.3	1.13846e-05	0.00695004	0.232534	-0.000566854	-0.00548339	1.87753e-05	0.00712432	0.0741978	0.0144676	0.00313233	0.0078702	0.00355044	-0.00400078	0.292488
0.325	9.79382e-05	0.00719779	0.232525	-0.000566927	-0.0054829	1.97451e-05	0.00800895	0.0741886	0.0127016	0.00367709	0.0120457	0.00350165	-0.00369633	0.293085
0.35	0.00019871	0.00755285	0.232513	-0.000566928	-0.0054822	2.09558e-05	0.00876281	0.0741811	0.0104763	0.00430873	0.0165057	0.00349814	-0.00325107	0.293831
0.375	0.000334835	0.00793981	0.233096	-0.000566769	-0.00548147	2.39001e-05	0.00936302	0.0741753	0.00801108	0.00504218	0.0213558	0.00357755	-0.0027856	0.29565
0.4	0.000471326	0.0085385	0.233092	-0.0005666	-0.00548021	2.52417e-05	0.00980149	0.0741718	0.00554428	0.00589477	0.0267105	0.003685	-0.00199963	0.296474
0.425	0.000630638	0.00927833	0.233087	-0.000566341	-0.00547862	2.64398e-05	0.0100862	0.0741702	0.00331893	0.00688664	0.0326963	0.00385445	-0.00100802	0.297209
0.45	0.000816565	0.0101768	0.233084	-0.000565992	-0.00547665	2.73757e-05	0.0102402	0.0741705	0.00155286	0.00804122	0.0394546	0.00408676	0.000217632	0.29778
0.475	0.00103354	0.011255	0.233082	-0.000565557	-0.00547424	2.79564e-05	0.0102991	0.0741723	0.000418947	0.00938581	0.0471452	0.00438091	0.00170936	0.298128
0.5	0.00128675	0.0125385	0.233081	-0.000565042	-0.00547135	2.81237e-05	0.0103081	0.0741751	2.81756e-05	0.0109522	0.0559497	0.00473476	0.00350327	0.298217
0	0.00128675	0.0125385	0.233081	-0.000565042	-0.00547135	2.81237e-05	0.0103081	0.0741751	2.81756e-05	0.0109522	0.0559497	0.00473476	0.00350327	0.298217
0.025	0.00158025	0.014048	0.233082	-0.000564448	-0.00546793	2.8075e-05	0.0103087	0.0741785	2.80988e-05	0.0125416	0.0649067	0.00514604	0.00562049	0.298169
0.05	0.00191094	0.0157692	0.233082	-0.000563779	-0.00546403	2.80291e-05	0.0103094	0.0741824	2.80207e-05	0.0139331	0.0729208	0.00560938	0.00803346	0.298117
0.075	0.0022739	0.0176786	0.233083	-0.000563045	-0.00545971	2.799e-05	0.0103101	0.0741867	2.79461e-05	0.0151293	0.079992	0.00611791	0.0107089	0.298064
0.1	0.00266429	0.0197526	0.233083	-0.000562256	-0.00545502	2.79618e-05	0.0103109	0.0741914	2.78792e-05	0.0161322	0.0861203	0.00666484	0.0136136	0.298012
0.125	0.00307732	0.0219679	0.233084	-0.00056142	-0.00545002	2.7948e-05	0.0103117	0.0741964	2.78241e-05	0.0169444	0.0913058	0.00724351	0.0167144	0.297963
0.15	0.00350826	0.0243007	0.233084	-0.000560548	-0.00544475	2.79517e-05	0.0103126	0.0742017	2.77843e-05	0.0175681	0.0955484	0.00784732	0.0199785	0.297918
0.175	0.00395243	0.0267276	0.233084	-0.000559648	-0.00543927	2.79756e-05	0.0103135	0.0742072	2.77629e-05	0.0180058	0.0988481	0.0084698	0.0233729	0.29788
0.2	0.00440522	0.0292251	0.233085	-0.000558731	-0.00543363	2.80215e-05	0.0103144	0.0742128	2.77622e-05	0.0182597	0.101205	0.00910453	0.0268648	0.297848
0.225	0.00486208	0.0317697	0.233085	-0.000557804	-0.00542789	2.80906e-05	0.0103153	0.0742186	2.77837e-05	0.0183321	0.102619	0.0097452	0.0304216	0.297825
0.25	0.0053185	0.0343377	0.233085	-0.000556878	-0.0054221	2.81831e-05	0.0103162	0.0742244	2.78282e-05	0.0182255	0.10309	0.0103856	0.0340108	0.297811
0.275	0.00577005	0.0369058	0.233085	-0.000555961	-0.00541632	2.82986e-05	0.0103171	0.0742302	2.78956e-05	0.0179422	0.102618	0.0110194	0.0375997	0.297805
0.3	0.00621234	0.0394503	0.233085	-0.000555061	-0.00541058	2.84357e-05	0.010318	0.0742359	2.79851e-05	0.0174845	0.101204	0.0116408	0.0411557	0.297809
0.325	0.00664106	0.0419478	0.233085	-0.000554189	-0.00540496	2.85922e-05	0.0103189	0.0742415	2.80948e-05	0.0168547	0.0988466	0.0122435	0.0446464	0.297821
0.35	0.00705194	0.0443747	0.233085	-0.000553352	-0.00539949	2.8765e-05	0.0103197	0.074247	2.82223e-05	0.0160553	0.0955463	0.0128216	0.0480391	0.297841
0.375	0.00744077	0.0467075	0.233084	-0.00055256	-0.00539424	2.89506e-05	0.0103205	0.0742523	2.83641e-05	0.0150885	0.0913033	0.0133692	0.0513011	0.297867
0.4	0.00780342	0.0489227	0.233084	-0.00055182	-0.00538926	2.91443e-05	0.0103213	0.0742573	2.85164e-05	0.0139567	0.0861173	0.0138804	0.0543996	0.297899
0.425	0.0081358	0.0509967	0.233084	-0.000551143	-0.00538459	2.93411e-05	0.0103219	0.0742619	2.86744e-05	0.0126623	0.0799886	0.0143494	0.0573018	0.297935
0.45	0.00843386	0.052906	0.233083	-0.000550536	-0.00538029	2.95355e-05	0.0103225	0.0742663	2.88331e-05	0.0112075	0.072917	0.0147704	0.0599746	0.297974
0.475	0.00869366	0.0546271	0.233083	-0.000550007	-0.00537641	2.97218e-05	0.0103231	0.0742701	2.89873e-05	0.00959481	0.0649026	0.0151378	0.0623849	0.298012
0.5	0.00891128	0.0561366	0.233083	-0.000549566	-0.00537302	2.98938e-05	0.0103235	0.0742735	2.91313e-05	0.00782646	0.0559454	0.0154459	0.0644996	0.29805
0	0.00891128	0.0561366	0.233083	-0.000549566	-0.00537302	2.98938e-05	0.0103235	0.0742735	2.91313e-05	0.0109522	0.0559497	0.0154459	0.0644996	0.29805
0.025	0.00916842	0.0574201	0.233083	-0.000522441	-0.00537015	0.000420745	0.010324	0.0742764	2.9041e-05	0.00969961	0.0471456	0.0158001	0.0662914	0.29795
0.05	0.00939745	0.0584983	0.233085	-0.000338912	-0.00536799	0.00155474	0.0103244	0.0742788	2.85274e-05	0.00867624	0.0394555	0.0160756	0.0677815	0.297593
0.075	0.00960389	0.0593968	0.233089	0.000142214	-0.00536673	0.00332089	0.0103246	0.0742808	2.76533e-05	0.00785787	0.0326976	0.0162527	0.0690063	0.297019
0.1	0.00979271	0.0601367	0.233093	0.00103299	-0.00536651	0.00554634	0.0103247	0.0742825	2.65156e-05	0.00722517	0.0267123	0.0163182	0.0699978	0.296286
0.125	0.00996844	0.0607352	0.233098	0.00241159	-0.00538147	0.00801192	0.0103246	0.0742838	2.52363e-05	0.00676318	0.0213582	0.0162671	0.0707872	0.295469
0.15	0.010095	0.0611254	0.232516	0.0042906	-0.00538382	0.0104779	0.0103241	0.0742846	2.23585e-05	0.006461	0.0165087	0.01604	0.0712595	0.293668
0.175	0.01026	0.0614805	0.232527	0.00665147	-0.00538709	0.0127039	0.0103237	0.0742854	2.12206e-05	0.00631148	0.0120493	0.0157867	0.071708	0.292945
0.2	0.010424	0.0617283	0.232536	0.00942215	-0.00539131	0.0144704	0.0103232	0.0742859	2.03311e-05	0.00631108	0.00787455	0.0154591	0.072017	0.29238
0.225	0.0105905	0.0618745	0.232541	0.0124906	-0.00539628	0.0156047	0.0103225	0.0742862	1.97854e-05	0.00645981	0.0038859	0.0150843	0.0721997	0.29203
0.25	0.0107629	0.0619227	0.232543	0.0157156	-0.00540173	0.0159956	0.0103219	0.0742863	1.9643e-05	0.00676116	-1.093e-05	0.0146929	0.0722642	0.291934
0.275	0.0109446	0.0618739	0.23254	0.0189407	-0.00540742	0.015605	0.0103213	0.0742862	1.99214e-05	0.00722228	-0.00390802	0.0143171	0.0722128	0.292103
0.3	0.0111394	0.0617269	0.232534	0.0220093	-0.00541305	0.014471	0.0103208	0.0742859	2.0594e-05	0.00785404	-0.00789745	0.0139894	0.0720421	0.29252
0.325	0.0113514	0.0614785	0.232525	0.0247802	-0.0054184	0.0127047	0.0103204	0.0742853	2.15931e-05	0.00867137	-0.0120735	0.0137405	0.0717432	0.293144
0.35	0.0115851	0.0611227	0.232513	0.0271414	-0.00542327	0.0104789	0.0103202	0.0742846	2.28172e-05	0.0096936	-0.0165348	0.0135983	0.0713023	0.293914
0.375	0.011853	0.0607322	0.233096	0.0290211	-0.00542741	0.00801307	0.0103203	0.0742838	2.57607e-05	0.0109449	-0.0213868	0.0135959	0.0708352	0.295753
0.4	0.0121456	0.0601327	0.233091	0.0303942	-0.00543107	0.00554573	0.0103205	0.0742825	2.70707e-05	0.0124547	-0.0267441	0.0137256	0.0700501	0.29659
0.425	0.012479	0.059392	0.233087	0.0312856	-0.00543418	0.00331985	0.010321	0.0742808	2.82114e-05	0.0142589	-0.0327333	0.0140085	0.0690577	0.297331
0.45	0.0128611	0.0584926	0.233084	0.0317674	-0.00543688	0.00155333	0.0103218	0.0742789	2.90641e-05	0.0164	-0.039496	0.0144436	0.06783	0.297901
0.475	0.0133011	0.0574133	0.233082	0.0319515	-0.00543941	0.000419064	0.0103228	0.0742765	2.95367e-05	0.0189285	-0.0471919	0.015022	0.0663354	0.298244
0.5	0.0138095	0.0561286	0.233081	0.0319792	-0.00544205	2.80878e-05	0.010324	0.0742736	2.95726e-05	0.0219043	-0.0560028	0.0157302	0.0645381	0.298326
0	0.0138095	0.0561286	0.233081	0.0319792	-0.00544205	2.80878e-05	0.010324	0.0742736	2.95726e-05	0.0219043	-0.0560028	0.0157302	0.0645381	0.298326
0.025	0.0143946	0.0546177	0.233082	0.0319804	-0.00544509	2.78724e-05	0.0103253	0.0742702	2.93702e-05	0.0249423	-0.0649665	0.0165522	0.0624173	0.298269
0.05	0.015051	0.0528949	0.233082	0.0319818	-0.00544855	2.76369e-05	0.0103269	0.0742664	2.91506e-05	0.0276147	-0.0729866	0.0174741	0.0600004	0.298208
0.075	0.0157696	0.0509838	0.233083	0.0319833	-0.00545239	2.73881e-05	0.0103286	0.0742621	2.89206e-05	0.029925	-0.0800633	0.0184829	0.0573209	0.298146
0.1	0.0165413	0.0489078	0.233083	0.0319849	-0.00545656	2.71324e-05	0.0103304	0.0742575	2.86867e-05	0.0318769	-0.0861964	0.0195663	0.0544119	0.298084
0.125	0.0173572	0.0466907	0.233084	0.0319765	-0.00545024	2.98607e-05	0.0103323	0.0742525	2.84544e-05	0.0334737	-0.0913859	0.0207128	0.051305	0.298025
0.15	0.0182087	0.0443559	0.233084	0.0319785	-0.00545545	2.9581e-05	0.0103344	0.0742473	2.82311e-05	0.034719	-0.095632	0.0219075	0.0480369	0.297971
0.175	0.0190868	0.0419268	0.233085	0.0319805	-0.00546087	2.93122e-05	0.0103364	0.0742419	2.80209e-05	0.0356163	-0.0989345	0.0231396	0.0446385	0.297924
0.2	0.019983	0.0394271	0.233085	0.0319827	-0.00546644	2.90592e-05	0.0103386	0.0742363	2.78281e-05	0.0361692	-0.101294	0.0243971	0.0411427	0.297884
0.225	0.0208888	0.0368803	0.233085	0.0319848	-0.00547213	2.88261e-05	0.0103407	0.0742306	2.76563e-05	0.0363812	-0.102709	0.0256681	0.0375821	0.297853
0.25	0.0217956	0.03431	0.233085	0.0319869	-0.00547786	2.86159e-05	0.0103429	0.0742249	2.75077e-05	0.0362557	-0.103181	0.0269408	0.0339893	0.297832
0.275	0.0226952	0.0317396	0.233085	0.0319891	-0.0054836	2.84309e-05	0.010345	0.0742191	2.73843e-05	0.0357963	-0.102709	0.0282037	0.0303969	0.29782
0.3	0.0235791	0.0291928	0.233085	0.0319912	-0.00548928	2.82723e-05	0.0103471	0.0742135	2.72867e-05	0.0350065	-0.101294	0.0294452	0.0268374	0.297818
0.325	0.0244392	0.0266931	0.233085	0.0319932	-0.00549486	2.81406e-05	0.0103492	0.0742079	2.72147e-05	0.0338898	-0.0989355	0.0306539	0.0233434	0.297826
0.35	0.0252675	0.024264	0.233085	0.0319952	-0.00550028	2.80352e-05	0.0103512	0.0742025	2.71672e-05	0.0324497	-0.0956333	0.0318184	0.0199475	0.297842
0.375	0.0260557	0.0219291	0.233085	0.0319971	-0.0055055	2.79532e-05	0.010348	0.0741996	3.01563e-05	0.0306899	-0.0913876	0.0329288	0.0166821	0.297864
0.4	0.0267961	0.0197119	0.233084	0.0319989	-0.00551045	2.78961e-05	0.01035	0.0741941	3.01512e-05	0.0286136	-0.0861983	0.0339711	0.0135807	0.297894
0.425	0.0274809	0.0176359	0.233084	0.0320005	-0.00551509	2.78594e-05	0.0103518	0.074189	3.01648e-05	0.0262246	-0.0800654	0.0349357	0.0106759	0.297928
0.45	0.0281021	0.0157247	0.233084	0.032002	-0.00551937	2.78398e-05	0.0103534	0.0741842	3.01931e-05	0.0235263	-0.072989	0.0358116	0.00800052	0.297965
0.475	0.0286522	0.0140018	0.233083	0.0320033	-0.00552322	2.7834e-05	0.0103549	0.07418	3.02314e-05	0.0205222	-0.0649691	0.0365877	0.00558778	0.298003
0.5	0.0291235	0.0124908	0.233083	0.0320045	-0.00552661	2.78382e-05	0.0103562	0.0741762	3.02751e-05	0.0172158	-0.0560055	0.0372532	0.00347086	0.29804
0	0.0291235	0.0124908	0.233083	0.0320045	-0.00552661	2.78382e-05	0.0103562	0.0741762	3.02751e-05	0.0219043	-0.0560028	0.0372532	0.00347086	0.29804
0.025	0.0296378	0.0112061	0.233083	0.0320057	-0.00552946	2.76285e-05	0.0104122	0.074173	0.000420922	0.0193992	-0.0471916	0.0379625	0.00167749	0.297939
0.05	0.0300958	0.0101267	0.233085	0.0320066	-0.00553184	2.70154e-05	0.01079	0.0741701	0.00155455	0.0173525	-0.0394954	0.0385166	0.000186363	0.297583
0.075	0.0305086	0.00922736	0.233089	0.0320072	-0.00553379	2.60589e-05	0.0117799	0.0741674	0.00332019	0.0157157	-0.0327325	0.0388739	-0.00103867	0.297008
0.1	0.0308862	0.00848667	0.233093	0.0320074	-0.00553537	2.48541e-05	0.0136123	0.0741646	0.00554503	0.0144503	-0.0267429	0.0390058	-0.00202977	0.296273
0.125	0.0312375	0.00788721	0.233098	0.0320073	-0.00553663	2.35232e-05	0.0164353	0.0741616	0.00801129	0.0135264	-0.0213853	0.0389016	-0.00281571	0.295455
0.15	0.0315227	0.00749941	0.232516	0.0320066	-0.00553737	2.06175e-05	0.0202997	0.0741586	0.0104758	0.012922	-0.0165329	0.0384911	-0.00328248	0.293656
0.175	0.0318526	0.00714377	0.232527	0.0320057	-0.0055381	1.94682e-05	0.0251616	0.0741563	0.0127009	0.012623	-0.0120712	0.0379692	-0.00373106	0.292941
0.2	0.0321808	0.00689545	0.232535	0.0320046	-0.00553861	1.85965e-05	0.0308606	0.0741526	0.0144672	0.0126222	-0.00789467	0.0372936	-0.0040417	0.292395
0.225	0.0325141	0.0067487	0.23254	0.0320034	-0.00553894	1.8103e-05	0.0371721	0.0741487	0.0156013	0.0129196	-0.0039047	0.036517	-0.00422869	0.29208
0.25	0.0328593	0.0067001	0.232541	0.0320021	-0.00553908	1.80488e-05	0.0438055	0.0741448	0.0159924	0.0135223	-6.98594e-06	0.0357001	-0.00430044	0.292035
0.275	0.0332232	0.00674853	0.232538	0.0320008	-0.00553904	1.84469e-05	0.050439	0.0741411	0.0156021	0.0144446	0.00389056	0.0349077	-0.00425895	0.292269
0.3	0.0336135	0.0068951	0.232531	0.0319997	-0.00553882	1.92603e-05	0.0567507	0.0741378	0.0144687	0.0157081	0.00788004	0.0342058	-0.00409965	0.29276
0.325	0.034038	0.00714319	0.232521	0.0319988	-0.00553838	2.0407e-05	0.0624501	0.074135	0.0127031	0.0173427	0.0120557	0.0336587	-0.00381203	0.293458
0.35	0.0344903	0.00741355	0.2331	0.0319983	-0.00553795	2.33716e-05	0.0673067	0.0741327	0.0104797	0.0193872	0.0165162	0.0332986	-0.00352108	0.295285
0.375	0.0350081	0.00788548	0.233095	0.0319981	-0.005537	2.48393e-05	0.0711726	0.0741315	0.00801324	0.0218897	0.021367	0.0332215	-0.00292533	0.296187
0.4	0.0355935	0.00848445	0.23309	0.0319985	-0.00553575	2.62478e-05	0.0739968	0.0741312	0.00554663	0.0249095	0.0267226	0.0334447	-0.00214399	0.297055
0.425	0.0362604	0.00922458	0.233086	0.0319994	-0.00553415	2.74635e-05	0.0758303	0.0741317	0.00332137	0.0285178	0.0327096	0.0339849	-0.00115228	0.297806
0.45	0.0370248	0.0101233	0.233082	0.0320007	-0.00553215	2.83736e-05	0.0768211	0.0741332	0.00155529	0.0327999	0.0394695	0.03484	7.73424e-05	0.298371
0.475	0.0379048	0.0112019	0.233081	0.0320025	-0.00552971	2.88961e-05	0.0771998	0.0741354	0.000421302	0.037857	0.047162	0.0359915	0.00157566	0.298696
0.5	0.0389216	0.0124858	0.233081	0.0320047	-0.00552676	2.89861e-05	0.0772568	0.0741384	3.04194e-05	0.0438086	0.0559689	0.0374101	0.00337753	0.298753
0	0.0389216	0.0124858	0.233081	0.0320047	-0.00552676	2.89861e-05	0.0772568	0.0741384	3.04194e-05	0.0438086	0.0559689	0.0374101	0.00337753	0.298753
0.025	0.0400921	0.0139958	0.233081	0.0320073	-0.00552329	2.88511e-05	0.0772593	0.0741418	3.02149e-05	0.049915	0.0649283	0.0390601	0.00550327	0.298668
0.05	0.0414066	0.0157175	0.233082	0.0320102	-0.00551933	2.87128e-05	0.0772622	0.0741458	2.99978e-05	0.0553481	0.0729445	0.0409121	0.00792512	0.298578
0.075	0.0428483	0.0176275	0.233083	0.0320134	-0.00551495	2.85778e-05	0.0772654	0.0741502	2.97759e-05	0.0601103	0.0800177	0.0429423	0.0106095	0.298484
0.1	0.0444005	0.0197022	0.233084	0.0320168	-0.00551019	2.84527e-05	0.0772688	0.074155	2.95566e-05	0.0642038	0.0861478	0.0451269	0.0135228	0.29839
0.125	0.0460465	0.0219181	0.233085	0.0320205	-0.00550511	2.83434e-05	0.0772724	0.0741601	2.93468e-05	0.0676311	0.0913347	0.0474425	0.0166318	0.298299
0.15	0.0477698	0.0242517	0.233085	0.0320243	-0.00549977	2.82552e-05	0.0772762	0.0741654	2.91529e-05	0.0703945	0.0955786	0.0498657	0.0199034	0.298214
0.175	0.0495537	0.0266794	0.233086	0.0320282	-0.00549422	2.81926e-05	0.0772801	0.074171	2.89803e-05	0.0724962	0.0988793	0.0523734	0.0233045	0.298137
0.2	0.0513818	0.0291777	0.233086	0.0320322	-0.00548852	2.81593e-05	0.0772841	0.0741767	2.88337e-05	0.0739388	0.101237	0.0549428	0.0268024	0.298069
0.225	0.0532378	0.0317231	0.233087	0.0320363	-0.00548271	2.81576e-05	0.0772882	0.0741825	2.87165e-05	0.0747245	0.102651	0.0575509	0.0303644	0.298013
0.25	0.0551052	0.034292	0.233087	0.0320404	-0.00547686	2.81889e-05	0.0772923	0.0741884	2.86311e-05	0.0748556	0.103123	0.060175	0.033958	0.297968
0.275	0.0569677	0.0368609	0.233087	0.0320446	-0.005471	2.82533e-05	0.0772964	0.0741943	2.85787e-05	0.0743345	0.102651	0.0627927	0.0375506	0.297937
0.3	0.0588091	0.0394063	0.233087	0.0320486	-0.00546521	2.83497e-05	0.0773004	0.0742001	2.85592e-05	0.0731636	0.101237	0.0653813	0.0411098	0.297919
0.325	0.0606131	0.0419047	0.233087	0.0320526	-0.00545952	2.84757e-05	0.0773044	0.0742058	2.85713e-05	0.0713452	0.0988787	0.0679183	0.0446032	0.297913
0.35	0.0623638	0.0443324	0.233087	0.0320565	-0.005454	2.8628e-05	0.0773083	0.0742113	2.86127e-05	0.0688816	0.0955777	0.0703813	0.0479984	0.297919
0.375	0.0640449	0.046666	0.233087	0.0320602	-0.00544869	2.88019e-05	0.077312	0.0742167	2.868e-05	0.0657752	0.0913337	0.0727478	0.0512626	0.297935
0.4	0.0656406	0.0488819	0.233086	0.0320637	-0.00544365	2.89919e-05	0.0773155	0.0742217	2.87685e-05	0.0620283	0.0861465	0.0749953	0.0543631	0.29796
0.425	0.0671347	0.0509567	0.233086	0.032067	-0.00543893	2.91917e-05	0.0773188	0.0742265	2.88732e-05	0.0576433	0.0800163	0.0771013	0.0572673	0.297991
0.45	0.0685115	0.0528667	0.233086	0.03207	-0.00543459	2.93943e-05	0.0773219	0.0742308	2.89881e-05	0.0526225	0.072943	0.0790432	0.059942	0.298028
0.475	0.0697552	0.0545885	0.233085	0.0320728	-0.00543067	2.95922e-05	0.0773247	0.0742348	2.91067e-05	0.0469683	0.0649266	0.0807984	0.0623543	0.298066
0.5	0.0708498	0.0560985	0.233085	0.0320752	-0.00542724	2.97776e-05	0.0773271	0.0742382	2.92224e-05	0.0406829	0.0559671	0.0823444	0.0644708	0.298104
0	0.0708498	0.0560985	0.233085	0.0320752	-0.00542724	2.97776e-05	0.0773271	0.0742382	2.92224e-05	0.0438086	0.0559689	0.0823444	0.0644708	0.298104
0.025	0.0718705	0.0573824	0.233085	0.0321522	-0.00542432	0.000420646	0.0773293	0.0742411	2.91126e-05	0.0381708	0.0471622	0.0837625	0.0662644	0.298007
0.05	0.0727626	0.0584611	0.233087	0.0326681	-0.00542196	0.00155465	0.0773311	0.0742436	2.8582e-05	0.0334349	0.0394699	0.0848922	0.0677558	0.297652
0.075	0.0735475	0.0593599	0.23309	0.0340194	-0.00542021	0.00332078	0.0773323	0.0742456	2.7686e-05	0.029489	0.0327102	0.0856843	0.0689807	0.297073
0.1	0.074244	0.0601	0.233094	0.0365206	-0.00541913	0.00554618	0.0773329	0.0742472	2.65157e-05	0.0262399	0.0267234	0.0861065	0.0699705	0.296324
0.125	0.0748688	0.060699	0.233099	0.0403737	-0.00541875	0.00801301	0.077333	0.0742485	2.51919e-05	0.0236107	0.0213679	0.0861507	0.0707537	0.295481
0.15	0.0753617	0.0610894	0.232519	0.0456481	-0.00541923	0.0104782	0.0773322	0.0742493	2.22673e-05	0.0215395	0.0165174	0.0857135	0.0712207	0.293648
0.175	0.0758944	0.0614446	0.23253	0.0522747	-0.0054202	0.0127036	0.0773312	0.0742501	2.10812e-05	0.0199771	0.0120572	0.0850987	0.0716634	0.292892
0.2	0.076397	0.0616927	0.232538	0.0600514	-0.00542175	0.0144698	0.0773298	0.0742506	2.01649e-05	0.0188868	0.00788181	0.0842377	0.0719681	0.292302
0.225	0.07688	0.0618389	0.232543	0.0686699	-0.00543813	0.0156043	0.0773281	0.0742508	1.96313e-05	0.0182428	0.00389269	0.0832082	0.0721524	0.291951
0.25	0.0773533	0.0618872	0.232544	0.0777232	-0.00544053	0.0159954	0.0773263	0.0742509	1.95551e-05	0.0180298	-4.46507e-06	0.0820961	0.0722213	0.291886
0.275	0.0778266	0.0618384	0.23254	0.0867765	-0.00544314	0.015605	0.0773245	0.0742508	1.99539e-05	0.0182428	-0.00390172	0.0809883	0.0721798	0.292118
0.3	0.0783092	0.0616915	0.232533	0.0953905	-0.00544586	0.0144714	0.0773229	0.0742505	2.07887e-05	0.0188868	-0.00789117	0.0799716	0.0720232	0.292624
0.325	0.0788113	0.0614432	0.232523	0.103169	-0.00544856	0.0127054	0.0773216	0.07425	2.19686e-05	0.0199771	-0.0120671	0.0791294	0.0717401	0.293351
0.35	0.0793433	0.0610875	0.23251	0.109797	-0.00545117	0.01048	0.0773207	0.0742492	2.3365e-05	0.0215395	-0.0165281	0.0785378	0.0713138	0.29422
0.375	0.0798978	0.0606974	0.233095	0.115073	-0.0054535	0.00801448	0.0773202	0.0742484	2.64553e-05	0.0236107	-0.0213796	0.0782262	0.0708584	0.296144
0.4	0.0805222	0.0600981	0.23309	0.118927	-0.00545585	0.00554735	0.0773204	0.0742471	2.78593e-05	0.0262399	-0.0267363	0.0782954	0.0700803	0.297039
0.425	0.0812185	0.0593576	0.233086	0.121428	-0.00545809	0.00332159	0.0773211	0.0742455	2.90424e-05	0.029489	-0.0327248	0.0787394	0.0690902	0.297808
0.45	0.0820032	0.0584584	0.233083	0.12278	-0.00546033	0.00155509	0.0773225	0.0742435	2.98909e-05	0.0334349	-0.0394865	0.0795482	0.067861	0.298382
0.475	0.0828952	0.0573794	0.233081	0.123296	-0.00546267	0.000420791	0.0773244	0.0742412	3.03251e-05	0.0381708	-0.0471811	0.0806878	0.0663622	0.298711
0.5	0.0839159	0.056095	0.233081	0.123373	-0.00546528	2.97373e-05	0.0773267	0.0742383	3.03037e-05	0.0438086	-0.0559906	0.0821079	0.0645595	0.298768
0	0.0839159	0.056095	0.233081	0.123373	-0.00546528	2.97373e-05	0.0773267	0.0742383	3.03037e-05	0.0438086	-0.0559906	0.0821079	0.0645595	0.298768
0.025	0.0850829	0.0545844	0.233081	0.123375	-0.00546831	2.94321e-05	0.0773294	0.074235	3.00373e-05	0.0496486	-0.0649527	0.0837534	0.062433	0.298684
0.05	0.0863884	0.052862	0.233082	0.123378	-0.00547176	2.90996e-05	0.0773324	0.0742311	2.97499e-05	0.0549043	-0.0729714	0.085593	0.0600102	0.298593
0.075	0.0878177	0.0509514	0.233083	0.123381	-0.00547558	2.87482e-05	0.0773358	0.0742269	2.94499e-05	0.0595734	-0.0800468	0.0876061	0.0573249	0.2985
0.1	0.0893561	0.0488759	0.233084	0.123384	-0.00547974	2.83864e-05	0.0773393	0.0742223	2.91456e-05	0.0636537	-0.0861788	0.0897718	0.0544104	0.298407
0.125	0.090989	0.0466592	0.233084	0.123387	-0.00548417	2.80221e-05	0.0773431	0.0742173	2.8845e-05	0.0671427	-0.0913675	0.0920694	0.0513002	0.298317
0.15	0.0927016	0.0443248	0.233085	0.123391	-0.00548883	2.76628e-05	0.0773471	0.0742122	2.85552e-05	0.0700381	-0.0956127	0.094478	0.0480273	0.298232
0.175	0.094479	0.0418962	0.233086	0.123395	-0.00549368	2.73151e-05	0.0773512	0.0742068	2.82828e-05	0.0723376	-0.0989146	0.0969769	0.0446248	0.298155
0.2	0.0963062	0.039397	0.233086	0.123386	-0.00548956	2.99816e-05	0.0773554	0.0742012	2.80321e-05	0.0740388	-0.101273	0.0995473	0.0411237	0.298087
0.225	0.0981685	0.0368507	0.233087	0.123391	-0.00549521	2.964e-05	0.0773598	0.0741956	2.781e-05	0.0751394	-0.102688	0.102165	0.0375603	0.298031
0.25	0.100051	0.0342809	0.233087	0.123395	-0.0055009	2.93278e-05	0.0773641	0.0741899	2.76186e-05	0.075637	-0.10316	0.10481	0.0339652	0.297987
0.275	0.101938	0.0317111	0.233087	0.123399	-0.00550659	2.90483e-05	0.0773685	0.0741842	2.74601e-05	0.0755293	-0.102688	0.107462	0.0303711	0.297955
0.3	0.103815	0.0291647	0.233087	0.123404	-0.00551223	2.88015e-05	0.0773696	0.0741828	3.03705e-05	0.074814	-0.101273	0.110101	0.0268096	0.297935
0.325	0.105666	0.0266655	0.233087	0.123408	-0.00551777	2.85926e-05	0.0773743	0.0741767	3.02698e-05	0.0734887	-0.098915	0.112705	0.0233147	0.297929
0.35	0.107477	0.0242369	0.233087	0.123412	-0.00552315	2.84189e-05	0.077379	0.0741707	3.0205e-05	0.071551	-0.0956133	0.115252	0.0199181	0.297935
0.375	0.109231	0.0219024	0.233087	0.123416	-0.00552832	2.82794e-05	0.0773835	0.0741649	3.01736e-05	0.0689986	-0.0913681	0.117722	0.0166525	0.297951
0.4	0.110914	0.0196856	0.233086	0.12342	-0.00553323	2.81715e-05	0.0773879	0.0741595	3.01718e-05	0.0658292	-0.0861796	0.120092	0.0135505	0.297976
0.425	0.112511	0.0176101	0.233086	0.123424	-0.00553783	2.80921e-05	0.077392	0.0741544	3.0195e-05	0.0620404	-0.0800477	0.122342	0.0106449	0.298008
0.45	0.114005	0.0156993	0.233085	0.123427	-0.00554206	2.80375e-05	0.0773959	0.0741496	3.02377e-05	0.0576299	-0.0729724	0.124449	0.00796882	0.298044
0.475	0.115381	0.0139768	0.233085	0.123431	-0.00554588	2.80031e-05	0.0773994	0.0741454	3.0294e-05	0.0525953	-0.0649537	0.126391	0.00555526	0.298084
0.5	0.116624	0.0124662	0.233084	0.123433	-0.00554923	2.79845e-05	0.0774026	0.0741417	3.03576e-05	0.0469343	-0.0559917	0.128146	0.00343748	0.298123
0	0.116624	0.0124662	0.233084	0.123433	-0.00554923	2.79845e-05	0.0774026	0.0741417	3.03576e-05	0.0438086	-0.0559906	0.128146	0.00343748	0.298123
0.025	0.117641	0.0111817	0.233085	0.123436	-0.00555207	2.77657e-05	0.0774619	0.0741385	0.000421028	0.037857	-0.047181	0.129562	0.00164307	0.298027
0.05	0.118521	0.0101026	0.233087	0.123438	-0.00555442	2.71448e-05	0.0778545	0.0741358	0.00155467	0.0327999	-0.0394862	0.1307	0.000151078	0.297674
0.075	0.119285	0.00920346	0.23309	0.123439	-0.00555636	2.6176e-05	0.0788813	0.0741334	0.0033203	0.0285178	-0.0327244	0.13153	-0.00107417	0.297097
0.1	0.119953	0.00846297	0.233094	0.12344	-0.00555792	2.49486e-05	0.0807813	0.0741312	0.00554509	0.0249095	-0.0267359	0.132033	-0.00206431	0.296353
0.125	0.120539	0.00786368	0.233099	0.12344	-0.00555917	2.358e-05	0.0837079	0.0741291	0.00801127	0.0218897	-0.021379	0.132209	-0.00284758	0.295516
0.15	0.121057	0.00739148	0.233104	0.12344	-0.00556013	2.22047e-05	0.0877139	0.0741271	0.0104774	0.0193872	-0.0165273	0.132076	-0.00344926	0.294668
0.175	0.121446	0.00712037	0.232529	0.123439	-0.00556061	1.93978e-05	0.0927463	0.0741253	0.0127004	0.0173427	-0.0120661	0.131552	-0.00375111	0.292927
0.2	0.121872	0.00687216	0.232538	0.123438	-0.00556111	1.84332e-05	0.0986523	0.0741233	0.0144661	0.0157081	-0.00789003	0.130945	-0.00405256	0.292325
0.225	0.122263	0.00672551	0.232543	0.123437	-0.00556141	1.78342e-05	0.105193	0.0741214	0.0155997	0.0144446	-0.00390036	0.130185	-0.00422882	0.291945
0.25	0.122628	0.00667698	0.232544	0.123435	-0.00556154	1.76699e-05	0.112067	0.0741195	0.0159905	0.0135223	-2.85385e-06	0.129341	-0.00428933	0.291832
0.275	0.122974	0.00672557	0.232541	0.123434	-0.00556149	1.79629e-05	0.118948	0.0741193	0.0156009	0.0129196	0.00389459	0.128481	-0.00423737	0.292001
0.3	0.123307	0.00687223	0.232535	0.123433	-0.00556125	1.86855e-05	0.12549	0.0741179	0.0144673	0.0126222	0.00788405	0.127673	-0.00406909	0.292435
0.325	0.123635	0.00712043	0.232525	0.123432	-0.0055608	1.97621e-05	0.131397	0.0741169	0.0127016	0.012623	0.0120598	0.126976	-0.00377492	0.293088
0.35	0.123965	0.00747593	0.232513	0.123431	-0.00556013	2.10802e-05	0.136431	0.0741164	0.0104765	0.012922	0.0165205	0.126445	-0.00333977	0.293892
0.375	0.124311	0.00786321	0.233096	0.12343	-0.00555943	2.41195e-05	0.140437	0.0741161	0.00801155	0.0135264	0.0213715	0.126131	-0.00288283	0.295764
0.4	0.124662	0.00846232	0.233091	0.12343	-0.00555819	2.55288e-05	0.143364	0.0741167	0.00554491	0.0144503	0.0267276	0.126031	-0.00210249	0.296627
0.425	0.12504	0.0092026	0.233086	0.12343	-0.00555661	2.67645e-05	0.145264	0.0741178	0.00331966	0.0157157	0.0327151	0.126171	-0.00111349	0.297385
0.45	0.125452	0.0101015	0.233083	0.123431	-0.00555463	2.77101e-05	0.14629	0.0741195	0.00155363	0.0173525	0.0394756	0.126537	0.000112231	0.297964
0.475	0.12591	0.0111803	0.233081	0.123432	-0.00555221	2.82794e-05	0.146681	0.0741219	0.000419706	0.0193992	0.0471689	0.127098	0.00160593	0.298309
0.5	0.126424	0.0124644	0.233081	0.123433	-0.0055493	2.84239e-05	0.146739	0.0741248	2.89056e-05	0.0219043	0.0559767	0.127808	0.00340282	0.29839
0	0.126424	0.0124644	0.233081	0.123433	-0.0055493	2.84239e-05	0.146739	0.0741248	2.89056e-05	0.0219043	0.0559767	0.127808	0.00340282	0.29839
0.025	0.127004	0.0139746	0.233081	0.123434	-0.00554586	2.83492e-05	0.14674	0.0741282	2.87944e-05	0.0245502	0.0649371	0.128623	0.00552334	0.298331
0.05	0.127648	0.0156966	0.233082	0.123436	-0.00554195	2.82757e-05	0.146742	0.0741321	2.86794e-05	0.0269786	0.0729542	0.129527	0.00793982	0.298269
0.075	0.128349	0.0176069	0.233082	0.123437	-0.0055376	2.82077e-05	0.146743	0.0741365	2.85656e-05	0.0291848	0.0800282	0.130512	0.0106189	0.298204
0.1	0.129102	0.0196819	0.233083	0.123439	-0.00553289	2.81496e-05	0.146745	0.0741412	2.84578e-05	0.0311642	0.086159	0.13157	0.0135272	0.29814
0.125	0.129902	0.021898	0.233084	0.12344	-0.00552786	2.81052e-05	0.146746	0.0741462	2.83604e-05	0.032912	0.0913465	0.132693	0.0166317	0.298079
0.15	0.130742	0.0242319	0.233084	0.123442	-0.00552257	2.80783e-05	0.146748	0.0741515	2.82775e-05	0.0344236	0.0955909	0.133873	0.0198992	0.298023
0.175	0.131618	0.0266599	0.233084	0.123444	-0.00551706	2.80715e-05	0.14675	0.074157	2.82123e-05	0.0356943	0.098892	0.135101	0.0232969	0.297972
0.2	0.132522	0.0291585	0.233085	0.123446	-0.0055114	2.80872e-05	0.146752	0.0741627	2.81677e-05	0.0367193	0.10125	0.13637	0.0267919	0.297928
0.225	0.133448	0.0317042	0.233085	0.123448	-0.00550564	2.81268e-05	0.146754	0.0741685	2.81456e-05	0.0374941	0.102665	0.13767	0.0303517	0.297893
0.25	0.13439	0.0342734	0.233085	0.12345	-0.00549982	2.8191e-05	0.146756	0.0741743	2.81472e-05	0.0380139	0.103136	0.138993	0.0339435	0.297868
0.275	0.135343	0.0368427	0.233085	0.123452	-0.00549401	2.82795e-05	0.146758	0.0741801	2.81727e-05	0.038274	0.102665	0.14033	0.0375347	0.297852
0.3	0.136298	0.0393884	0.233085	0.123454	-0.00548825	2.83911e-05	0.14676	0.0741859	2.82216e-05	0.0382697	0.10125	0.141672	0.0410929	0.297845
0.325	0.13725	0.041887	0.233085	0.123456	-0.0054826	2.85239e-05	0.146762	0.0741916	2.82923e-05	0.0379964	0.0988918	0.143009	0.0445855	0.297847
0.35	0.138192	0.044315	0.233085	0.123458	-0.00547711	2.86748e-05	0.146764	0.0741971	2.83825e-05	0.0374493	0.0955905	0.144333	0.0479799	0.297858
0.375	0.139116	0.0466489	0.233085	0.12346	-0.00547184	2.88402e-05	0.146766	0.0742023	2.84891e-05	0.0366238	0.0913461	0.145633	0.0512434	0.297877
0.4	0.140017	0.0488651	0.233085	0.123462	-0.00546682	2.90157e-05	0.146768	0.0742074	2.86081e-05	0.0355152	0.0861585	0.1469	0.0543432	0.297902
0.425	0.140886	0.0509401	0.233084	0.123464	-0.00546213	2.91962e-05	0.14677	0.0742121	2.87351e-05	0.0341187	0.0800276	0.148124	0.0572465	0.297932
0.45	0.141717	0.0528504	0.233084	0.123466	-0.00545781	2.93759e-05	0.146772	0.0742164	2.88649e-05	0.0324298	0.0729536	0.149294	0.0599202	0.297964
0.475	0.142502	0.0545724	0.233084	0.123468	-0.00545391	2.9549e-05	0.146773	0.0742203	2.89921e-05	0.0304437	0.0649364	0.150399	0.0623314	0.297998
0.5	0.143233	0.0560827	0.233083	0.123469	-0.00545049	2.97091e-05	0.146775	0.0742237	2.91111e-05	0.0281557	0.055976	0.151431	0.0644469	0.29803
0	0.143233	0.0560827	0.233083	0.123469	-0.00545049	2.97091e-05	0.146775	0.0742237	2.91111e-05	0.0219043	0.0559767	0.151431	0.0644469	0.29803
0.025	0.14374	0.0573668	0.233084	0.123489	-0.00544758	0.000420558	0.146776	0.0742266	2.90106e-05	0.0187716	0.047169	0.152136	0.0662394	0.297929
0.05	0.144174	0.0584456	0.233086	0.12362	-0.00544515	0.00155455	0.146777	0.0742291	2.84883e-05	0.0160824	0.0394758	0.152706	0.06773	0.297572
0.075	0.144546	0.0593445	0.233089	0.123962	-0.00544319	0.00332069	0.146778	0.0742311	2.76052e-05	0.0137733	0.0327153	0.153137	0.068955	0.296995
0.1	0.144865	0.0600848	0.233094	0.124596	-0.0054417	0.00554612	0.146778	0.0742327	2.64565e-05	0.0117895	0.0267279	0.153427	0.0699463	0.296259
0.125	0.145139	0.0606839	0.233098	0.125571	-0.00544066	0.008013	0.146778	0.074234	2.51625e-05	0.0100844	0.0213719	0.15358	0.0707323	0.295436
0.15	0.145315	0.0610744	0.232518	0.126906	-0.00544023	0.0104783	0.146778	0.0742349	2.22681e-05	0.00861746	0.016521	0.153513	0.0712029	0.293626
0.175	0.145518	0.0614298	0.232529	0.128584	-0.00544007	0.0127037	0.146778	0.0742356	2.11038e-05	0.00735418	0.0120604	0.153433	0.0716489	0.29289
0.2	0.145692	0.061678	0.232538	0.130552	-0.00544028	0.0144698	0.146778	0.0742361	2.01803e-05	0.00626466	0.00788478	0.153266	0.0719545	0.292306
0.225	0.145842	0.0618243	0.232543	0.132737	-0.0054552	0.0156042	0.146777	0.0742364	1.95926e-05	0.00532316	0.00389546	0.153032	0.0721352	0.291933
0.25	0.14597	0.0618728	0.232545	0.135029	-0.00545607	0.015995	0.146777	0.0742365	1.9404e-05	0.00450744	-1.82404e-06	0.152757	0.0721947	0.29181
0.275	0.146079	0.0618242	0.232543	0.13732	-0.00545717	0.0156043	0.146776	0.0742364	1.9634e-05	0.00379822	-0.00389915	0.152465	0.0721382	0.29195
0.3	0.146171	0.0616775	0.232537	0.1395	-0.00545844	0.0144702	0.146776	0.0742361	2.02601e-05	0.00317875	-0.0078886	0.152177	0.0719626	0.29234
0.325	0.146248	0.0614292	0.232527	0.141469	-0.00545986	0.0127038	0.146776	0.0742356	2.12188e-05	0.00263439	-0.0120644	0.151912	0.0716596	0.292939
0.35	0.146311	0.0610737	0.232516	0.143147	-0.00546138	0.010478	0.146775	0.0742348	2.24126e-05	0.00215227	-0.0165254	0.151686	0.0712157	0.293689
0.375	0.146396	0.0606833	0.233097	0.144482	-0.00546285	0.00801211	0.146775	0.074234	2.53331e-05	0.001721	-0.0213767	0.151564	0.0707469	0.295512
0.4	0.146435	0.0600841	0.233092	0.145457	-0.00546457	0.00554474	0.146775	0.0742327	2.66397e-05	0.0013304	-0.0267332	0.151439	0.0699618	0.296343
0.425	0.146464	0.0593436	0.233088	0.14609	-0.00546642	0.00331887	0.146775	0.074231	2.77908e-05	0.000971233	-0.0327213	0.151365	0.0689707	0.297084
0.45	0.146484	0.0584445	0.233084	0.146432	-0.00546845	0.00155236	0.146775	0.0742291	2.86661e-05	0.000635014	-0.0394825	0.151333	0.0677454	0.297662
0.475	0.146496	0.0573654	0.233082	0.146562	-0.00547073	0.000418135	0.146775	0.0742266	2.91714e-05	0.0003138	-0.0471767	0.151329	0.0662536	0.298017
0.5	0.1465	0.0560813	0.233082	0.146574	-0.0054604	3.02251e-05	0.146775	0.0742238	2.92467e-05	-8.32667e-17	-0.0559856	0.151332	0.0644576	0.298113
0	0.1465	0.0560813	0.233082	0.146574	-0.0054604	3.02251e-05	0.146775	0.0742238	2.92467e-05	-8.32667e-17	-0.0559856	0.151332	0.0644576	0.298113
0.025	0.146497	0.0545708	0.233082	0.146574	-0.00546379	3.00426e-05	0.146775	0.0742204	2.90902e-05	-0.000281704	-0.064947	0.151325	0.0623407	0.298072
0.05	0.146487	0.0528485	0.233083	0.146574	-0.00546766	2.98441e-05	0.146775	0.0742165	2.89213e-05	-0.000503237	-0.0729652	0.15131	0.059928	0.298029
0.075	0.146472	0.0509379	0.233083	0.146574	-0.00547195	2.96355e-05	0.146775	0.0742122	2.87456e-05	-0.000666946	-0.0800401	0.151287	0.0572527	0.297987
0.1	0.146454	0.0488626	0.233084	0.146574	-0.00547661	2.94228e-05	0.146775	0.0742075	2.85685e-05	-0.000775173	-0.0861717	0.15126	0.0543479	0.297945
0.125	0.146434	0.0466461	0.233084	0.146574	-0.00548159	2.92114e-05	0.146775	0.0742025	2.83952e-05	-0.000830264	-0.0913599	0.15123	0.0512466	0.297908
0.15	0.146413	0.0443119	0.233084	0.146574	-0.00548683	2.90063e-05	0.146775	0.0741973	2.82302e-05	-0.000834561	-0.0956048	0.1512	0.047982	0.297875
0.175	0.146393	0.0418835	0.233084	0.146574	-0.00549228	2.8812e-05	0.146775	0.0741918	2.80776e-05	-0.000790411	-0.0989065	0.15117	0.0445866	0.297848
0.2	0.146374	0.0393845	0.233085	0.146574	-0.0054979	2.86325e-05	0.146775	0.0741862	2.7941e-05	-0.000700156	-0.101265	0.151143	0.0410934	0.297828
0.225	0.146358	0.0368384	0.233085	0.146574	-0.00550362	2.84709e-05	0.146775	0.0741805	2.7823e-05	-0.000566142	-0.10268	0.15112	0.0375349	0.297817
0.25	0.146346	0.0342689	0.233085	0.146574	-0.00550939	2.83294e-05	0.146775	0.0741747	2.77256e-05	-0.000390712	-0.103151	0.151103	0.0339438	0.297814
0.275	0.146339	0.0316993	0.233085	0.146574	-0.00551516	2.82096e-05	0.146776	0.0741689	2.76499e-05	-0.000176211	-0.10268	0.151093	0.0303527	0.297819
0.3	0.146337	0.0291532	0.233085	0.146574	-0.00552088	2.81123e-05	0.146776	0.0741632	2.75962e-05	7.50168e-05	-0.101265	0.151092	0.0267941	0.297833
0.325	0.146343	0.0266542	0.233084	0.146574	-0.0055265	2.80374e-05	0.146776	0.0741576	2.75641e-05	0.000360627	-0.0989066	0.1511	0.0233007	0.297855
0.35	0.146356	0.0242259	0.233084	0.146574	-0.00553196	2.79839e-05	0.146776	0.0741521	2.75522e-05	0.000678277	-0.0956051	0.151119	0.0199051	0.297884
0.375	0.146377	0.0218916	0.233084	0.146575	-0.00553721	2.79503e-05	0.146776	0.0741469	2.75585e-05	0.00102562	-0.0913602	0.15115	0.0166401	0.297919
0.4	0.146407	0.0196751	0.233083	0.146575	-0.0055422	2.79344e-05	0.146776	0.0741419	2.75805e-05	0.00140031	-0.086172	0.151194	0.0135386	0.297958
0.425	0.146447	0.0175998	0.233083	0.146575	-0.00554687	2.79334e-05	0.146776	0.0741372	2.7615e-05	0.00180001	-0.0800405	0.151252	0.0106335	0.298
0.45	0.146497	0.0156892	0.233082	0.146575	-0.00555117	2.79441e-05	0.146777	0.0741329	2.76584e-05	0.00222237	-0.0729656	0.151324	0.00795782	0.298044
0.475	0.146558	0.0139669	0.233082	0.146575	-0.00555505	2.79629e-05	0.146777	0.074129	2.77066e-05	0.00266505	-0.0649475	0.151411	0.00554484	0.298087
0.5	0.14663	0.0124564	0.233082	0.146576	-0.00555845	2.79861e-05	0.146777	0.0741256	2.77556e-05	0.0031257	-0.055986	0.151514	0.00342774	0.298127
0	0.14663	0.0124564	0.233082	0.146576	-0.00555845	2.79861e-05	0.146777	0.0741256	2.77556e-05	-8.32667e-17	-0.0559856	0.151514	0.00342774	0.298127
0.025	0.14663	0.0111721	0.233082	0.146576	-0.00556133	2.78009e-05	0.146777	0.0741206	0.000418507	-6.45374e-17	-0.0471767	0.151513	0.00163434	0.298032
0.05	0.14663	0.0100931	0.233084	0.146576	-0.00556372	2.7207e-05	0.146776	0.0741036	0.00155241	-4.73331e-17	-0.0394825	0.151509	0.000145657	0.297679
0.075	0.14663	0.00919398	0.233088	0.146576	-0.00556567	2.62641e-05	0.146773	0.0740631	0.00331848	-3.12471e-17	-0.0327212	0.151501	-0.00107232	0.297107
0.1	0.14663	0.00845348	0.233092	0.146576	-0.00556724	2.5067e-05	0.146767	0.0739901	0.00554383	-1.58994e-17	-0.026733	0.15149	-0.00205003	0.296376
0.125	0.14663	0.00785413	0.233097	0.146576	-0.00556846	2.37352e-05	0.146759	0.0738789	0.00801065	-9.27366e-19	-0.0213765	0.151479	-0.00281503	0.295558
0.15	0.146599	0.00746585	0.232515	0.146576	-0.00556914	2.08126e-05	0.146747	0.0737277	0.0104759	1.40227e-17	-0.016525	0.151417	-0.00325336	0.293753
0.175	0.1466	0.00710982	0.232526	0.146576	-0.00556979	1.96293e-05	0.146732	0.0735379	0.0127012	2.93042e-17	-0.0120641	0.151407	-0.00366416	0.293024
0.2	0.1466	0.00686103	0.232535	0.146576	-0.00557021	1.86943e-05	0.146715	0.0733154	0.0144673	4.5278e-17	-0.00788814	0.151401	-0.00392857	0.292447
0.225	0.1466	0.00671372	0.232541	0.146576	-0.00557042	1.81012e-05	0.146696	0.0730694	0.0156012	6.23217e-17	-0.00389859	0.151398	-0.00406131	0.292081
0.25	0.1466	0.00666451	0.232543	0.146576	-0.00557044	1.79099e-05	0.146676	0.072811	0.0159919	8.08379e-17	-1.16584e-06	0.151399	-0.0040724	0.291963
0.275	0.1466	0.00671232	0.232542	0.146576	-0.00557027	1.81405e-05	0.146656	0.0725527	0.0156012	1.01264e-16	0.00389623	0.151405	-0.00396662	0.292105
0.3	0.1466	0.00685828	0.232536	0.146576	-0.00556991	1.87709e-05	0.146637	0.0723073	0.0144674	1.24083e-16	0.00788569	0.151415	-0.00374317	0.292493
0.325	0.146599	0.00710585	0.232527	0.146576	-0.00556936	1.97395e-05	0.14662	0.0720858	0.0127013	1.49834e-16	0.0120615	0.151428	-0.00339575	0.29309
0.35	0.146599	0.00746082	0.232516	0.146576	-0.00556859	2.09512e-05	0.146606	0.0718975	0.010476	1.79125e-16	0.0165223	0.151444	-0.00291286	0.293836
0.375	0.14663	0.00785156	0.233098	0.146576	-0.00556781	2.38948e-05	0.146594	0.0717477	0.00801081	2.12648e-16	0.0213734	0.151511	-0.0024102	0.295654
0.4	0.14663	0.0084506	0.233093	0.146576	-0.00556651	2.52433e-05	0.146586	0.071639	0.00554401	2.51196e-16	0.0267296	0.151526	-0.00160045	0.296481
0.425	0.14663	0.00919086	0.233088	0.146576	-0.0055649	2.6452e-05	0.146581	0.0715693	0.00331866	2.9568e-16	0.0327173	0.151538	-0.000592655	0.29722
0.45	0.14663	0.0100898	0.233085	0.146576	-0.00556292	2.74024e-05	0.146578	0.0715327	0.00155261	3.47149e-16	0.0394781	0.151548	0.000642375	0.297796
0.475	0.14663	0.0111686	0.233083	0.146576	-0.00556052	2.80015e-05	0.146576	0.0715204	0.000418712	4.06821e-16	0.0471717	0.151553	0.00213816	0.298151
0.5	0.14663	0.0124529	0.233082	0.146576	-0.00555764	2.8191e-05	0.146576	0.0715212	2.79679e-05	4.76106e-16	0.0559799	0.151554	0.00393289	0.298249
0	0.14663	0.0124529	0.233082	0.146576	-0.00555764	2.8191e-05	0.146576	0.0715212	2.79679e-05	4.76106e-16	0.0559799	0.151554	0.00393289	0.298249
0.025	0.14663	0.0139628	0.233083	0.146576	-0.00555423	2.81683e-05	0.146576	0.0715246	2.79227e-05	5.47182e-16	0.0649003	0.151552	0.00604969	0.29821
0.05	0.14663	0.0156827	0.233083	0.146576	-0.00555036	2.81513e-05	0.146576	0.0715285	2.78803e-05	6.1116e-16	0.0728008	0.151551	0.00845966	0.298169
0.075	0.14663	0.0175869	0.233084	0.146575	-0.00554607	2.81438e-05	0.146576	0.0715328	2.78445e-05	6.6801e-16	0.0796877	0.151549	0.011127	0.298128
