time	COG_x	COG_y	COG_z	Pr_x	Pr_y	Pr_z	Pl_x	Pl_y	Pl_z	BODY_x	BODY_y	BODY_z	BODY_vx	BODY_vy	BODY_vz	BODY_ax	BODY_ay	BODY_az	COG_vx	COG_vy	COG_vz	COG_ax	COG_ay	COG_az	
0.025	-4.9799e-05	0.00898001	0.222559	-7.45451e-05	1.13602e-05	-2.07748e-07	-7.3814e-05	0.0812146	-2.86216e-07	0.00475392	-0.00356089	0.280792	0	0	0	0	0	0	0	0.000797862	0	0	0.032175	0	
0.05	-4.97973e-05	0.00900996	0.222559	-7.45466e-05	1.14277e-05	-2.09443e-07	-7.38156e-05	0.0812147	-2.88477e-07	0.00475387	-0.00351916	0.28079	-2.16235e-06	0.00166911	-5.28081e-05	-8.64942e-05	0.0667642	-0.00211232	0	0.00161533	0	0	0.0333562	0	
0.075	-4.97944e-05	0.00906069	0.222559	-7.45492e-05	1.15421e-05	-2.12307e-07	-7.38182e-05	0.0812148	-2.92301e-07	0.00475378	-0.00344848	0.280788	-3.65858e-06	0.00282733	-8.93496e-05	-5.98491e-05	0.046329	-0.00146166	0	0.0024725	0	0	0.0353572	0	
0.1	-4.97902e-05	0.00913345	0.222559	-7.45529e-05	1.17062e-05	-2.16399e-07	-7.38221e-05	0.081215	-2.97769e-07	0.00475365	-0.00334711	0.280785	-5.23775e-06	0.00405495	-0.000127919	-6.31668e-05	0.049105	-0.00154277	0	0.00339043	0	0	0.0382271	0	
0.125	-4.97847e-05	0.00923003	0.222559	-7.45578e-05	1.19239e-05	-2.21804e-07	-7.38272e-05	0.0812152	-3.05001e-07	0.00475347	-0.00321256	0.280781	-6.93493e-06	0.0053821	-0.000169374	-6.78872e-05	0.0530859	-0.00165819	0	0.00439168	0	0	0.0420364	0	
0.15	-4.97777e-05	0.0093528	0.222559	-7.4564e-05	1.22007e-05	-2.28631e-07	-7.38337e-05	0.0812155	-3.14149e-07	0.00475325	-0.00304152	0.280775	-8.78702e-06	0.00684133	-0.000214617	-7.40835e-05	0.0583693	-0.00180972	0	0.00550085	0	0	0.0468788	0	
0.175	-4.9769e-05	0.00950478	0.222559	-7.45717e-05	1.25433e-05	-2.37013e-07	-7.38417e-05	0.0812158	-3.25405e-07	0.00475298	-0.00282981	0.280769	-1.08332e-05	0.00846844	-0.000264606	-8.1846e-05	0.0650841	-0.00199959	0	0.00674521	0	0	0.0528733	0	
0.2	-4.97586e-05	0.0096897	0.22256	-7.45811e-05	1.29602e-05	-2.47108e-07	-7.38515e-05	0.0812162	-3.38998e-07	0.00475265	-0.00257223	0.280761	-1.31151e-05	0.0103033	-0.000320365	-9.12779e-05	0.0733945	-0.00223034	0	0.00815533	0	0	0.0601671	0	
0.225	-4.97461e-05	0.00991211	0.22256	-7.45924e-05	1.34616e-05	-2.591e-07	-7.38632e-05	0.0812167	-3.55196e-07	0.00475226	-0.00226246	0.280751	-1.56773e-05	0.0123909	-0.000382983	-0.000102489	0.0835034	-0.00250472	0	0.00976588	0	0	0.0689395	0	
0.25	-4.97313e-05	0.0101775	0.22256	-7.46058e-05	1.40597e-05	-2.73193e-07	-7.38772e-05	0.0812173	-3.74307e-07	0.0047518	-0.0018929	0.28074	-1.8567e-05	0.0147823	-0.000453618	-0.000115586	0.0956573	-0.00282539	0	0.0116164	0	0	0.0794062	0	
0.275	-4.97139e-05	0.0104923	0.22256	-7.46216e-05	1.47692e-05	-2.89611e-07	-7.38938e-05	0.081218	-3.96679e-07	0.00475125	-0.0014545	0.280726	-2.18334e-05	0.0175361	-0.000533483	-0.000130657	0.110153	-0.0031946	0	0.0137524	0	0	0.0918242	0	
0.3	-4.96935e-05	0.0108644	0.222561	-7.46404e-05	1.56076e-05	-3.08587e-07	-7.39133e-05	0.0812189	-4.22692e-07	0.00475061	-0.000936503	0.280711	-2.55272e-05	0.0207197	-0.000623825	-0.000147753	0.127342	-0.00361369	0	0.0162264	0	0	0.106499	0	
0.325	-4.96698e-05	0.0113028	0.222561	-7.46624e-05	1.65954e-05	-3.30357e-07	-7.39363e-05	0.0812198	-4.52752e-07	0.00474987	-0.000326233	0.280693	-2.96985e-05	0.0244108	-0.000725882	-0.000166851	0.147645	-0.00408228	0	0.0190992	0	0	0.123791	0	
0.35	-4.96424e-05	0.0118183	0.222562	-7.46882e-05	1.77567e-05	-3.55137e-07	-7.39632e-05	0.081221	-4.87281e-07	0.00474901	0.000391258	0.280672	-3.43938e-05	0.0286996	-0.000840811	-0.000187811	0.171553	-0.00459718	0	0.0224413	0	0	0.144125	0	
0.375	-4.96107e-05	0.0124237	0.222562	-7.47184e-05	1.91201e-05	-3.83099e-07	-7.39948e-05	0.0812224	-5.26691e-07	0.00474802	0.00123353	0.280647	-3.96515e-05	0.0336908	-0.00096958	-0.000210309	0.199647	-0.00515077	0	0.0263349	0	0	0.168001	0	
0.4	-4.95744e-05	0.0131337	0.222563	-7.47537e-05	2.07188e-05	-4.14333e-07	-7.40317e-05	0.081224	-5.71351e-07	0.00474688	0.00222118	0.280619	-4.5495e-05	0.039506	-0.0011128	-0.000233741	0.232608	-0.00572868	0	0.0308757	0	0	0.196005	0	
0.425	-4.95329e-05	0.0139659	0.222564	-7.47949e-05	2.25921e-05	-4.48785e-07	-7.40747e-05	0.0812258	-6.21538e-07	0.00474558	0.00337835	0.280588	-5.19221e-05	0.0462868	-0.00127046	-0.000257082	0.271234	-0.00630648	0	0.0361753	0	0	0.228827	0	
0.45	-4.94858e-05	0.0149407	0.222565	-7.48429e-05	2.47857e-05	-4.86173e-07	-7.41249e-05	0.081228	-6.77358e-07	0.00474411	0.00473331	0.280552	-5.88895e-05	0.0541983	-0.00144158	-0.000278696	0.316459	-0.00684494	0	0.0423639	0	0	0.267272	0	
0.475	-4.94327e-05	0.016082	0.222566	-7.48988e-05	2.73531e-05	-5.25868e-07	-7.41834e-05	0.0812306	-7.38631e-07	0.00474245	0.00631912	0.280511	-6.6291e-05	0.0634327	-0.00162367	-0.00029606	0.369377	-0.00728342	0	0.0495935	0	0	0.312285	0	
0.5	-4.93734e-05	0.017418	0.222567	-7.49636e-05	3.0357e-05	-5.66714e-07	-7.42513e-05	0.0812336	-8.04735e-07	0.00474061	0.00817448	0.280466	-7.39252e-05	0.0742144	-0.00181193	-0.000305371	0.431267	-0.00753037	0	0.058042	0	0	0.364972	0	
0	-4.93734e-05	0.017418	0.222567	-7.49636e-05	3.0357e-05	-5.66714e-07	-7.42513e-05	0.0812336	-8.04735e-07	0.00474061	0.00817448	0.280466	-7.39252e-05	0.0742144	-0.00181193	-0.000305371	0.431267	-0.00753037	0	0.058042	0	0	0.364972	0	
0.025	-4.93084e-05	0.0189717	0.222568	-7.50384e-05	3.38492e-05	-6.06569e-07	-7.43297e-05	0.0812371	-8.73964e-07	0.00473858	0.0103313	0.280416	-8.09665e-05	0.0862717	-0.00198631	-0.000281649	0.482294	-0.00697517	0	0.0667479	0	0	0.331462	0	
0.05	-4.92399e-05	0.0207317	0.222569	-7.51222e-05	3.78027e-05	-6.41724e-07	-7.44177e-05	0.081241	-9.42388e-07	0.00473645	0.0127729	0.280364	-8.5147e-05	0.0976638	-0.00209132	-0.00016722	0.455681	-0.00420058	0	0.0746132	0	0	0.29772	0	
0.075	-4.91706e-05	0.0226768	0.22257	-7.52137e-05	4.21697e-05	-6.68174e-07	-7.45139e-05	0.0812454	-1.0056e-06	0.00473431	0.0154698	0.280311	-8.5932e-05	0.107878	-0.00211385	-3.14031e-05	0.408563	-0.000900986	0	0.081632	0	0	0.263744	0	
0.1	-4.91032e-05	0.0247859	0.222572	-7.53117e-05	4.69024e-05	-6.8206e-07	-7.4617e-05	0.0812501	-1.05936e-06	0.00473222	0.0183926	0.28026	-8.34024e-05	0.11691	-0.0020558	0.000101185	0.361279	0.00232176	0	0.0877984	0	0	0.229536	0	
0.125	-4.90401e-05	0.0270379	0.222573	-7.54147e-05	5.19527e-05	-6.79808e-07	-7.47257e-05	0.0812552	-1.09967e-06	0.00473028	0.0215115	0.280212	-7.77311e-05	0.124756	-0.00192134	0.000226853	0.31386	0.0053783	0	0.0931068	0	0	0.195094	0	
0.15	-4.89837e-05	0.0294112	0.222574	-7.55216e-05	5.72722e-05	-6.58257e-07	-7.48387e-05	0.0812605	-1.12298e-06	0.00472855	0.0247968	0.280169	-6.9178e-05	0.131414	-0.00171674	0.000342123	0.266319	0.0081843	0	0.0975512	0	0	0.160421	0	
0.175	-4.89359e-05	0.0318843	0.222575	-7.5631e-05	6.28124e-05	-6.14766e-07	-7.49546e-05	0.081266	-1.12624e-06	0.0047271	0.0282188	0.280132	-5.80834e-05	0.136881	-0.00145019	0.000443786	0.218659	0.0106618	0	0.101126	0	0	0.125514	0	
0.2	-4.88985e-05	0.0344354	0.222575	-7.57418e-05	6.85248e-05	-5.47325e-07	-7.50723e-05	0.0812718	-1.10703e-06	0.00472597	0.0317477	0.280104	-4.48592e-05	0.141152	-0.00113167	0.000528967	0.170866	0.0127409	0	0.103825	0	0	0.0903745	0	
0.225	-4.88728e-05	0.0370428	0.222576	-7.58528e-05	7.43606e-05	-4.54632e-07	-7.51906e-05	0.0812776	-1.06365e-06	0.00472522	0.0353533	0.280085	-2.99791e-05	0.144225	-0.000772632	0.000595202	0.122914	0.0143615	0	0.105643	0	0	0.0550023	0	
0.25	-4.88598e-05	0.0396845	0.222576	-7.59629e-05	8.02707e-05	-3.36169e-07	-7.53083e-05	0.0812835	-9.95151e-07	0.00472488	0.0390056	0.280075	-1.39664e-05	0.146094	-0.000385746	0.00064051	0.074766	0.0154754	0	0.106573	0	0	0.0193973	0	
0.275	-4.88599e-05	0.0423381	0.222576	-7.60712e-05	8.62059e-05	-1.92245e-07	-7.54244e-05	0.0812894	-9.01443e-07	0.00472494	0.0426745	0.280076	2.62e-06	0.146754	1.54461e-05	0.000663455	0.0263767	0.0160477	0	0.106611	0	0	-0.0164404	0	
0.3	-4.88856e-05	0.0449816	0.222576	-7.61766e-05	9.21169e-05	-2.42574e-08	-7.5538e-05	0.0812954	-7.835e-07	0.0047254	0.0463294	0.280086	1.84598e-05	0.146197	0.000411283	0.000633592	-0.0222759	0.0158335	0	0.105749	0	0	-0.052511	0	
0.325	-4.89114e-05	0.0475923	0.222575	-7.62783e-05	9.79537e-05	1.66204e-07	-7.56479e-05	0.0813012	-6.42489e-07	0.00472628	0.0499397	0.280106	3.51959e-05	0.144413	0.000804425	0.000669444	-0.0713659	0.0157257	0	0.103983	0	0	-0.0888142	0	
0.35	-4.89489e-05	0.0501478	0.222575	-7.63755e-05	0.000103666	3.76018e-07	-7.57534e-05	0.0813069	-4.81104e-07	0.00472753	0.0534746	0.280135	5.00203e-05	0.141394	0.00116415	0.000592977	-0.120765	0.0143892	0	0.101307	0	0	-0.12535	0	
0.375	-4.89969e-05	0.0526252	0.222574	-7.64674e-05	0.000109205	6.01466e-07	-7.58536e-05	0.0813125	-3.02633e-07	0.00472911	0.0569028	0.280172	6.31337e-05	0.137128	0.00148284	0.000524534	-0.170641	0.0127475	0	0.0977137	0	0	-0.162119	0	
0.4	-4.90536e-05	0.0550018	0.222573	-7.65535e-05	0.000114518	8.38066e-07	-7.59479e-05	0.0813178	-1.11123e-07	0.00473096	0.0601928	0.280216	7.40319e-05	0.131602	0.00174829	0.00043593	-0.221006	0.0106179	0	0.0931986	0	0	-0.199121	0	
0.425	-4.91168e-05	0.0572545	0.222572	-7.66332e-05	0.000119554	1.08065e-06	-7.60355e-05	0.0813228	8.86949e-08	0.00473302	0.063313	0.280265	8.22676e-05	0.124805	0.00194968	0.000329427	-0.271886	0.00805559	0	0.0877557	0	0	-0.236355	0	
0.45	-4.91843e-05	0.0593602	0.222571	-7.6706e-05	0.000124262	1.32345e-06	-7.61158e-05	0.0813276	2.91502e-07	0.00473521	0.066231	0.280317	8.74625e-05	0.116723	0.00207788	0.000207796	-0.323298	0.00512789	0	0.081379	0	0	-0.273822	0	
0.475	-4.92533e-05	0.0612955	0.222569	-7.67713e-05	0.00012859	1.56022e-06	-7.61884e-05	0.0813319	4.91505e-07	0.00473744	0.0689146	0.28037	8.93189e-05	0.107342	0.0021257	7.42568e-05	-0.375243	0.00191306	0	0.0740626	0	0	-0.311522	0	
0.5	-4.8865e-05	0.0630357	0.222568	-6.91468e-05	0.000119238	1.60597e-06	-7.62529e-05	0.0813358	6.82054e-07	0.0047394	0.0713314	0.280422	7.8522e-05	0.0966724	0.0020746	-0.000431878	-0.426777	-0.00204428	0	0.0658009	0	0	-0.349455	0	
0	-4.8865e-05	0.0630357	0.222568	-6.91468e-05	0.000119238	1.60597e-06	-7.62529e-05	0.0813358	6.82054e-07	0.0047394	0.0713314	0.280422	7.8522e-05	0.0966724	0.0020746	-0.000431878	-0.426777	-0.00204428	0	0.058042	0	0	-0.396008	0	
0.025	-4.93649e-05	0.0643633	0.222567	-6.91866e-05	0.000122687	1.76556e-06	-7.63022e-05	0.0813388	8.34168e-07	0.00474057	0.0731741	0.280464	4.67473e-05	0.0737092	0.00168831	-0.00127099	-0.918527	-0.0154517	0	0.0488145	0	0	-0.343702	0	
0.05	-4.94137e-05	0.0654754	0.222566	-6.92184e-05	0.000130269	1.90394e-06	-7.6342e-05	0.0813413	9.67087e-07	0.00474214	0.0747176	0.280501	6.29235e-05	0.0617394	0.00150943	0.000647051	-0.478791	-0.00715482	0	0.0407866	0	0	-0.299842	0	
0.075	-4.94787e-05	0.0664007	0.222565	-6.92444e-05	0.00014616	2.02187e-06	-7.63749e-05	0.0813433	1.08142e-06	0.00474347	0.0760005	0.280534	5.2991e-05	0.0513156	0.00132125	-0.000397302	-0.416952	-0.00752737	0	0.033761	0	0	-0.263351	0	
0.1	-4.95145e-05	0.0671619	0.222565	-6.92652e-05	0.000173675	2.12089e-06	-7.64016e-05	0.081345	1.17865e-06	0.00474461	0.0770535	0.280563	4.58086e-05	0.0421206	0.00114894	-0.000287297	-0.3678	-0.00689223	0	0.0275651	0	0	-0.233332	0	
0.125	-4.9544e-05	0.0677778	0.222564	-6.92813e-05	0.00021495	2.20219e-06	-7.64229e-05	0.0813464	1.25992e-06	0.00474555	0.0779021	0.280588	3.76309e-05	0.0339435	0.000985371	-0.000327108	-0.327083	-0.00654296	0	0.0220467	0	0	-0.209047	0	
0.15	-4.95675e-05	0.0682634	0.222564	-6.92933e-05	0.000270739	2.26698e-06	-7.64395e-05	0.0813475	1.32632e-06	0.0047463	0.078567	0.280609	2.98066e-05	0.0265972	0.000831587	-0.000312971	-0.293853	-0.00615136	0	0.01707	0	0	-0.189899	0	
0.175	-4.95854e-05	0.0686307	0.222564	-6.93016e-05	0.000340343	2.3163e-06	-7.64518e-05	0.0813483	1.37874e-06	0.00474686	0.0790649	0.280626	2.23516e-05	0.0199159	0.000684876	-0.0002982	-0.267253	-0.00586843	0	0.0125129	0	0	-0.175418	0	
0.2	-4.95978e-05	0.0688888	0.222563	-6.93065e-05	0.000421681	2.35099e-06	-7.64603e-05	0.0813488	1.4178e-06	0.00474724	0.0794087	0.280639	1.52494e-05	0.0137492	0.000541896	-0.000284088	-0.246667	-0.0057192	0	0.0082632	0	0	-0.165249	0	
0.225	-4.9605e-05	0.0690439	0.222563	-6.93083e-05	0.000511496	2.37173e-06	-7.64651e-05	0.0813492	1.44389e-06	0.00474745	0.0796076	0.280649	8.45817e-06	0.00795739	0.000399138	-0.00027165	-0.231674	-0.00571032	0	0.00421661	0	0	-0.15914	0	
0.25	-4.96071e-05	0.0690999	0.222563	-6.93074e-05	0.000605677	2.37895e-06	-7.64665e-05	0.0813493	1.45714e-06	0.0047475	0.0796678	0.280656	1.91496e-06	0.00240668	0.000253279	-0.000261728	-0.222028	-0.00583436	0	0.000273645	0	0	-0.156942	0	
0.275	-4.96043e-05	0.069058	0.222563	-6.93037e-05	0.000699662	2.37286e-06	-7.64646e-05	0.0813491	1.45741e-06	0.00474739	0.0795919	0.280658	-4.46089e-06	-0.00303449	0.000101443	-0.000255034	-0.217647	-0.00607345	0	-0.00366259	0	0	-0.158601	0	
0.3	-4.95966e-05	0.0689174	0.222563	-6.92974e-05	0.000788881	2.35344e-06	-7.64592e-05	0.0813488	1.44437e-06	0.00474712	0.0793794	0.280657	-1.07643e-05	-0.00849919	-5.86184e-05	-0.000252136	-0.218588	-0.00640245	0	-0.00768884	0	0	-0.164157	0	
0.325	-4.95838e-05	0.0686744	0.222564	-6.92885e-05	0.000869209	2.32041e-06	-7.64503e-05	0.0813482	1.41749e-06	0.00474669	0.0790263	0.280651	-1.70999e-05	-0.0141252	-0.000228412	-0.000253423	-0.225039	-0.00679174	0	-0.011904	0	0	-0.173748	0	
0.35	-4.9566e-05	0.0683231	0.222564	-6.92769e-05	0.000937364	2.27324e-06	-7.64378e-05	0.0813474	1.37605e-06	0.0047461	0.0785248	0.280641	-2.35757e-05	-0.0200578	-0.000408645	-0.000259034	-0.237305	-0.00720933	0	-0.0164118	0	0	-0.187609	0	
0.375	-4.95429e-05	0.0678549	0.222565	-6.92623e-05	0.000991231	2.21116e-06	-7.64211e-05	0.0813463	1.31922e-06	0.00474534	0.0778635	0.280626	-3.02949e-05	-0.0264528	-0.000599196	-0.000268768	-0.255799	-0.00762206	0	-0.0213229	0	0	-0.20608	0	
0.4	-4.95142e-05	0.0672583	0.222565	-6.92445e-05	0.00103006	2.13317e-06	-7.64e-05	0.081345	1.24605e-06	0.00474441	0.0770265	0.280606	-3.73439e-05	-0.0334789	-0.000799083	-0.000281961	-0.281046	-0.00799546	0	-0.0267579	0	0	-0.229615	0	
0.425	-4.94796e-05	0.0665185	0.222566	-6.92228e-05	0.00105455	2.03809e-06	-7.63737e-05	0.0813433	1.15555e-06	0.00474329	0.0759935	0.280581	-4.47773e-05	-0.0413209	-0.00100638	-0.000297333	-0.313679	-0.00829173	0	-0.0328506	0	0	-0.258794	0	
0.45	-4.94161e-05	0.0656174	0.222566	-6.91965e-05	0.00106677	1.92468e-06	-7.63415e-05	0.0813413	1.04683e-06	0.00474201	0.0747389	0.28055	-5.13079e-05	-0.0501831	-0.00121546	-0.000261225	-0.354489	-0.00836316	0	-0.0397506	0	0	-0.294332	0	
0.475	-4.93692e-05	0.0645329	0.222567	-6.91649e-05	0.00106992	1.7914e-06	-7.63025e-05	0.0813389	9.188e-07	0.00474049	0.0732317	0.280515	-6.07271e-05	-0.06029	-0.00142935	-0.000376769	-0.404274	-0.00855579	0	-0.0476274	0	0	-0.337103	0	
0.5	-4.93642e-05	0.0632385	0.222568	-7.68057e-05	0.0010812	1.81916e-06	-7.62541e-05	0.081336	7.71641e-07	0.00473956	0.0714321	0.280474	-3.70644e-05	-0.0719844	-0.00161201	0.000946507	-0.467779	-0.00730655	0	-0.0566747	0	0	-0.388159	0	
0	-4.93642e-05	0.0632385	0.222568	-7.68057e-05	0.0010812	1.81916e-06	-7.62541e-05	0.081336	7.71641e-07	0.00473956	0.0714321	0.280474	-3.70644e-05	-0.0719844	-0.00161201	0.000946507	-0.467779	-0.00730655	0	-0.0566747	0	0	-0.388159	0	
0.025	-4.92686e-05	0.0617119	0.222569	-7.67549e-05	0.00107779	1.62463e-06	-7.61978e-05	0.0813325	6.04831e-07	0.00473771	0.0693138	0.280429	-7.4132e-05	-0.0847297	-0.00180526	-0.0014827	-0.509809	-0.00772978	0	-0.0658934	0	0	-0.349335	0	
0.05	-4.92063e-05	0.0599682	0.222571	-7.66958e-05	0.00107389	1.41201e-06	-7.61326e-05	0.0813286	4.2387e-07	0.00473569	0.0668954	0.280381	-8.06001e-05	-0.0967358	-0.00191325	-0.000258724	-0.480245	-0.00431971	0	-0.0741415	0	0	-0.310511	0	
0.075	-4.91436e-05	0.0580313	0.222572	-7.66289e-05	0.00106955	1.18824e-06	-7.6059e-05	0.0813243	2.35241e-07	0.00473366	0.0642106	0.280333	-8.13916e-05	-0.107394	-0.00192901	-3.16602e-05	-0.426332	-0.000630254	0	-0.0814189	0	0	-0.271687	0	
0.1	-4.90831e-05	0.0559254	0.222573	-7.65545e-05	0.00106485	9.59792e-07	-7.59775e-05	0.0813196	4.49915e-08	0.00473169	0.061293	0.280287	-7.87052e-05	-0.116704	-0.00186127	0.000107457	-0.372405	0.00270938	0	-0.0877258	0	0	-0.232865	0	
0.125	-4.90274e-05	0.0536747	0.222574	-7.64732e-05	0.00105981	7.32811e-07	-7.58887e-05	0.0813145	-1.41189e-07	0.00472987	0.0581762	0.280244	-7.2765e-05	-0.124671	-0.00171544	0.000237608	-0.318672	0.00583352	0	-0.0930622	0	0	-0.194043	0	
0.15	-4.89788e-05	0.0513032	0.222575	-7.63855e-05	0.00105451	5.12925e-07	-7.57934e-05	0.0813092	-3.18109e-07	0.00472828	0.0548937	0.280206	-6.3892e-05	-0.1313	-0.00149922	0.000354922	-0.265146	0.00864859	0	-0.097428	0	0	-0.155222	0	
0.175	-4.89393e-05	0.0488352	0.222575	-7.62921e-05	0.00104899	3.05143e-07	-7.56923e-05	0.0813037	-4.81201e-07	0.00472696	0.0514788	0.280176	-5.24931e-05	-0.136595	-0.00122244	0.000455955	-0.211824	0.0110712	0	-0.100823	0	0	-0.116401	0	
0.2	-4.89104e-05	0.0462948	0.222576	-7.61936e-05	0.00104331	1.13748e-07	-7.55861e-05	0.081298	-6.26619e-07	0.00472599	0.0479648	0.280153	-3.90493e-05	-0.140562	-0.000896701	0.000537753	-0.158685	0.0130296	0	-0.103248	0	0	-0.0775813	0	
0.225	-4.88808e-05	0.043706	0.222576	-7.6091e-05	0.00103752	-5.75598e-08	-7.54758e-05	0.0812922	-7.511e-07	0.0047254	0.0443846	0.28014	-2.33553e-05	-0.143206	-0.00052946	0.00062776	-0.105727	0.0146897	0	-0.104702	0	0	-0.0387621	0	
0.25	-4.88762e-05	0.0410932	0.222576	-7.5985e-05	0.00103168	-2.06622e-07	-7.53624e-05	0.0812864	-8.5292e-07	0.0047252	0.0407715	0.280136	-8.22652e-06	-0.144525	-0.000151634	0.00060515	-0.0527843	0.015113	0	-0.105186	0	0	5.64022e-05	0	
0.275	-4.88845e-05	0.0384804	0.222576	-7.58767e-05	0.00102583	-3.31507e-07	-7.52468e-05	0.0812805	-9.30583e-07	0.0047254	0.0371584	0.280142	7.9499e-06	-0.144525	0.000238805	0.000647057	1.44807e-05	0.0156176	0	-0.1047	0	0	0.0388742	0	
0.3	-4.89052e-05	0.0358918	0.222576	-7.57672e-05	0.00102004	-4.3142e-07	-7.51303e-05	0.0812747	-9.83726e-07	0.00472599	0.0335783	0.280158	2.38144e-05	-0.143204	0.000621269	0.000634581	0.0528444	0.0152985	0	-0.103242	0	0	0.0776914	0	
0.325	-4.89377e-05	0.0333515	0.222575	-7.56575e-05	0.00101435	-5.06469e-07	-7.5014e-05	0.081269	-1.01289e-06	0.00472696	0.0300643	0.280182	3.87562e-05	-0.14056	0.000980997	0.000597671	0.105732	0.0143891	0	-0.100815	0	0	0.116508	0	
0.35	-4.89808e-05	0.0308838	0.222574	-7.5549e-05	0.00100882	-5.57618e-07	-7.48991e-05	0.0812635	-1.01947e-06	0.00472827	0.0266495	0.280215	5.21917e-05	-0.136592	0.0013039	0.000537419	0.158728	0.0129159	0	-0.0974171	0	0	0.155324	0	
0.375	-4.90328e-05	0.0285126	0.222573	-7.54428e-05	0.00100351	-5.86633e-07	-7.47871e-05	0.0812582	-1.00567e-06	0.00472985	0.0233671	0.280254	6.35817e-05	-0.131295	0.00157695	0.000455603	0.211877	0.0109222	0	-0.0930488	0	0	0.194139	0	
0.4	-4.90916e-05	0.0262623	0.222572	-7.53404e-05	0.00099846	-5.95998e-07	-7.46792e-05	0.0812531	-9.74398e-07	0.00473167	0.0202505	0.280299	7.24473e-05	-0.124665	0.0017886	0.000354623	0.265211	0.00846609	0	-0.0877101	0	0	0.232953	0	
0.425	-4.9155e-05	0.0241568	0.222571	-7.52432e-05	0.000993736	-5.88806e-07	-7.4577e-05	0.0812484	-9.29187e-07	0.00473363	0.0173331	0.280347	7.83833e-05	-0.116696	0.00192909	0.00023744	0.31875	0.00561956	0	-0.0814011	0	0	0.271767	0	
0.45	-4.92204e-05	0.0222204	0.22257	-7.51525e-05	0.000989389	-5.68641e-07	-7.44819e-05	0.0812441	-8.74056e-07	0.00473565	0.0146485	0.280397	8.10708e-05	-0.107384	0.00199074	0.000107501	0.372496	0.00246606	0	-0.0741218	0	0	0.31058	0	
0.475	-4.9285e-05	0.0204772	0.222569	-7.507e-05	0.000985474	-5.39436e-07	-7.43953e-05	0.0812402	-8.13371e-07	0.00473766	0.0122304	0.280446	8.02876e-05	-0.096723	0.00196822	-3.13285e-05	0.426436	-0.000900944	0	-0.0658721	0	0	0.349393	0	
0.5	-4.93459e-05	0.0189513	0.222568	-7.49969e-05	0.000982045	-5.05317e-07	-7.43188e-05	0.0812367	-7.51696e-07	0.00473956	0.0101127	0.280493	7.5917e-05	-0.0847095	0.00185873	-0.000174825	0.480541	-0.00437944	0	-0.0566522	0	0	0.388204	0	
0	-4.93459e-05	0.0189513	0.222568	-7.49969e-05	0.000982045	-5.05317e-07	-7.43188e-05	0.0812367	-7.51696e-07	0.00473956	0.0101127	0.280493	7.5917e-05	-0.0847095	0.00185873	-0.000174825	0.480541	-0.00437944	0	-0.0566747	0	0	0.388069	0	
0.025	-4.94009e-05	0.0176567	0.222567	-7.49344e-05	0.000979134	-4.7022e-07	-7.42534e-05	0.0812349	-6.9322e-07	0.00474127	0.00831486	0.280534	6.85204e-05	-0.0719117	0.00167377	-0.000295865	0.511909	-0.00739864	0	-0.0476297	0	0	0.337012	0	
0.05	-4.94492e-05	0.0165721	0.222566	-7.48816e-05	0.000976693	-4.36914e-07	-7.4198e-05	0.0812395	-6.40332e-07	0.00474278	0.00680693	0.280571	6.03686e-05	-0.0603173	0.00145998	-0.000326072	0.463778	-0.00855158	0	-0.0397552	0	0	0.294237	0	
0.075	-4.94909e-05	0.015671	0.222565	-7.48374e-05	0.000974659	-4.07174e-07	-7.41512e-05	0.081256	-5.94313e-07	0.00474409	0.00555112	0.280602	5.23459e-05	-0.0502324	0.0012379	-0.000320909	0.403395	-0.00888317	0	-0.0328576	0	0	0.258693	0	
0.1	-4.95264e-05	0.014931	0.222564	-7.48008e-05	0.000972984	-3.82127e-07	-7.41118e-05	0.0812887	-5.5587e-07	0.0047452	0.00451608	0.280627	4.46474e-05	-0.0414016	0.00101467	-0.000307938	0.353233	-0.00892922	0	-0.0267676	0	0	0.229507	0	
0.125	-4.95559e-05	0.0143341	0.222564	-7.4771e-05	0.000971624	-3.62428e-07	-7.40788e-05	0.0813404	-5.25306e-07	0.00474614	0.00367619	0.280647	3.73471e-05	-0.0335956	0.000795397	-0.000292012	0.312237	-0.0087708	0	-0.0213353	0	0	0.20596	0	
0.15	-4.95798e-05	0.0138656	0.222563	-7.47474e-05	0.000970548	-3.48371e-07	-7.40517e-05	0.0814118	-5.02635e-07	0.0047469	0.003011	0.280662	3.04358e-05	-0.0266077	0.000583767	-0.000276451	0.279518	-0.0084652	0	-0.0164274	0	0	0.187475	0	
0.175	-4.95982e-05	0.013514	0.222563	-7.47294e-05	0.000969728	-3.39986e-07	-7.40297e-05	0.0815022	-4.87674e-07	0.0047475	0.00250475	0.280671	2.38501e-05	-0.0202497	0.000382334	-0.000263429	0.254319	-0.00805731	0	-0.0119232	0	0	0.173598	0	
0.2	-4.96115e-05	0.0132706	0.222562	-7.47166e-05	0.000969147	-3.37108e-07	-7.40127e-05	0.0816085	-4.80111e-07	0.00474793	0.00214601	0.280676	1.7494e-05	-0.0143497	0.000192659	-0.000254243	0.236	-0.00758701	0	-0.007712	0	0	0.163986	0	
0.225	-4.96198e-05	0.0131294	0.222562	-7.47089e-05	0.000968793	-3.39441e-07	-7.40004e-05	0.0817266	-4.79566e-07	0.00474821	0.00192728	0.280676	1.12558e-05	-0.00874932	1.53242e-05	-0.00024953	0.224016	-0.00709339	0	-0.00369032	0	0	0.158405	0	
0.25	-4.9623e-05	0.0130869	0.222562	-7.4706e-05	0.00096866	-3.46612e-07	-7.39931e-05	0.081851	-4.8564e-07	0.00474834	0.00184475	0.280673	5.02033e-06	-0.00330123	-0.000150082	-0.000249418	0.217924	-0.00661626	0	0.000240664	0	0	0.156716	0	
0.275	-4.96211e-05	0.013142	0.222562	-7.4708e-05	0.000968746	-3.58222e-07	-7.39908e-05	0.0819756	-4.9796e-07	0.00474831	0.00189808	0.280665	-1.32106e-06	0.00213321	-0.000304973	-0.000253656	0.217377	-0.00619563	0	0.00417756	0	0	0.158879	0	
0.3	-4.96141e-05	0.0132961	0.222562	-7.4715e-05	0.000969057	-3.73888e-07	-7.3994e-05	0.0820944	-5.16214e-07	0.00474811	0.00209025	0.280654	-7.86404e-06	0.00768688	-0.000451716	-0.000261719	0.222147	-0.00586971	0	0.00821713	0	0	0.164946	0	
0.325	-4.96017e-05	0.013553	0.222562	-7.47272e-05	0.000969603	-3.93273e-07	-7.40029e-05	0.0822019	-5.40183e-07	0.00474774	0.0024275	0.280639	-1.46863e-05	0.0134901	-0.000593517	-0.000272892	0.232129	-0.00567204	0	0.0124586	0	0	0.175067	0	
0.35	-4.95836e-05	0.0139189	0.222563	-7.47448e-05	0.0009704	-4.16104e-07	-7.40182e-05	0.0822938	-5.69747e-07	0.0047472	0.00291936	0.280621	-2.18445e-05	0.0196743	-0.000734217	-0.000286328	0.247367	-0.00562802	0	0.0170063	0	0	0.18949	0	
0.375	-4.95597e-05	0.0144029	0.222563	-7.47684e-05	0.000971467	-4.42173e-07	-7.40403e-05	0.0823674	-6.04888e-07	0.00474646	0.00357876	0.280599	-2.93715e-05	0.0263762	-0.000877999	-0.000301078	0.268075	-0.00575126	0	0.0219719	0	0	0.20857	0	
0.4	-4.95295e-05	0.0150167	0.222564	-7.47985e-05	0.000972833	-4.71307e-07	-7.40699e-05	0.0824218	-6.45666e-07	0.00474553	0.00442232	0.280573	-3.72733e-05	0.0337425	-0.00102899	-0.000316071	0.294652	-0.00603957	0	0.0274775	0	0	0.232775	0	
0.425	-4.94929e-05	0.0157756	0.222564	-7.48357e-05	0.00097453	-5.0332e-07	-7.41076e-05	0.0824579	-6.9217e-07	0.00474439	0.0054707	0.280543	-4.55238e-05	0.0419351	-0.00119075	-0.000330022	0.327705	-0.00647066	0	0.0336583	0	0	0.262701	0	
0.45	-4.94495e-05	0.0166981	0.222565	-7.48808e-05	0.0009766	-5.37913e-07	-7.41542e-05	0.0824785	-7.44438e-07	0.00474304	0.00674912	0.280509	-5.40551e-05	0.0511368	-0.00136568	-0.000341251	0.368067	-0.0069969	0	0.0406663	0	0	0.299083	0	
0.475	-4.93991e-05	0.017807	0.222566	-7.49348e-05	0.000979091	-5.74533e-07	-7.42105e-05	0.0824881	-8.02326e-07	0.00474147	0.00828805	0.28047	-6.27395e-05	0.061557	-0.00155414	-0.000347377	0.416811	-0.00753862	0	0.0486737	0	0	0.342815	0	
0.5	-4.93419e-05	0.0191295	0.222567	-7.49987e-05	0.000982064	-6.12167e-07	-7.42775e-05	0.0824921	-8.65325e-07	0.00473969	0.010124	0.280426	-7.13609e-05	0.0734388	-0.00175352	-0.000344854	0.47527	-0.00797513	0	0.0578772	0	0	0.394972	0	
0	-4.93419e-05	0.0191295	0.222567	-7.49987e-05	0.000982064	-6.12167e-07	-7.42775e-05	0.0824921	-8.65325e-07	0.00473969	0.010124	0.280426	-7.13609e-05	0.0734388	-0.00175352	-0.000344854	0.47527	-0.00797513	0	0.0578772	0	0	0.394972	0	
0.025	-4.92783e-05	0.0206879	0.222568	-7.50734e-05	0.000985566	-6.48747e-07	-7.43559e-05	0.0824956	-9.31791e-07	0.00473771	0.0122866	0.280378	-7.90779e-05	0.0865048	-0.00194248	-0.000308682	0.522641	-0.00755824	0	0.0672581	0	0	0.355497	0	
0.05	-4.9211e-05	0.0224674	0.222569	-7.51578e-05	0.000989562	-6.80321e-07	-7.44445e-05	0.0824995	-9.97489e-07	0.00473562	0.0147547	0.280326	-8.35945e-05	0.0987246	-0.00205599	-0.000180662	0.48879	-0.00454056	0	0.075652	0	0	0.31602	0	
0.075	-4.91429e-05	0.0244435	0.222571	-7.52503e-05	0.000993998	-7.02579e-07	-7.4542e-05	0.082504	-1.05764e-06	0.00473351	0.017494	0.280274	-8.43875e-05	0.109568	-0.00207893	-3.17195e-05	0.433743	-0.000917726	0	0.0830591	0	0	0.276542	0	
0.1	-4.90768e-05	0.0265916	0.222572	-7.53496e-05	0.000998817	-7.11413e-07	-7.46466e-05	0.0825088	-1.10766e-06	0.00473147	0.0204699	0.280224	-8.15772e-05	0.11904	-0.00201419	0.000112411	0.378869	0.00258987	0	0.0894791	0	0	0.237062	0	
0.125	-4.90155e-05	0.0288871	0.222573	-7.5454e-05	0.00100396	-7.03078e-07	-7.47569e-05	0.0825139	-1.14334e-06	0.00472959	0.0236486	0.280177	-7.53934e-05	0.127145	-0.00186728	0.00024735	0.3242	0.00587611	0	0.0949122	0	0	0.19758	0	
0.15	-4.89614e-05	0.0313056	0.222574	-7.55623e-05	0.00100938	-6.74336e-07	-7.48715e-05	0.0825194	-1.16098e-06	0.00472793	0.0269958	0.280136	-6.61663e-05	0.133889	-0.0016462	0.000369084	0.26975	0.00884353	0	0.0993581	0	0	0.158097	0	
0.175	-4.89165e-05	0.0338225	0.222575	-7.56729e-05	0.00101502	-6.22587e-07	-7.4989e-05	0.082525	-1.15749e-06	0.00472658	0.0304777	0.280102	-5.43158e-05	0.139277	-0.00136107	0.000474023	0.215516	0.0114049	0	0.102817	0	0	0.118611	0	
0.2	-4.88827e-05	0.0364131	0.222576	-7.57846e-05	0.00102082	-5.45975e-07	-7.51079e-05	0.0825308	-1.13057e-06	0.00472557	0.0340605	0.280077	-4.03388e-05	0.143313	-0.00102395	0.00055908	0.161477	0.0134849	0	0.105289	0	0	0.0791244	0	
0.225	-4.8861e-05	0.039053	0.222576	-7.58962e-05	0.00102673	-4.43474e-07	-7.5227e-05	0.0825367	-1.07872e-06	0.00472495	0.0377106	0.28006	-2.47951e-05	0.146003	-0.00064839	0.000621745	0.1076	0.0150224	0	0.106773	0	0	0.0396356	0	
0.25	-4.88525e-05	0.0417176	0.222576	-7.60064e-05	0.00103269	-3.14957e-07	-7.53451e-05	0.0825427	-1.00134e-06	0.00472474	0.0413944	0.280054	-8.2911e-06	0.147349	-0.000249087	0.000660161	0.0538363	0.0159721	0	0.10727	0	0	0.000145103	0	
0.275	-4.88572e-05	0.0443822	0.222576	-7.61141e-05	0.00103865	-1.6123e-07	-7.54609e-05	0.0825486	-8.98772e-07	0.00472495	0.0450782	0.280058	8.53845e-06	0.147353	0.000158563	0.000673182	0.000132596	0.016306	0	0.10678	0	0	-0.0393471	0	
0.3	-4.88876e-05	0.0470224	0.222576	-7.62185e-05	0.00104455	1.57224e-08	-7.55736e-05	0.0825545	-7.72533e-07	0.00472556	0.0487285	0.280072	2.4311e-05	0.146014	0.000553305	0.000630903	-0.053541	0.0157897	0	0.105303	0	0	-0.0788411	0	
0.325	-4.89177e-05	0.0496135	0.222575	-7.63185e-05	0.00105034	2.13655e-07	-7.56819e-05	0.0825603	-6.24398e-07	0.00472658	0.0523118	0.280095	4.06107e-05	0.14333	0.000936572	0.000651987	-0.107363	0.0153307	0	0.102838	0	0	-0.118337	0	
0.35	-4.89589e-05	0.052131	0.222575	-7.64134e-05	0.00105597	4.28741e-07	-7.57852e-05	0.082566	-4.57719e-07	0.00472794	0.0557943	0.280127	5.46036e-05	0.1393	0.00127679	0.000559716	-0.161209	0.0136088	0	0.0993862	0	0	-0.157834	0	
0.375	-4.90095e-05	0.0545503	0.222574	-7.65023e-05	0.00106138	6.56541e-07	-7.58824e-05	0.0825714	-2.76465e-07	0.0047296	0.0591422	0.280166	6.64724e-05	0.133919	0.00156596	0.000474751	-0.215247	0.0115668	0	0.0949466	0	0	-0.197334	0	
0.4	-4.90676e-05	0.0568468	0.222573	-7.65848e-05	0.00106651	8.91858e-07	-7.5973e-05	0.0825765	-8.53559e-08	0.0047315	0.0623218	0.280211	7.57177e-05	0.127182	0.00179199	0.000369812	-0.269481	0.0090412	0	0.0895195	0	0	-0.236835	0	
0.425	-4.91307e-05	0.058996	0.222571	-7.66602e-05	0.00107132	1.12885e-06	-7.60561e-05	0.0825814	1.1024e-07	0.00473354	0.0652989	0.28026	8.19171e-05	0.119083	0.00194466	0.000247976	-0.323932	0.0061068	0	0.0831049	0	0	-0.276337	0	
0.45	-4.91961e-05	0.0609733	0.22257	-7.6728e-05	0.00107574	1.36115e-06	-7.61313e-05	0.0825858	3.04436e-07	0.00473566	0.0680393	0.28031	8.47378e-05	0.109618	0.00201593	0.000112828	-0.378605	0.00285083	0	0.0757027	0	0	-0.315842	0	
0.475	-4.92978e-05	0.0627543	0.222569	-7.67879e-05	0.00107972	1.58178e-06	-7.61979e-05	0.0825898	4.90737e-07	0.00473771	0.070509	0.28036	8.18612e-05	0.0987855	0.00199423	-0.000115066	-0.433308	-0.000868038	0	0.0673128	0	0	-0.355348	0	
0.5	-4.93109e-05	0.0643139	0.222568	-6.91571e-05	0.0010699	1.60566e-06	-7.62566e-05	0.0825933	6.62383e-07	0.0047389	0.0726754	0.280407	4.76799e-05	0.0866561	0.00187273	-0.00136725	-0.485177	-0.00486015	0	0.0579353	0	0	-0.394856	0	
0	-4.93109e-05	0.0643139	0.222568	-6.91571e-05	0.0010699	1.60566e-06	-7.62566e-05	0.0825933	6.62383e-07	0.0047389	0.0726754	0.280407	4.76799e-05	0.0866561	0.00187273	-0.00136725	-0.485177	-0.00486015	0	0.0578772	0	0	-0.395204	0	
0.025	-4.93666e-05	0.0656364	0.222567	-6.91956e-05	0.00107322	1.76612e-06	-7.63046e-05	0.0825962	8.15181e-07	0.0047407	0.074511	0.28045	7.1824e-05	0.0734257	0.00171117	0.000965766	-0.529213	-0.00646243	0	0.0486678	0	0	-0.34305	0	
0.05	-4.94156e-05	0.066745	0.222566	-6.92273e-05	0.00108002	1.90481e-06	-7.63443e-05	0.0825987	9.48173e-07	0.00474228	0.0760498	0.280488	6.31569e-05	0.061553	0.00151468	-0.000346687	-0.47491	-0.00785959	0	0.0406545	0	0	-0.299327	0	
0.075	-4.94808e-05	0.0676672	0.222565	-6.92532e-05	0.00109386	2.02296e-06	-7.6377e-05	0.0826008	1.06242e-06	0.00474361	0.0773287	0.280521	5.31759e-05	0.0511564	0.00132233	-0.000399239	-0.415864	-0.00769411	0	0.0336403	0	0	-0.26296	0	
0.1	-4.95166e-05	0.0684255	0.222565	-6.92739e-05	0.00111757	2.1221e-06	-7.64036e-05	0.0826025	1.15939e-06	0.00474475	0.0783784	0.280549	4.59653e-05	0.0419878	0.00114529	-0.000288425	-0.366743	-0.00708151	0	0.0274527	0	0	-0.233055	0	
0.125	-4.95462e-05	0.0690386	0.222564	-6.929e-05	0.001153	2.20345e-06	-7.64248e-05	0.0826039	1.24022e-06	0.0047457	0.0792243	0.280574	3.77737e-05	0.0338354	0.000976668	-0.000327664	-0.326095	-0.00674482	0	0.0219398	0	0	-0.208877	0	
0.15	-4.95698e-05	0.0695216	0.222564	-6.93021e-05	0.00120078	2.26821e-06	-7.64414e-05	0.0826049	1.30598e-06	0.00474645	0.0798871	0.280594	2.99433e-05	0.0265109	0.000817807	-0.000313215	-0.292982	-0.00635445	0	0.0169661	0	0	-0.189833	0	
0.175	-4.95877e-05	0.0698863	0.222563	-6.93106e-05	0.00126033	2.31743e-06	-7.64537e-05	0.0826057	1.35758e-06	0.00474701	0.0803833	0.280611	2.24832e-05	0.019847	0.000666286	-0.000298404	-0.266556	-0.00606083	0	0.0124094	0	0	-0.175453	0	
0.2	-4.96001e-05	0.0701418	0.222563	-6.93157e-05	0.00132987	2.35196e-06	-7.64621e-05	0.0826063	1.39567e-06	0.00474739	0.0807256	0.280624	1.53704e-05	0.0136919	0.000519046	-0.000284511	-0.246201	-0.00588961	0	0.00815756	0	0	-0.165386	0	
0.225	-4.96073e-05	0.0702942	0.222563	-6.93178e-05	0.00140662	2.37244e-06	-7.64669e-05	0.0826066	1.42064e-06	0.00474761	0.0809232	0.280633	8.55751e-06	0.00790469	0.000372816	-0.000272515	-0.23149	-0.00584921	0	0.00410623	0	0	-0.159383	0	
0.25	-4.96094e-05	0.0703473	0.222563	-6.93171e-05	0.00148706	2.37932e-06	-7.64683e-05	0.0826067	1.43265e-06	0.00474766	0.0809819	0.280639	1.97746e-06	0.00235047	0.000224442	-0.000263202	-0.222169	-0.00593494	0	0.000155813	0	0	-0.157296	0	
0.275	-4.96065e-05	0.0703023	0.222563	-6.93138e-05	0.00156731	2.37279e-06	-7.64663e-05	0.0826066	1.43161e-06	0.00474755	0.0809044	0.28064	-4.45294e-06	-0.00310299	7.11308e-05	-0.000257216	-0.218138	-0.00613246	0	-0.00379077	0	0	-0.159076	0	
0.3	-4.95987e-05	0.0701583	0.222563	-6.93078e-05	0.00164346	2.3528e-06	-7.64609e-05	0.0826062	1.41721e-06	0.00474728	0.0806896	0.280638	-1.08293e-05	-0.00858905	-8.9385e-05	-0.000255055	-0.219442	-0.00642063	0	-0.00783052	0	0	-0.164764	0	
0.325	-4.95857e-05	0.0699116	0.222564	-6.92991e-05	0.00171199	2.31906e-06	-7.6452e-05	0.0826056	1.38894e-06	0.00474684	0.0803335	0.280632	-1.72554e-05	-0.0142454	-0.000258733	-0.000257043	-0.226253	-0.00677394	0	-0.0120627	0	0	-0.174502	0	
0.35	-4.95676e-05	0.0695561	0.222564	-6.92877e-05	0.00177008	2.27102e-06	-7.64393e-05	0.0826048	1.34612e-06	0.00474625	0.0798281	0.280621	-2.38369e-05	-0.0202169	-0.000437839	-0.000263261	-0.238861	-0.00716421	0	-0.0165913	0	0	-0.188528	0	
0.375	-4.95442e-05	0.0690831	0.222564	-6.92733e-05	0.00181594	2.2079e-06	-7.64226e-05	0.0826037	1.28789e-06	0.00474548	0.0791616	0.280605	-3.06736e-05	-0.0266587	-0.000626874	-0.000273467	-0.257674	-0.00756141	0	-0.0215277	0	0	-0.207187	0	
0.4	-4.9515e-05	0.068481	0.222565	-6.92555e-05	0.00184892	2.12868e-06	-7.64013e-05	0.0826024	1.21333e-06	0.00474453	0.0783181	0.280584	-3.78478e-05	-0.033739	-0.000825202	-0.000286971	-0.283208	-0.00793313	0	-0.0269931	0	0	-0.230938	0	
0.425	-4.94799e-05	0.0677349	0.222566	-6.92338e-05	0.0018696	2.03217e-06	-7.63749e-05	0.0826007	1.12142e-06	0.0047434	0.0772771	0.280559	-4.541e-05	-0.0416416	-0.00103126	-0.000302487	-0.316104	-0.00824231	0	-0.0331219	0	0	-0.260365	0	
0.45	-4.94158e-05	0.0668266	0.222566	-6.92075e-05	0.00187975	1.91712e-06	-7.63425e-05	0.0825987	1.01124e-06	0.0047421	0.0760128	0.280528	-5.20691e-05	-0.0505706	-0.00123977	-0.000266362	-0.35716	-0.00834042	0	-0.0400646	0	0	-0.296189	0	
0.475	-4.93681e-05	0.0657336	0.222567	-6.91758e-05	0.00188212	1.78196e-06	-7.63032e-05	0.0825962	8.8166e-07	0.00474056	0.0744941	0.280491	-6.16124e-05	-0.0607504	-0.00145406	-0.000381732	-0.407193	-0.00857139	0	-0.0479919	0	0	-0.339293	0	
0.5	-4.93623e-05	0.0644294	0.222568	-7.68176e-05	0.00189333	1.80629e-06	-7.62545e-05	0.0825933	7.32826e-07	0.0047396	0.0726809	0.28045	-3.81173e-05	-0.072525	-0.00163822	0.000939802	-0.470986	-0.00736652	0	-0.0570987	0	0	-0.390735	0	
0	-4.93623e-05	0.0644294	0.222568	-7.68176e-05	0.00189333	1.80629e-06	-7.62545e-05	0.0825933	7.32826e-07	0.0047396	0.0726809	0.28045	-3.81173e-05	-0.072525	-0.00163822	0.000939802	-0.470986	-0.00736652	0	-0.0570987	0	0	-0.390735	0	
0.025	-4.92658e-05	0.0628915	0.222569	-7.67665e-05	0.00188989	1.60912e-06	-7.61978e-05	0.0825898	5.64187e-07	0.00473772	0.0705471	0.280405	-7.52355e-05	-0.0853545	-0.00183384	-0.00148472	-0.513177	-0.00782478	0	-0.0663785	0	0	-0.351647	0	
0.05	-4.92027e-05	0.061135	0.222571	-7.67072e-05	0.00188596	1.39365e-06	-7.61321e-05	0.0825859	3.81307e-07	0.00473568	0.0681111	0.280356	-8.17564e-05	-0.0974388	-0.00194329	-0.000260837	-0.483374	-0.004378	0	-0.074681	0	0	-0.31256	0	
0.075	-4.9139e-05	0.0591841	0.222572	-7.664e-05	0.0018816	1.16691e-06	-7.60579e-05	0.0825815	1.90748e-07	0.00473362	0.065407	0.280307	-8.25544e-05	-0.108166	-0.0019592	-3.19195e-05	-0.42909	-0.000636449	0	-0.0820065	0	0	-0.273474	0	
0.1	-4.90776e-05	0.0570631	0.222573	-7.65653e-05	0.00187686	9.35484e-07	-7.59759e-05	0.0825768	-1.36553e-09	0.00473162	0.0624686	0.28026	-7.98262e-05	-0.117536	-0.00189035	0.000109129	-0.374795	0.00275387	0	-0.0883548	0	0	-0.23439	0	
0.125	-4.90211e-05	0.0547963	0.222574	-7.64835e-05	0.00187179	7.05583e-07	-7.58865e-05	0.0825717	-1.89272e-07	0.00472978	0.0593297	0.280216	-7.37988e-05	-0.125553	-0.00174221	0.000241095	-0.3207	0.00592571	0	-0.093726	0	0	-0.195306	0	
0.15	-4.89718e-05	0.0524079	0.222575	-7.63954e-05	0.00186645	4.82917e-07	-7.57905e-05	0.0825664	-3.67716e-07	0.00472816	0.0560241	0.280178	-6.47974e-05	-0.132224	-0.00152261	0.000360055	-0.266817	0.00878401	0	-0.0981201	0	0	-0.156224	0	
0.175	-4.89316e-05	0.0499224	0.222575	-7.63014e-05	0.00186089	2.72565e-07	-7.56886e-05	0.0825608	-5.32073e-07	0.00472682	0.0525853	0.280147	-5.32347e-05	-0.137552	-0.00124151	0.00046251	-0.213143	0.0112439	0	-0.101537	0	0	-0.117143	0	
0.2	-4.89024e-05	0.047364	0.222576	-7.62025e-05	0.00185517	7.88668e-08	-7.55817e-05	0.0825551	-6.78453e-07	0.00472583	0.0490467	0.280124	-3.95981e-05	-0.141544	-0.000910694	0.000545462	-0.159657	0.0132327	0	-0.103977	0	0	-0.0780628	0	
0.225	-4.88725e-05	0.044757	0.222576	-7.60992e-05	0.00184934	-9.44317e-08	-7.54705e-05	0.0825492	-8.03558e-07	0.00472524	0.0454417	0.280111	-2.36908e-05	-0.144203	-0.000537816	0.000636294	-0.106355	0.0149151	0	-0.10544	0	0	-0.0389839	0	
0.25	-4.88678e-05	0.0421258	0.222576	-7.59926e-05	0.00184346	-2.45139e-07	-7.53562e-05	0.0825433	-9.05648e-07	0.00472503	0.0418034	0.280107	-8.33484e-06	-0.14553	-0.000154031	0.000614237	-0.0530726	0.0153514	0	-0.105926	0	0	9.39441e-05	0	
0.275	-4.88762e-05	0.0394946	0.222576	-7.58836e-05	0.00183757	-3.71306e-07	-7.52398e-05	0.0825374	-9.83216e-07	0.00472524	0.0381652	0.280113	8.0721e-06	-0.145528	0.000242472	0.000656278	6.46885e-05	0.0158601	0	-0.105436	0	0	0.0391706	0	
0.3	-4.88973e-05	0.0368878	0.222576	-7.57733e-05	0.00183174	-4.72132e-07	-7.51224e-05	0.0825316	-1.03591e-06	0.00472584	0.0345603	0.280129	2.41621e-05	-0.144197	0.000630863	0.0006436	0.0532326	0.0155356	0	-0.103968	0	0	0.0782462	0	
0.325	-4.89302e-05	0.0343297	0.222575	-7.5663e-05	0.00182601	-5.47731e-07	-7.50051e-05	0.0825259	-1.06429e-06	0.00472682	0.0310219	0.280154	3.93155e-05	-0.141536	0.000996151	0.000606137	0.106459	0.0146115	0	-0.101523	0	0	0.117321	0	
0.35	-4.89739e-05	0.0318446	0.222574	-7.55537e-05	0.00182044	-5.99092e-07	-7.48893e-05	0.0825203	-1.06978e-06	0.00472815	0.0275834	0.280187	5.29406e-05	-0.137541	0.00132402	0.000545002	0.159795	0.0131149	0	-0.0981019	0	0	0.156394	0	
0.375	-4.90267e-05	0.0294568	0.222573	-7.54468e-05	0.00181509	-6.28012e-07	-7.47764e-05	0.082515	-1.05464e-06	0.00472976	0.0242782	0.280227	6.44906e-05	-0.132209	0.00160127	0.000462001	0.213288	0.0110897	0	-0.0937037	0	0	0.195466	0	
0.4	-4.90864e-05	0.0271905	0.222572	-7.53437e-05	0.00181001	-6.37017e-07	-7.46677e-05	0.0825099	-1.02182e-06	0.0047316	0.0211398	0.280272	7.348e-05	-0.125534	0.00181615	0.000359576	0.266969	0.0085954	0	-0.0883286	0	0	0.234537	0	
0.425	-4.91507e-05	0.0250702	0.222571	-7.52457e-05	0.00180525	-6.29252e-07	-7.45646e-05	0.0825051	-9.74931e-07	0.00473358	0.018202	0.280321	7.94984e-05	-0.117513	0.00195878	0.000240735	0.320859	0.00570501	0	-0.0819768	0	0	0.273607	0	
0.45	-4.9217e-05	0.0231201	0.22257	-7.51544e-05	0.00180087	-6.0836e-07	-7.44687e-05	0.0825007	-9.18052e-07	0.00473564	0.0154985	0.280372	8.22229e-05	-0.108139	0.00202136	0.000108978	0.37496	0.00250345	0	-0.0746483	0	0	0.312676	0	
0.475	-4.92826e-05	0.0213645	0.222569	-7.50712e-05	0.00179693	-5.78337e-07	-7.43814e-05	0.0824968	-8.55629e-07	0.00473767	0.0130633	0.280422	8.14285e-05	-0.0974074	0.0019985	-3.17728e-05	0.429259	-0.000914325	0	-0.066343	0	0	0.351744	0	
0.5	-4.93444e-05	0.0198276	0.222567	-7.49976e-05	0.00179348	-5.43375e-07	-7.43043e-05	0.0824934	-7.92303e-07	0.0047396	0.0109305	0.280469	7.69977e-05	-0.0853143	0.00188739	-0.000177236	0.483725	-0.00444477	0	-0.0570611	0	0	0.39081	0	
0	-4.93444e-05	0.0198276	0.222567	-7.49976e-05	0.00179348	-5.43375e-07	-7.43043e-05	0.0824934	-7.92303e-07	0.0047396	0.0109305	0.280469	7.69977e-05	-0.0853143	0.00188739	-0.000177236	0.483725	-0.00444477	0	-0.0570987	0	0	0.390585	0	
0.025	-4.94001e-05	0.0185232	0.222566	-7.49346e-05	0.00179055	-5.07406e-07	-7.42383e-05	0.0824909	-7.32259e-07	0.00474134	0.00911923	0.280511	6.95142e-05	-0.0724496	0.00170138	-0.000299338	0.514591	-0.0074402	0	-0.0479957	0	0	0.339141	0	
0.05	-4.94492e-05	0.0174302	0.222565	-7.48814e-05	0.00178809	-4.73011e-07	-7.41825e-05	0.0824914	-6.7769e-07	0.00474287	0.00760032	0.280549	6.1208e-05	-0.0607564	0.00149132	-0.000332247	0.467726	-0.00840239	0	-0.0400722	0	0	0.296032	0	
0.075	-4.94915e-05	0.0165216	0.222565	-7.48369e-05	0.00178604	-4.4174e-07	-7.41357e-05	0.0824971	-6.29645e-07	0.00474419	0.0063363	0.280581	5.29773e-05	-0.0505607	0.00127863	-0.000329228	0.407827	-0.00850772	0	-0.0331336	0	0	0.260197	0	
0.1	-4.95274e-05	0.0157752	0.222564	-7.48e-05	0.00178436	-4.14555e-07	-7.40967e-05	0.0825098	-5.88663e-07	0.00474532	0.00529604	0.280607	4.50231e-05	-0.0416103	0.00106912	-0.00031817	0.358016	-0.00838034	0	-0.0270091	0	0	0.230758	0	
0.125	-4.95572e-05	0.0151726	0.222563	-7.47701e-05	0.00178299	-3.92006e-07	-7.40647e-05	0.0825305	-5.54948e-07	0.00474625	0.004454	0.280629	3.74337e-05	-0.0336815	0.000866274	-0.000303574	0.317153	-0.00811381	0	-0.0215485	0	0	0.206989	0	
0.15	-4.95811e-05	0.014699	0.222563	-7.47465e-05	0.00178192	-3.74359e-07	-7.4039e-05	0.0825598	-5.28486e-07	0.00474701	0.00378965	0.280646	3.0221e-05	-0.0265742	0.000671963	-0.000288508	0.284294	-0.00777244	0	-0.0166173	0	0	0.188306	0	
0.175	-4.95995e-05	0.0143427	0.222563	-7.47286e-05	0.0017811	-3.61689e-07	-7.40189e-05	0.082597	-5.09136e-07	0.00474759	0.00328696	0.280658	2.33461e-05	-0.0201076	0.000486916	-0.000274999	0.258662	-0.00740188	0	-0.0120946	0	0	0.174252	0	
0.2	-4.96126e-05	0.0140951	0.222562	-7.4716e-05	0.00178053	-3.53943e-07	-7.40042e-05	0.0826412	-4.96688e-07	0.00474801	0.00293403	0.280666	1.6738e-05	-0.0141171	0.000311009	-0.000264321	0.239622	-0.0070363	0	-0.00786909	0	0	0.16448	0	
0.225	-4.96205e-05	0.0139499	0.222562	-7.47084e-05	0.00178019	-3.50995e-07	-7.39946e-05	0.0826903	-4.90916e-07	0.00474827	0.00272277	0.280669	1.0308e-05	-0.00845025	0.000143432	-0.000257201	0.226673	-0.00670305	0	-0.00383696	0	0	0.15875	0	
0.25	-4.96234e-05	0.0139037	0.222562	-7.47058e-05	0.00178007	-3.52683e-07	-7.39901e-05	0.0827422	-4.91606e-07	0.00474837	0.00264867	0.280669	3.95873e-06	-0.0029643	-1.7201e-05	-0.000253971	0.219438	-0.00642533	0	0.000100878	0	0	0.156921	0	
0.275	-4.96211e-05	0.0139552	0.222562	-7.47081e-05	0.00178017	-3.58836e-07	-7.39906e-05	0.0827943	-4.98588e-07	0.00474831	0.0027106	0.280665	-2.40804e-06	0.0024772	-0.000172782	-0.000254671	0.21766	-0.00622326	0	0.00404119	0	0	0.158948	0	
0.3	-4.96137e-05	0.0141058	0.222562	-7.47153e-05	0.00178049	-3.69298e-07	-7.39964e-05	0.0828441	-5.11748e-07	0.00474809	0.00291078	0.280657	-8.88618e-06	0.00800729	-0.000325628	-0.000259126	0.221204	-0.00611384	0	0.00808082	0	0	0.164882	0	
0.325	-4.9601e-05	0.0143591	0.222562	-7.47276e-05	0.00178105	-3.83936e-07	-7.40078e-05	0.0828894	-5.31041e-07	0.0047477	0.00325475	0.280645	-1.55609e-05	0.0137589	-0.000478379	-0.00026699	0.230064	-0.00611001	0	0.012319	0	0	0.174868	0	
0.35	-4.95828e-05	0.0147213	0.222563	-7.47454e-05	0.00178186	-4.02638e-07	-7.4025e-05	0.0829283	-5.56485e-07	0.00474713	0.00375146	0.280629	-2.25051e-05	0.0198682	-0.000633852	-0.000277765	0.244374	-0.00621893	0	0.01686	0	0	0.189151	0	
0.375	-4.95588e-05	0.0152014	0.222563	-7.47691e-05	0.00178293	-4.25301e-07	-7.40486e-05	0.0829597	-5.88152e-07	0.00474639	0.00441342	0.280609	-2.97744e-05	0.0264786	-0.000794844	-0.000290775	0.264413	-0.0064397	0	0.0218153	0	0	0.208083	0	
0.4	-4.95287e-05	0.0158111	0.222564	-7.47991e-05	0.00178429	-4.51791e-07	-7.40792e-05	0.0829832	-6.26131e-07	0.00474545	0.00525702	0.280585	-3.74022e-05	0.0337441	-0.000963853	-0.000305111	0.290623	-0.00676037	0	0.0273067	0	0	0.232128	0	
0.425	-4.94923e-05	0.0165655	0.222564	-7.48361e-05	0.00178599	-4.81886e-07	-7.41175e-05	0.0829992	-6.7048e-07	0.00474432	0.00630289	0.280556	-4.53898e-05	0.0418347	-0.00114271	-0.000319502	0.323622	-0.00715411	0	0.0334692	0	0	0.261878	0	
0.45	-4.94493e-05	0.017483	0.222565	-7.48811e-05	0.00178805	-5.15185e-07	-7.41642e-05	0.083009	-7.21138e-07	0.00474298	0.0075764	0.280523	-5.3693e-05	0.0509402	-0.00133206	-0.000332129	0.364221	-0.00757414	0	0.0404542	0	0	0.298063	0	
0.475	-4.93994e-05	0.0185862	0.222566	-7.49348e-05	0.00179053	-5.50968e-07	-7.42204e-05	0.0830145	-7.778e-07	0.00474142	0.0091083	0.280485	-6.22009e-05	0.0612762	-0.00153073	-0.000340317	0.413441	-0.00794681	0	0.0484333	0	0	0.341573	0	
0.5	-4.93427e-05	0.0199023	0.222567	-7.49984e-05	0.00179349	-5.87998e-07	-7.4287e-05	0.0830179	-8.39737e-07	0.00473965	0.0109355	0.280441	-7.07037e-05	0.0730897	-0.00173478	-0.000340111	0.472538	-0.00816205	0	0.0576027	0	0	0.393478	0	
0	-4.93427e-05	0.0199023	0.222567	-7.49984e-05	0.00179349	-5.87998e-07	-7.4287e-05	0.0830179	-8.39737e-07	0.00473965	0.0109355	0.280441	-7.07037e-05	0.0730897	-0.00173478	-0.000340111	0.472538	-0.00816205	0	0.0576027	0	0	0.393478	0	
0.025	-4.92797e-05	0.0214534	0.222568	-7.50727e-05	0.00179697	-6.24003e-07	-7.4365e-05	0.0830213	-9.05095e-07	0.0047377	0.0130881	0.280393	-7.83525e-05	0.0861028	-0.00192323	-0.000305954	0.520526	-0.00753788	0	0.0669479	0	0	0.35414	0	
0.05	-4.92131e-05	0.0232248	0.22257	-7.51567e-05	0.00180095	-6.55021e-07	-7.44532e-05	0.0830253	-9.6963e-07	0.00473562	0.015545	0.280342	-8.28346e-05	0.0982767	-0.00203579	-0.000179281	0.486957	-0.00450255	0	0.0753097	0	0	0.3148	0	
0.075	-4.91456e-05	0.025192	0.222571	-7.52488e-05	0.00180537	-6.76782e-07	-7.45501e-05	0.0830297	-1.02861e-06	0.00473353	0.018272	0.280291	-8.36235e-05	0.109079	-0.0020586	-3.15585e-05	0.432105	-0.000912153	0	0.082688	0	0	0.275461	0	
0.1	-4.90801e-05	0.0273306	0.222572	-7.53476e-05	0.00181016	-6.8522e-07	-7.46542e-05	0.0830345	-1.07751e-06	0.00473151	0.0212349	0.280241	-8.08391e-05	0.118515	-0.0019945	0.000111379	0.377426	0.0025637	0	0.0890827	0	0	0.23612	0	
0.125	-4.90194e-05	0.029616	0.222573	-7.54516e-05	0.00181529	-6.76624e-07	-7.47639e-05	0.0830396	-1.11216e-06	0.00472965	0.0243996	0.280195	-7.47094e-05	0.126589	-0.00184901	0.000245185	0.322951	0.00581979	0	0.094494	0	0	0.196779	0	
0.15	-4.89658e-05	0.0320239	0.222574	-7.55594e-05	0.00182068	-6.47792e-07	-7.4878e-05	0.083045	-1.12889e-06	0.00472801	0.0277323	0.280154	-6.55624e-05	0.133306	-0.00163002	0.000365881	0.268692	0.00875957	0	0.0989216	0	0	0.157436	0	
0.175	-4.89213e-05	0.0345297	0.222575	-7.56695e-05	0.0018263	-5.96151e-07	-7.49948e-05	0.0830507	-1.12466e-06	0.00472666	0.0311991	0.28012	-5.38147e-05	0.138672	-0.0013476	0.000469908	0.214648	0.0112966	0	0.102366	0	0	0.118094	0	
0.2	-4.88878e-05	0.037109	0.222576	-7.57808e-05	0.00183207	-5.19864e-07	-7.51131e-05	0.0830564	-1.09719e-06	0.00472566	0.0347664	0.280095	-3.99595e-05	0.142692	-0.00101369	0.000554208	0.160799	0.0133565	0	0.104826	0	0	0.0787501	0	
0.225	-4.88664e-05	0.0397372	0.222576	-7.58919e-05	0.00183795	-4.17923e-07	-7.52317e-05	0.0830623	-1.04501e-06	0.00472505	0.0384006	0.280079	-2.45521e-05	0.14537	-0.000641722	0.000616298	0.107109	0.0148787	0	0.106303	0	0	0.0394058	0	
0.25	-4.88579e-05	0.04239	0.222576	-7.60016e-05	0.00184389	-2.90206e-07	-7.53491e-05	0.0830683	-9.67527e-07	0.00472484	0.0420683	0.280073	-8.1936e-06	0.146708	-0.00024626	0.000654339	0.0535338	0.0158185	0	0.106797	0	0	6.08224e-05	0	
0.275	-4.88626e-05	0.0450429	0.222576	-7.6109e-05	0.00184982	-1.37518e-07	-7.54644e-05	0.0830742	-8.65097e-07	0.00472506	0.0457361	0.280077	8.48637e-06	0.146709	0.000157441	0.000667199	1.83693e-05	0.016148	0	0.106306	0	0	-0.0392849	0	
0.3	-4.88928e-05	0.0476713	0.222576	-7.6213e-05	0.0018557	3.8167e-08	-7.55766e-05	0.0830801	-7.39229e-07	0.00472566	0.0493704	0.28009	2.41105e-05	0.145372	0.000548277	0.000624965	-0.0534657	0.0156334	0	0.104832	0	0	-0.0786314	0	
0.325	-4.89226e-05	0.0502508	0.222575	-7.63126e-05	0.00186146	2.34621e-07	-7.56844e-05	0.0830858	-5.91691e-07	0.00472666	0.0529377	0.280114	4.02694e-05	0.142695	0.000927818	0.000646355	-0.107096	0.0151816	0	0.102375	0	0	-0.117979	0	
0.35	-4.89635e-05	0.0527569	0.222575	-7.64071e-05	0.00186707	4.48047e-07	-7.57872e-05	0.0830915	-4.25815e-07	0.00472802	0.0564046	0.280145	5.41334e-05	0.138676	0.00126464	0.00055456	-0.160748	0.0134729	0	0.0989334	0	0	-0.157327	0	
0.375	-4.90137e-05	0.0551651	0.222574	-7.64958e-05	0.00187245	6.74037e-07	-7.5884e-05	0.0830969	-2.45543e-07	0.00472967	0.0597374	0.280184	6.58903e-05	0.133311	0.00155087	0.000470279	-0.214588	0.0114491	0	0.0945084	0	0	-0.196675	0	
0.4	-4.90712e-05	0.0574509	0.222573	-7.6578e-05	0.00187756	9.07436e-07	-7.59741e-05	0.083102	-5.55622e-08	0.00473154	0.0629023	0.280228	7.50453e-05	0.126596	0.00177452	0.000366197	-0.26862	0.00894618	0	0.0890997	0	0	-0.236025	0	
0.425	-4.91337e-05	0.0595899	0.222572	-7.66532e-05	0.00188234	1.14245e-06	-7.60569e-05	0.0831068	1.38798e-07	0.00473357	0.0658654	0.280276	8.11794e-05	0.118524	0.00192548	0.000245364	-0.322865	0.00603839	0	0.0827072	0	0	-0.275375	0	
0.45	-4.91985e-05	0.0615576	0.22257	-7.67208e-05	0.00188674	1.37276e-06	-7.61316e-05	0.0831112	3.31696e-07	0.00473567	0.0685927	0.280326	8.39628e-05	0.109091	0.00199578	0.000111335	-0.377327	0.00281206	0	0.0753309	0	0	-0.314726	0	
0.475	-4.92628e-05	0.0633296	0.222569	-7.67804e-05	0.0018907	1.59169e-06	-7.61978e-05	0.0831151	5.16919e-07	0.00473775	0.07105	0.280376	8.31652e-05	0.0982913	0.00197988	-3.19038e-05	-0.431994	-0.00063612	0	0.0669709	0	0	-0.354077	0	
0.5	-4.93121e-05	0.0648813	0.222568	-6.91502e-05	0.00188091	1.61272e-06	-7.62564e-05	0.0831186	6.87053e-07	0.00473887	0.0732053	0.280422	4.48005e-05	0.0862132	0.00184711	-0.00153459	-0.483122	-0.00531082	0	0.0576271	0	0	-0.393429	0	
0	-4.93121e-05	0.0648813	0.222568	-6.91502e-05	0.00188091	1.61272e-06	-7.62564e-05	0.0831186	6.87053e-07	0.00473887	0.0732053	0.280422	4.48005e-05	0.0862132	0.00184711	-0.00153459	-0.483122	-0.00531082	0	0.0576027	0	0	-0.393575	0	
0.025	-4.93672e-05	0.0661974	0.222567	-6.91887e-05	0.00188384	1.77178e-06	-7.63041e-05	0.0831216	8.38732e-07	0.00474065	0.0750323	0.280464	7.11717e-05	0.0730776	0.00169333	0.00105485	-0.525425	-0.00615125	0	0.0484309	0	0	-0.341672	0	
0.05	-4.94157e-05	0.0673005	0.222566	-6.92204e-05	0.00188797	1.90924e-06	-7.63437e-05	0.083124	9.70568e-07	0.00474221	0.076564	0.280502	6.2609e-05	0.0612686	0.00149447	-0.000342506	-0.472359	-0.00795427	0	0.0404492	0	0	-0.298165	0	
0.075	-4.94805e-05	0.0682179	0.222565	-6.92464e-05	0.00189484	2.02631e-06	-7.63763e-05	0.0831261	1.08349e-06	0.00474353	0.0778376	0.280534	5.27707e-05	0.0509436	0.00129616	-0.000393535	-0.413002	-0.0079325	0	0.0334616	0	0	-0.261986	0	
0.1	-4.95161e-05	0.068972	0.222565	-6.92673e-05	0.00190566	2.12454e-06	-7.64028e-05	0.0831278	1.17888e-06	0.00474468	0.0788839	0.280562	4.5736e-05	0.0418521	0.0011104	-0.000281387	-0.363658	-0.00743042	0	0.0272963	0	0	-0.232245	0	
0.125	-4.95455e-05	0.0695814	0.222564	-6.92839e-05	0.00192122	2.20516e-06	-7.64241e-05	0.0831292	1.25779e-06	0.00474562	0.0797283	0.280585	3.77424e-05	0.033779	0.000931311	-0.000319743	-0.322925	-0.0071635	0	0.0218018	0	0	-0.208211	0	
0.15	-4.9569e-05	0.0700611	0.222564	-6.92967e-05	0.00194181	2.26937e-06	-7.64406e-05	0.0831302	1.3213e-06	0.00474637	0.0803916	0.280604	3.01166e-05	0.0265314	0.000761359	-0.000305034	-0.289902	-0.00679805	0	0.0168432	0	0	-0.189294	0	
0.175	-4.9587e-05	0.0704229	0.222563	-6.9306e-05	0.00196719	2.31819e-06	-7.6453e-05	0.083131	1.37031e-06	0.00474694	0.0808901	0.280619	2.28497e-05	0.0199375	0.000599265	-0.000290675	-0.263756	-0.00648376	0	0.0122984	0	0	-0.17503	0	
0.2	-4.95995e-05	0.0706756	0.222563	-6.93122e-05	0.00199663	2.35245e-06	-7.64616e-05	0.0831316	1.40551e-06	0.00474734	0.0812361	0.28063	1.59013e-05	0.0138409	0.000443034	-0.000277937	-0.243866	-0.00624927	0	0.00805585	0	0	-0.165066	0	
0.225	-4.96069e-05	0.0708254	0.222563	-6.93154e-05	0.00202898	2.37278e-06	-7.64666e-05	0.0831319	1.42739e-06	0.00474757	0.0814385	0.280638	9.20884e-06	0.00809648	0.000290297	-0.000267698	-0.229777	-0.00610948	0	0.00401129	0	0	-0.159159	0	
0.25	-4.96092e-05	0.0708761	0.222563	-6.93159e-05	0.00206275	2.37955e-06	-7.64681e-05	0.083132	1.43621e-06	0.00474764	0.0815027	0.280641	2.69459e-06	0.00256671	0.000138563	-0.00026057	-0.221191	-0.00606934	0	6.53119e-05	0	0	-0.157164	0	
0.275	-4.96066e-05	0.0708288	0.222563	-6.93137e-05	0.00209634	2.37293e-06	-7.64663e-05	0.0831319	1.43199e-06	0.00474755	0.0814306	0.280641	-3.72972e-06	-0.00288215	-1.45978e-05	-0.000256972	-0.217954	-0.00612644	0	-0.00387906	0	0	-0.159031	0	
0.3	-4.95989e-05	0.0706825	0.222563	-6.93088e-05	0.00212808	2.35282e-06	-7.64611e-05	0.0831316	1.41454e-06	0.00474729	0.081221	0.280636	-1.01587e-05	-0.00838335	-0.000171425	-0.000257161	-0.220048	-0.00627309	0	-0.00791877	0	0	-0.164806	0	
0.325	-4.95861e-05	0.0704334	0.222564	-6.93012e-05	0.00215651	2.31889e-06	-7.64523e-05	0.083131	1.38346e-06	0.00474687	0.0808692	0.280628	-1.66893e-05	-0.0140729	-0.000333861	-0.000261224	-0.227581	-0.00649743	0	-0.0121531	0	0	-0.174631	0	
0.35	-4.95681e-05	0.0700756	0.222564	-6.92907e-05	0.00218044	2.27056e-06	-7.64398e-05	0.0831302	1.33813e-06	0.00474629	0.0803669	0.280615	-2.34155e-05	-0.0200926	-0.00050346	-0.000269045	-0.240789	-0.00678398	0	-0.0166861	0	0	-0.188748	0	
0.375	-4.95447e-05	0.0696001	0.222564	-6.92769e-05	0.00219911	2.20705e-06	-7.64231e-05	0.0831291	1.27779e-06	0.00474553	0.079702	0.280598	-3.04214e-05	-0.0265934	-0.000681292	-0.00028024	-0.260033	-0.00711328	0	-0.0216291	0	0	-0.207503	0	
0.4	-4.95154e-05	0.0689953	0.222565	-6.92596e-05	0.00221222	2.12732e-06	-7.64019e-05	0.0831278	1.2015e-06	0.00474458	0.0788586	0.280577	-3.77727e-05	-0.0337386	-0.000867801	-0.000294052	-0.285805	-0.00746033	0	-0.0271037	0	0	-0.231358	0	
0.425	-4.94802e-05	0.0682463	0.222565	-6.92382e-05	0.00222001	2.03019e-06	-7.63754e-05	0.0831261	1.10823e-06	0.00474345	0.0778159	0.28055	-4.55029e-05	-0.041707	-0.00106259	-0.000309207	-0.318737	-0.00779173	0	-0.0332443	0	0	-0.260898	0	
0.45	-4.94158e-05	0.0673347	0.222566	-6.9212e-05	0.0022232	1.91441e-06	-7.63429e-05	0.083124	9.97014e-07	0.00474214	0.0765485	0.280519	-5.23068e-05	-0.050698	-0.00126156	-0.000272155	-0.359641	-0.00795857	0	-0.0402019	0	0	-0.29685	0	
0.475	-4.93678e-05	0.0662381	0.222567	-6.91803e-05	0.0022229	1.77844e-06	-7.63036e-05	0.0831216	8.6661e-07	0.00474059	0.0750252	0.280482	-6.1962e-05	-0.0609322	-0.00146907	-0.000386208	-0.409367	-0.00830057	0	-0.0481476	0	0	-0.340097	0	
0.5	-4.93616e-05	0.0649298	0.222568	-7.68226e-05	0.00223375	1.80137e-06	-7.62547e-05	0.0831186	7.17034e-07	0.00473963	0.0732064	0.280441	-3.85641e-05	-0.0727512	-0.00165009	0.000935916	-0.47276	-0.00724078	0	-0.0572764	0	0	-0.391702	0	
0	-4.93616e-05	0.0649298	0.222568	-7.68226e-05	0.00223375	1.80137e-06	-7.62547e-05	0.0831186	7.17034e-07	0.00473963	0.0732064	0.280441	-3.85641e-05	-0.0727512	-0.00165009	0.000935916	-0.47276	-0.00724078	0	-0.0572764	0	0	-0.391702	0	
0.025	-4.92648e-05	0.0633872	0.222569	-7.67715e-05	0.0022303	1.60307e-06	-7.61978e-05	0.0831152	5.47618e-07	0.00473773	0.071066	0.280394	-7.57055e-05	-0.0856146	-0.00184601	-0.00148566	-0.514538	-0.00783672	0	-0.0665792	0	0	-0.352526	0	
0.05	-4.92012e-05	0.0616254	0.22257	-7.67121e-05	0.00222636	1.3864e-06	-7.6132e-05	0.0831112	3.63927e-07	0.00473568	0.0686228	0.280346	-8.22475e-05	-0.0977286	-0.00195605	-0.000261679	-0.48456	-0.00440143	0	-0.0749027	0	0	-0.31335	0	
0.075	-4.91372e-05	0.0596688	0.222572	-7.66447e-05	0.00222199	1.15842e-06	-7.60576e-05	0.0831068	1.72553e-07	0.0047336	0.0659107	0.280296	-8.30482e-05	-0.108482	-0.00197202	-3.20306e-05	-0.430151	-0.000639138	0	-0.0822467	0	0	-0.274175	0	
0.1	-4.90754e-05	0.0575416	0.222573	-7.65698e-05	0.00221723	9.25736e-07	-7.59753e-05	0.0831021	-2.03486e-08	0.00473159	0.0629638	0.280249	-8.03036e-05	-0.117876	-0.00190274	0.000109787	-0.37573	0.00277149	0	-0.0886114	0	0	-0.235	0	
0.125	-4.90185e-05	0.0552682	0.222574	-7.64879e-05	0.00221215	6.94606e-07	-7.58857e-05	0.083097	-2.08987e-07	0.00472974	0.059816	0.280205	-7.42415e-05	-0.125913	-0.00175367	0.000242483	-0.32151	0.00596258	0	-0.0939967	0	0	-0.195825	0	
0.15	-4.89689e-05	0.0528729	0.222575	-7.63996e-05	0.00220679	4.70767e-07	-7.57894e-05	0.0830916	-3.88082e-07	0.00472811	0.056501	0.280167	-6.51887e-05	-0.132601	-0.00153271	0.00036211	-0.267503	0.0088385	0	-0.0984027	0	0	-0.156652	0	
0.175	-4.89285e-05	0.0503803	0.222575	-7.63055e-05	0.00220122	2.59324e-07	-7.56872e-05	0.083086	-5.52984e-07	0.00472677	0.0530524	0.280135	-5.35599e-05	-0.137944	-0.00124986	0.000465152	-0.213706	0.0113139	0	-0.101829	0	0	-0.117478	0	
0.2	-4.8899e-05	0.0478145	0.222576	-7.62062e-05	0.00219548	6.46437e-08	-7.558e-05	0.0830803	-6.99787e-07	0.00472577	0.0495037	0.280112	-3.98452e-05	-0.141946	-0.000916978	0.00054859	-0.160097	0.0133154	0	-0.104277	0	0	-0.0783051	0	
0.225	-4.8869e-05	0.0452	0.222576	-7.61027e-05	0.00218964	-1.09511e-07	-7.54685e-05	0.0830744	-8.25179e-07	0.00472518	0.0458884	0.280099	-2.38506e-05	-0.144613	-0.000541788	0.000639782	-0.106674	0.0150076	0	-0.105745	0	0	-0.0391326	0	
0.25	-4.88643e-05	0.0425611	0.222576	-7.59959e-05	0.00218374	-2.60934e-07	-7.53538e-05	0.0830685	-9.27408e-07	0.00472497	0.0422398	0.280095	-8.40098e-06	-0.145945	-0.00015554	0.000617985	-0.0532694	0.0154499	0	-0.106233	0	0	3.93783e-05	0	
0.275	-4.88727e-05	0.0399223	0.222576	-7.58866e-05	0.00217783	-3.87666e-07	-7.5237e-05	0.0830626	-1.00497e-06	0.00472517	0.0385912	0.280101	8.10198e-06	-0.145945	0.000243493	0.000660118	-1.01125e-05	0.0159613	0	-0.105743	0	0	0.0392109	0	
0.3	-4.88939e-05	0.0373079	0.222576	-7.57761e-05	0.00217198	-4.88905e-07	-7.51192e-05	0.0830568	-1.0575e-06	0.00472578	0.0349759	0.280117	2.4287e-05	-0.144613	0.000634385	0.000647402	0.0532807	0.0156357	0	-0.104273	0	0	0.078382	0	
0.325	-4.89271e-05	0.0347423	0.222575	-7.56654e-05	0.00216624	-5.64766e-07	-7.50016e-05	0.083051	-1.08558e-06	0.00472676	0.0314272	0.280142	3.9531e-05	-0.141947	0.00100205	0.00060976	0.106631	0.0147066	0	-0.101824	0	0	0.117553	0	
0.35	-4.8971e-05	0.0322498	0.222574	-7.55558e-05	0.00216065	-6.16245e-07	-7.48854e-05	0.0830454	-1.09065e-06	0.0047281	0.0279786	0.280175	5.32388e-05	-0.137945	0.00133209	0.000548311	0.160094	0.0132016	0	-0.0983951	0	0	0.156723	0	
0.375	-4.90241e-05	0.0298548	0.222573	-7.54486e-05	0.00215529	-6.45151e-07	-7.47721e-05	0.0830401	-1.07496e-06	0.00472972	0.0246635	0.280216	6.48606e-05	-0.132602	0.00161121	0.000464872	0.213714	0.0111646	0	-0.0939874	0	0	0.195892	0	
0.4	-4.90841e-05	0.0275816	0.222572	-7.53451e-05	0.00215019	-6.54027e-07	-7.4663e-05	0.083035	-1.04151e-06	0.00473156	0.0215157	0.280261	7.3908e-05	-0.125914	0.0018276	0.000361897	0.267527	0.00865563	0	-0.0886005	0	0	0.235062	0	
0.425	-4.91489e-05	0.0254547	0.222571	-7.52469e-05	0.00214542	-6.46037e-07	-7.45596e-05	0.0830302	-9.93926e-07	0.00473356	0.0185688	0.28031	7.99684e-05	-0.117875	0.0019713	0.000242414	0.32155	0.00574811	0	-0.0822343	0	0	0.27423	0	
0.45	-4.92156e-05	0.0234984	0.22257	-7.51553e-05	0.00214103	-6.24847e-07	-7.44633e-05	0.0830258	-9.36313e-07	0.00473563	0.0158568	0.280361	8.27169e-05	-0.10848	0.00203449	0.00010994	0.375787	0.00252748	0	-0.0748889	0	0	0.313398	0	
0.475	-4.92815e-05	0.0217371	0.222568	-7.50718e-05	0.00213707	-5.94479e-07	-7.43757e-05	0.0830219	-8.73148e-07	0.00473768	0.0134137	0.280412	8.19273e-05	-0.0977246	0.00201172	-3.15817e-05	0.430226	-0.000910753	0	-0.0665644	0	0	0.352566	0	
0.5	-4.93438e-05	0.020195	0.222567	-7.49979e-05	0.0021336	-5.59151e-07	-7.42982e-05	0.0830184	-8.09106e-07	0.00473962	0.0112736	0.280459	7.74812e-05	-0.0856038	0.00190016	-0.000177847	0.484833	-0.00446245	0	-0.0572606	0	0	0.391734	0	
0	-4.93438e-05	0.020195	0.222567	-7.49979e-05	0.0021336	-5.59151e-07	-7.42982e-05	0.0830184	-8.09106e-07	0.00473962	0.0112736	0.280459	7.74812e-05	-0.0856038	0.00190016	-0.000177847	0.484833	-0.00446245	0	-0.0572764	0	0	0.391639	0	
0.025	-4.93998e-05	0.0188864	0.222566	-7.49347e-05	0.00213066	-5.22818e-07	-7.4232e-05	0.0830156	-7.48406e-07	0.00474137	0.00945671	0.280502	6.99301e-05	-0.072675	0.00171295	-0.000302041	0.517152	-0.00748838	0	-0.0481491	0	0	0.340033	0	
0.05	-4.94492e-05	0.0177898	0.222565	-7.48813e-05	0.0021282	-4.87967e-07	-7.41761e-05	0.0830144	-6.93134e-07	0.0047429	0.00793319	0.28054	6.15589e-05	-0.0609406	0.00150442	-0.00033485	0.469378	-0.00834106	0	-0.0402051	0	0	0.296784	0	
0.075	-4.94917e-05	0.0168782	0.222565	-7.48366e-05	0.00212614	-4.56059e-07	-7.41293e-05	0.0830156	-6.44245e-07	0.00474424	0.00666573	0.280572	5.32401e-05	-0.0506986	0.0012956	-0.000332752	0.40968	-0.00835282	0	-0.0332492	0	0	0.260828	0	
0.1	-4.95278e-05	0.016129	0.222564	-7.47997e-05	0.00212446	-4.27985e-07	-7.40905e-05	0.08302	-6.02211e-07	0.00474536	0.00562327	0.280599	4.51774e-05	-0.0416982	0.00109176	-0.000322508	0.360014	-0.00815367	0	-0.0271104	0	0	0.231282	0	
0.125	-4.95577e-05	0.015524	0.222563	-7.47698e-05	0.00212309	-4.04254e-07	-7.40589e-05	0.0830279	-5.67193e-07	0.0047463	0.00478032	0.280622	3.74656e-05	-0.0337181	0.000895703	-0.000308471	0.319206	-0.00784217	0	-0.0216378	0	0	0.20742	0	
0.15	-4.95817e-05	0.0150483	0.222563	-7.47461e-05	0.00212202	-3.85118e-07	-7.40337e-05	0.0830395	-5.39164e-07	0.00474705	0.0041163	0.280639	3.01257e-05	-0.0265609	0.000708566	-0.000293597	0.286289	-0.00748549	0	-0.016697	0	0	0.188655	0	
0.175	-4.96001e-05	0.0146901	0.222563	-7.47282e-05	0.00212121	-3.70669e-07	-7.40145e-05	0.0830547	-5.17999e-07	0.00474763	0.00361508	0.280653	2.31294e-05	-0.020049	0.000530325	-0.000279854	0.260474	-0.00712964	0	-0.0121664	0	0	0.174526	0	
0.2	-4.96131e-05	0.0144407	0.222562	-7.47157e-05	0.00212064	-3.60901e-07	-7.40007e-05	0.0830728	-5.03529e-07	0.00474804	0.00326456	0.280662	1.64165e-05	-0.0140207	0.000360161	-0.000268514	0.241134	-0.00680658	0	-0.00793493	0	0	0.164687	0	
0.225	-4.96209e-05	0.0142939	0.222562	-7.47083e-05	0.0021203	-3.55759e-07	-7.39922e-05	0.0830932	-4.9559e-07	0.00474829	0.00305641	0.280667	9.90773e-06	-0.00832609	0.000196685	-0.000260351	0.227783	-0.00653901	0	-0.00389842	0	0	0.158894	0	
0.25	-4.96235e-05	0.014246	0.222562	-7.47057e-05	0.00212019	-3.55164e-07	-7.39889e-05	0.0831149	-4.94044e-07	0.00474838	0.0029858	0.280668	3.513e-06	-0.00282432	3.80981e-05	-0.000255789	0.220071	-0.00634349	0	4.2285e-05	0	0	0.157007	0	
0.275	-4.96211e-05	0.0142961	0.222562	-7.47081e-05	0.00212029	-3.59044e-07	-7.39906e-05	0.0831368	-4.98804e-07	0.00474831	0.0030513	0.280665	-2.86196e-06	0.00262014	-0.000117703	-0.000254998	0.217778	-0.00623206	0	0.00398403	0	0	0.158977	0	
0.3	-4.96135e-05	0.0144452	0.222562	-7.47154e-05	0.00212062	-3.67335e-07	-7.39975e-05	0.0831579	-5.09838e-07	0.00474807	0.00325481	0.280658	-9.31076e-06	0.00814042	-0.000273028	-0.000257952	0.220811	-0.00621299	0	0.00802369	0	0	0.164855	0	
0.325	-4.96007e-05	0.0146969	0.222563	-7.47278e-05	0.00212118	-3.79991e-07	-7.40098e-05	0.0831772	-5.27174e-07	0.00474768	0.00360158	0.280647	-1.59222e-05	0.0138705	-0.000430292	-0.000264459	0.229204	-0.00629056	0	0.0122605	0	0	0.174784	0	
0.35	-4.95824e-05	0.0150576	0.222563	-7.47457e-05	0.00212199	-3.96967e-07	-7.40279e-05	0.083194	-5.50893e-07	0.00474711	0.00410029	0.280632	-2.27761e-05	0.0199487	-0.000591896	-0.000274156	0.243126	-0.00646415	0	0.0167987	0	0	0.189009	0	
0.375	-4.95584e-05	0.0155361	0.222563	-7.47693e-05	0.00212306	-4.18205e-07	-7.40521e-05	0.0832078	-5.81102e-07	0.00474636	0.00476331	0.280613	-2.9938e-05	0.0265208	-0.00076006	-0.000286475	0.262885	-0.00672655	0	0.0217496	0	0	0.207878	0	
0.4	-4.95284e-05	0.0161441	0.222564	-7.47993e-05	0.00212443	-4.43588e-07	-7.40832e-05	0.0832184	-6.17907e-07	0.00474542	0.00560692	0.28059	-3.74521e-05	0.0337443	-0.000936597	-0.000300564	0.288941	-0.0070615	0	0.0272351	0	0	0.231856	0	
0.425	-4.94921e-05	0.0168965	0.222564	-7.48364e-05	0.00212612	-4.72882e-07	-7.41217e-05	0.0832261	-6.61352e-07	0.00474429	0.00665173	0.280562	-4.5331e-05	0.0417922	-0.0011226	-0.000315155	0.321917	-0.00744011	0	0.0333899	0	0	0.261532	0	
0.45	-4.94492e-05	0.017812	0.222565	-7.48812e-05	0.00212818	-5.0564e-07	-7.41684e-05	0.0832314	-7.11336e-07	0.00474295	0.00792317	0.280529	-5.35401e-05	0.0508576	-0.001318	-0.000328366	0.362615	-0.00781592	0	0.0403652	0	0	0.297635	0	
0.475	-4.93995e-05	0.0189128	0.222566	-7.49348e-05	0.00213066	-5.41072e-07	-7.42245e-05	0.0832351	-7.67486e-07	0.0047414	0.00945213	0.280491	-6.19752e-05	0.0611585	-0.00152094	-0.000337405	0.412034	-0.00811785	0	0.0483326	0	0	0.341053	0	
0.5	-4.9343e-05	0.0202263	0.222567	-7.49983e-05	0.00213361	-5.77851e-07	-7.4291e-05	0.0832383	-8.2898e-07	0.00473964	0.0112757	0.280448	-7.0429e-05	0.0729433	-0.00172695	-0.000338149	0.471395	-0.00824041	0	0.0574877	0	0	0.392852	0	
0	-4.9343e-05	0.0202263	0.222567	-7.49983e-05	0.00213361	-5.77851e-07	-7.4291e-05	0.0832383	-8.2898e-07	0.00473964	0.0112757	0.280448	-7.0429e-05	0.0729433	-0.00172695	-0.000338149	0.471395	-0.00824041	0	0.0574877	0	0	0.392852	0	
0.025	-4.92803e-05	0.0217743	0.222568	-7.50724e-05	0.00213709	-6.13616e-07	-7.43688e-05	0.0832417	-8.93875e-07	0.00473769	0.0134241	0.2804	-7.80494e-05	0.0859343	-0.00191519	-0.000304817	0.51964	-0.00752942	0	0.066818	0	0	0.353571	0	
0.05	-4.92139e-05	0.0235423	0.22257	-7.51562e-05	0.00214106	-6.44402e-07	-7.44568e-05	0.0832457	-9.57925e-07	0.00473563	0.0158763	0.280349	-8.2517e-05	0.098089	-0.00202736	-0.000178704	0.486188	-0.00448667	0	0.0751662	0	0	0.314289	0	
0.075	-4.91467e-05	0.0255058	0.222571	-7.52482e-05	0.00214547	-6.65956e-07	-7.45535e-05	0.0832501	-1.01642e-06	0.00473354	0.0185982	0.280298	-8.33043e-05	0.108874	-0.0020501	-3.14913e-05	0.431419	-0.000909829	0	0.0825324	0	0	0.275007	0	
0.1	-4.90815e-05	0.0276403	0.222572	-7.53468e-05	0.00215025	-6.74228e-07	-7.46573e-05	0.0832549	-1.06485e-06	0.00473153	0.0215555	0.280248	-8.05306e-05	0.118295	-0.00198628	0.000110947	0.376821	0.00255276	0	0.0889166	0	0	0.235725	0	
0.125	-4.9021e-05	0.0299215	0.222573	-7.54506e-05	0.00215537	-6.65525e-07	-7.47669e-05	0.08326	-1.09907e-06	0.00472967	0.0247144	0.280202	-7.44236e-05	0.126356	-0.00184138	0.00024428	0.322427	0.00579626	0	0.0943186	0	0	0.196443	0	
0.15	-4.89676e-05	0.0323249	0.222574	-7.55581e-05	0.00216075	-6.36656e-07	-7.48807e-05	0.0832654	-1.11542e-06	0.00472804	0.028041	0.280161	-6.531e-05	0.133062	-0.00162326	0.000364542	0.268249	0.0087245	0	0.0987387	0	0	0.15716	0	
0.175	-4.89233e-05	0.0348261	0.222575	-7.56681e-05	0.00216636	-5.85059e-07	-7.49973e-05	0.083271	-1.11088e-06	0.0047267	0.0315015	0.280128	-5.36054e-05	0.138419	-0.00134198	0.000468188	0.214285	0.0112514	0	0.102177	0	0	0.117877	0	
0.2	-4.88899e-05	0.0374006	0.222576	-7.57792e-05	0.00217212	-5.0891e-07	-7.51153e-05	0.0832768	-1.08319e-06	0.0047257	0.0350622	0.280103	-3.9801e-05	0.142432	-0.00100941	0.000552172	0.160514	0.0133029	0	0.104633	0	0	0.0785932	0	
0.225	-4.88686e-05	0.040024	0.222576	-7.58901e-05	0.00217799	-4.07203e-07	-7.52336e-05	0.0832826	-1.03086e-06	0.00472509	0.0386899	0.280087	-2.44505e-05	0.145104	-0.000638938	0.000614021	0.106904	0.0148187	0	0.106106	0	0	0.0393095	0	
0.25	-4.88602e-05	0.0426719	0.222576	-7.59996e-05	0.00218392	-2.79821e-07	-7.53508e-05	0.0832886	-9.53342e-07	0.00472489	0.0423509	0.280081	-8.15288e-06	0.14644	-0.000245081	0.000651906	0.0534069	0.0157543	0	0.106598	0	0	2.54948e-05	0	
0.275	-4.88649e-05	0.0453198	0.222576	-7.61068e-05	0.00218984	-1.27567e-07	-7.54659e-05	0.0832945	-8.5097e-07	0.0047251	0.0460118	0.280084	8.46457e-06	0.146439	0.000156972	0.000664698	-2.95214e-05	0.0160821	0	0.106108	0	0	-0.0392588	0	
0.3	-4.8895e-05	0.0479433	0.222576	-7.62106e-05	0.0021957	4.7588e-08	-7.55778e-05	0.0833004	-7.2526e-07	0.0047257	0.0496394	0.280098	2.40267e-05	0.145103	0.000546177	0.000622484	-0.0534341	0.0155682	0	0.104635	0	0	-0.0785435	0	
0.325	-4.89247e-05	0.0505179	0.222575	-7.63101e-05	0.00220146	2.43425e-07	-7.56855e-05	0.0833061	-5.77971e-07	0.0047267	0.0532001	0.280121	4.01267e-05	0.142428	0.000924162	0.000644001	-0.106984	0.0151194	0	0.10218	0	0	-0.117828	0	
0.35	-4.89654e-05	0.0530192	0.222575	-7.64045e-05	0.00220705	4.56156e-07	-7.5788e-05	0.0833117	-4.12432e-07	0.00472805	0.0566605	0.280153	5.39368e-05	0.138415	0.00125956	0.000552406	-0.160554	0.0134161	0	0.0987436	0	0	-0.157114	0	
0.375	-4.90154e-05	0.0554228	0.222574	-7.64931e-05	0.00221242	6.81389e-07	-7.58846e-05	0.0833171	-2.32571e-07	0.00472969	0.0599869	0.280191	6.56471e-05	0.133057	0.00154456	0.00046841	-0.214311	0.0113999	0	0.0943247	0	0	-0.196399	0	
0.4	-4.90727e-05	0.0577041	0.222573	-7.65752e-05	0.00221752	9.13987e-07	-7.59746e-05	0.0833222	-4.30626e-08	0.00473156	0.0631457	0.280236	7.47642e-05	0.12635	0.00176723	0.000364686	-0.268259	0.00890651	0	0.0889237	0	0	-0.235685	0	
0.425	-4.91349e-05	0.0598389	0.222572	-7.66502e-05	0.0022223	1.14817e-06	-7.60572e-05	0.083327	1.50781e-07	0.00473358	0.0661029	0.280283	8.08711e-05	0.11829	0.00191747	0.000244273	-0.322417	0.00600982	0	0.0825405	0	0	-0.274971	0	
0.45	-4.91995e-05	0.0618026	0.22257	-7.67177e-05	0.00222669	1.37765e-06	-7.61318e-05	0.0833314	3.43136e-07	0.00473567	0.0688247	0.280333	8.36389e-05	0.10887	0.00198737	0.000110712	-0.376791	0.00279588	0	0.0751751	0	0	-0.314258	0	
0.475	-4.92635e-05	0.0635708	0.222569	-7.67773e-05	0.00223064	1.59577e-06	-7.61979e-05	0.0833354	5.2781e-07	0.00473774	0.0712768	0.280382	8.28382e-05	0.0980859	0.00197139	-3.20243e-05	-0.431368	-0.00063901	0	0.0668276	0	0	-0.353544	0	
0.5	-4.8868e-05	0.0651178	0.222568	-6.91464e-05	0.00222086	1.61611e-06	-7.62552e-05	0.0833388	6.97888e-07	0.00473948	0.0734257	0.280429	6.92404e-05	0.0859562	0.00185308	-0.000543913	-0.485189	-0.00473252	0	0.0574979	0	0	-0.392831	0	
0	-4.8868e-05	0.0651178	0.222568	-6.91464e-05	0.00222086	1.61611e-06	-7.62552e-05	0.0833388	6.97888e-07	0.00473948	0.0734257	0.280429	6.92404e-05	0.0859562	0.00185308	-0.000543913	-0.485189	-0.00473252	0	0.0574877	0	0	-0.392893	0	
0.025	-4.93674e-05	0.0664325	0.222567	-6.91857e-05	0.00222362	1.77418e-06	-7.6304e-05	0.0833418	8.48621e-07	0.00474063	0.0752507	0.280471	4.61276e-05	0.0730012	0.0016717	-0.000924514	-0.518203	-0.00725515	0	0.0483315	0	0	-0.341094	0	
0.05	-4.94158e-05	0.0675334	0.222566	-6.92174e-05	0.00222664	1.91112e-06	-7.63435e-05	0.0833442	9.79972e-07	0.00474219	0.0767795	0.280508	6.23798e-05	0.0611494	0.00148602	0.000650088	-0.474069	-0.00742742	0	0.0403632	0	0	-0.297678	0	
0.075	-4.94804e-05	0.0684487	0.222565	-6.92435e-05	0.00223059	2.02774e-06	-7.6376e-05	0.0833463	1.09234e-06	0.0047435	0.0780508	0.28054	5.26006e-05	0.0508544	0.00128519	-0.000391169	-0.411802	-0.00803315	0	0.0333867	0	0	-0.261578	0	
0.1	-4.95159e-05	0.0692011	0.222565	-6.92646e-05	0.00223601	2.1256e-06	-7.64025e-05	0.083348	1.18706e-06	0.00474464	0.0790957	0.280567	4.56388e-05	0.0417952	0.00109575	-0.000278469	-0.362364	-0.00757759	0	0.0272308	0	0	-0.231905	0	
0.125	-4.95452e-05	0.069809	0.222564	-6.92814e-05	0.00224324	2.20591e-06	-7.64237e-05	0.0833493	1.26518e-06	0.00474559	0.0799396	0.28059	3.77275e-05	0.0337554	0.000912248	-0.000316455	-0.321596	-0.00733996	0	0.021744	0	0	-0.207932	0	
0.15	-4.95687e-05	0.0702873	0.222564	-6.92944e-05	0.00225243	2.26987e-06	-7.64403e-05	0.0833504	1.32773e-06	0.00474634	0.0806031	0.280608	3.01867e-05	0.0265401	0.000737629	-0.000301631	-0.288611	-0.00698478	0	0.0167916	0	0	-0.189069	0	
0.175	-4.95867e-05	0.0706478	0.222563	-6.93041e-05	0.00226349	2.31852e-06	-7.64528e-05	0.0833512	1.37565e-06	0.00474692	0.0811025	0.280623	2.30005e-05	0.0199755	0.000571092	-0.000287449	-0.262583	-0.00666147	0	0.0122519	0	0	-0.174852	0	
0.2	-4.95993e-05	0.0708993	0.222563	-6.93107e-05	0.00227612	2.35267e-06	-7.64614e-05	0.0833518	1.40964e-06	0.00474732	0.0814501	0.280633	1.6121e-05	0.0139033	0.000411093	-0.000275179	-0.242887	-0.00639997	0	0.00801322	0	0	-0.164932	0	
0.225	-4.96067e-05	0.0710481	0.222563	-6.93144e-05	0.00228985	2.37292e-06	-7.64664e-05	0.0833521	1.43022e-06	0.00474756	0.0816545	0.280639	9.4795e-06	0.00817688	0.000255641	-0.000265659	-0.229058	-0.00621805	0	0.0039715	0	0	-0.159066	0	
0.25	-4.96091e-05	0.0710977	0.222563	-6.93154e-05	0.00230407	2.37965e-06	-7.64681e-05	0.0833522	1.4377e-06	0.00474763	0.0817209	0.280642	2.99366e-06	0.00265736	0.000102523	-0.000259434	-0.220781	-0.00612475	0	2.73766e-05	0	0	-0.157108	0	
0.275	-4.96066e-05	0.0710495	0.222563	-6.93137e-05	0.00231808	2.37299e-06	-7.64663e-05	0.0833521	1.43215e-06	0.00474755	0.0816512	0.280641	-3.42711e-06	-0.00278958	-5.05478e-05	-0.000256831	-0.217877	-0.00612282	0	-0.00391607	0	0	-0.159012	0	
0.3	-4.9599e-05	0.0709022	0.222563	-6.93093e-05	0.00233122	2.35283e-06	-7.64612e-05	0.0833518	1.41342e-06	0.0047473	0.0814438	0.280636	-9.87726e-06	-0.00829713	-0.000205802	-0.000258006	-0.220302	-0.00621019	0	-0.00795576	0	0	-0.164823	0	
0.325	-4.95863e-05	0.0706522	0.222563	-6.93021e-05	0.00234284	2.31882e-06	-7.64525e-05	0.0833512	1.38116e-06	0.00474689	0.0810937	0.280626	-1.64509e-05	-0.0140006	-0.00036532	-0.000262947	-0.228138	-0.00638072	0	-0.012191	0	0	-0.174685	0	
0.35	-4.95683e-05	0.0702933	0.222564	-6.92919e-05	0.00235245	2.27038e-06	-7.644e-05	0.0833504	1.33479e-06	0.00474631	0.0805927	0.280613	-2.32373e-05	-0.0200405	-0.000530925	-0.000271454	-0.241597	-0.00662419	0	-0.0167258	0	0	-0.18884	0	
0.375	-4.95449e-05	0.0698168	0.222564	-6.92784e-05	0.00235972	2.2067e-06	-7.64233e-05	0.0833493	1.27356e-06	0.00474555	0.0799286	0.280596	-3.03143e-05	-0.0265661	-0.000704061	-0.000283078	-0.261022	-0.00692543	0	-0.0216716	0	0	-0.207635	0	
0.4	-4.95156e-05	0.0692109	0.222565	-6.92613e-05	0.0023645	2.12676e-06	-7.64021e-05	0.083348	1.19655e-06	0.00474461	0.0790851	0.280573	-3.774e-05	-0.0337384	-0.000885623	-0.000297031	-0.286894	-0.00726248	0	-0.02715	0	0	-0.231533	0	
0.425	-4.94803e-05	0.0684606	0.222565	-6.92401e-05	0.00236689	2.02937e-06	-7.63756e-05	0.0833463	1.10272e-06	0.00474347	0.0780418	0.280547	-4.55411e-05	-0.0417344	-0.00107571	-0.000312042	-0.31984	-0.00760339	0	-0.0332956	0	0	-0.261122	0	
0.45	-4.94158e-05	0.0675477	0.222566	-6.9214e-05	0.00236716	1.91329e-06	-7.63431e-05	0.0833442	9.9106e-07	0.00474216	0.076773	0.280515	-5.24061e-05	-0.0507514	-0.00127068	-0.000274602	-0.360681	-0.00779906	0	-0.0402595	0	0	-0.297127	0	
0.475	-4.93677e-05	0.0664496	0.222567	-6.91823e-05	0.00236575	1.77697e-06	-7.63037e-05	0.0833418	8.60308e-07	0.0047406	0.0752478	0.280478	-6.21086e-05	-0.0610084	-0.00147537	-0.0003881	-0.410279	-0.00818749	0	-0.0482128	0	0	-0.340434	0	
0.5	-4.93613e-05	0.0651395	0.222568	-7.68247e-05	0.00237645	1.79932e-06	-7.62548e-05	0.0833388	7.10421e-07	0.00473964	0.0734266	0.280437	-3.87517e-05	-0.072846	-0.00165508	0.000934278	-0.473503	-0.00718833	0	-0.0573509	0	0	-0.392107	0	
0	-4.93613e-05	0.0651395	0.222568	-7.68247e-05	0.00237645	1.79932e-06	-7.62548e-05	0.0833388	7.10421e-07	0.00473964	0.0734266	0.280437	-3.87517e-05	-0.072846	-0.00165508	0.000934278	-0.473503	-0.00718833	0	-0.0573509	0	0	-0.392107	0	
0.025	-4.92643e-05	0.063595	0.222569	-7.67735e-05	0.00237299	1.60055e-06	-7.61979e-05	0.0833354	5.4068e-07	0.00473774	0.0712835	0.28039	-7.59029e-05	-0.0857237	-0.00185112	-0.00148605	-0.515108	-0.00784179	0	-0.0666634	0	0	-0.352894	0	
0.05	-4.92006e-05	0.061831	0.22257	-7.67141e-05	0.00236905	1.38338e-06	-7.61319e-05	0.0833314	3.56648e-07	0.00473568	0.0688373	0.280341	-8.24537e-05	-0.0978501	-0.00196141	-0.000262033	-0.485058	-0.00441128	0	-0.0749956	0	0	-0.313681	0	
0.075	-4.91364e-05	0.0598719	0.222572	-7.66467e-05	0.00236467	1.15487e-06	-7.60575e-05	0.083327	1.64931e-07	0.0047336	0.0661219	0.280292	-8.32556e-05	-0.108615	-0.00197741	-3.20772e-05	-0.430595	-0.000640269	0	-0.0823475	0	0	-0.274468	0	
0.1	-4.90745e-05	0.0577421	0.222573	-7.65717e-05	0.0023599	9.2166e-07	-7.59751e-05	0.0833223	-2.83008e-08	0.00473158	0.0631714	0.280244	-8.05041e-05	-0.118018	-0.00190794	0.000110063	-0.376122	0.00277889	0	-0.088719	0	0	-0.235255	0	
0.125	-4.90174e-05	0.055466	0.222574	-7.64898e-05	0.00235481	6.90013e-07	-7.58853e-05	0.0833172	-2.17247e-07	0.00472972	0.0600198	0.2802	-7.44274e-05	-0.126064	-0.00175849	0.000243065	-0.321849	0.00597806	0	-0.0941102	0	0	-0.196043	0	
0.15	-4.89677e-05	0.0530679	0.222575	-7.64014e-05	0.00234945	4.65681e-07	-7.57889e-05	0.0833118	-3.96614e-07	0.00472809	0.0567009	0.280162	-6.53531e-05	-0.132759	-0.00153695	0.000362974	-0.267791	0.00886139	0	-0.0985212	0	0	-0.156831	0	
0.175	-4.89272e-05	0.0505722	0.222575	-7.63071e-05	0.00234387	2.53781e-07	-7.56866e-05	0.0833062	-5.61746e-07	0.00472675	0.0532482	0.28013	-5.36965e-05	-0.138108	-0.00125337	0.000466262	-0.213941	0.0113433	0	-0.101952	0	0	-0.117619	0	
0.2	-4.88976e-05	0.0480033	0.222576	-7.62078e-05	0.00233813	5.86877e-08	-7.55792e-05	0.0833004	-7.08725e-07	0.00472575	0.0496953	0.280107	-3.99489e-05	-0.142115	-0.00091962	0.000549904	-0.160282	0.0133501	0	-0.104402	0	0	-0.0784067	0	
0.225	-4.88676e-05	0.0453857	0.222576	-7.61042e-05	0.00233228	-1.15826e-07	-7.54676e-05	0.0832946	-8.34237e-07	0.00472515	0.0460757	0.280094	-2.39177e-05	-0.144785	-0.000543458	0.000641247	-0.106807	0.0150465	0	-0.105872	0	0	-0.039195	0	
0.25	-4.88629e-05	0.0427436	0.222576	-7.59972e-05	0.00232637	-2.67549e-07	-7.53528e-05	0.0832887	-9.36524e-07	0.00472494	0.0424227	0.28009	-8.42877e-06	-0.146119	-0.000156175	0.000619559	-0.0533518	0.0154913	0	-0.106362	0	0	1.65061e-05	0	
0.275	-4.88713e-05	0.0401016	0.222576	-7.58879e-05	0.00232046	-3.94519e-07	-7.52359e-05	0.0832828	-1.01408e-06	0.00472514	0.0387697	0.280096	8.11451e-06	-0.14612	0.000243922	0.000661731	-4.1463e-05	0.0160039	0	-0.105871	0	0	0.0392278	0	
0.3	-4.88925e-05	0.037484	0.222576	-7.57772e-05	0.0023146	-4.95931e-07	-7.51179e-05	0.0832769	-1.06655e-06	0.00472575	0.0351501	0.280112	2.43395e-05	-0.144787	0.000635864	0.000648999	0.0533008	0.0156777	0	-0.1044	0	0	0.0784389	0	
0.325	-4.89257e-05	0.0349152	0.222575	-7.56664e-05	0.00230885	-5.71903e-07	-7.50001e-05	0.0832711	-1.0945e-06	0.00472674	0.0315971	0.280137	3.96215e-05	-0.14212	0.00100453	0.000611281	0.106703	0.0147466	0	-0.101949	0	0	0.11765	0	
0.35	-4.89698e-05	0.0324196	0.222574	-7.55566e-05	0.00230326	-6.23431e-07	-7.48838e-05	0.0832656	-1.09939e-06	0.00472807	0.0281442	0.28017	5.3364e-05	-0.138114	0.00133548	0.000549701	0.160219	0.013238	0	-0.098518	0	0	0.156861	0	
0.375	-4.9023e-05	0.0300216	0.222573	-7.54493e-05	0.00229788	-6.52331e-07	-7.47703e-05	0.0832602	-1.08347e-06	0.0047297	0.024825	0.280211	6.5016e-05	-0.132767	0.00161538	0.000466077	0.213893	0.0111961	0	-0.0941063	0	0	0.196071	0	
0.4	-4.90832e-05	0.0277456	0.222572	-7.53457e-05	0.00229278	-6.61152e-07	-7.4661e-05	0.0832551	-1.04976e-06	0.00473155	0.0216732	0.280257	7.40878e-05	-0.126073	0.00183241	0.000362872	0.26776	0.00868094	0	-0.0887144	0	0	0.235281	0	
0.425	-4.91481e-05	0.0256159	0.222571	-7.52474e-05	0.002288	-6.53067e-07	-7.45574e-05	0.0832503	-1.00188e-06	0.00473356	0.0187226	0.280306	8.01657e-05	-0.118027	0.00197656	0.000243119	0.321839	0.00576622	0	-0.0823422	0	0	0.274491	0	
0.45	-4.9215e-05	0.023657	0.22257	-7.51556e-05	0.00228361	-6.31752e-07	-7.4461e-05	0.0832459	-9.43956e-07	0.00473563	0.016007	0.280357	8.29243e-05	-0.108623	0.00204	0.000110344	0.376134	0.00253758	0	-0.0749898	0	0	0.313701	0	
0.475	-4.92811e-05	0.0218932	0.222568	-7.5072e-05	0.00227965	-6.01239e-07	-7.43733e-05	0.083242	-8.8048e-07	0.00473768	0.0135605	0.280407	8.21368e-05	-0.0978576	0.00201727	-3.15012e-05	0.430631	-0.000909246	0	-0.0666572	0	0	0.352911	0	
0.5	-4.93435e-05	0.0203489	0.222567	-7.49981e-05	0.00227618	-5.65757e-07	-7.42957e-05	0.0832385	-8.16136e-07	0.00473962	0.0114174	0.280455	7.76842e-05	-0.0857252	0.00190552	-0.000178103	0.485298	-0.00446987	0	-0.0573443	0	0	0.392121	0	
0	-4.93435e-05	0.0203489	0.222567	-7.49981e-05	0.00227618	-5.65757e-07	-7.42957e-05	0.0832385	-8.16136e-07	0.00473962	0.0114174	0.280455	7.76842e-05	-0.0857252	0.00190552	-0.000178103	0.485298	-0.00446987	0	-0.0573509	0	0	0.392081	0	
0.025	-4.93997e-05	0.0190387	0.222566	-7.49348e-05	0.00227323	-5.29106e-07	-7.42295e-05	0.0832336	-7.54993e-07	0.00474138	0.00959855	0.280498	7.00781e-05	-0.0727543	0.0017217	-0.000304244	0.518833	-0.00735288	0	-0.0482134	0	0	0.340407	0	
0.05	-4.94491e-05	0.0179405	0.222565	-7.48814e-05	0.00227076	-4.92961e-07	-7.41741e-05	0.0832174	-6.98315e-07	0.00474291	0.00807572	0.280536	6.15027e-05	-0.0609132	0.00153618	-0.000343017	0.473645	-0.00742101	0	-0.0402609	0	0	0.297099	0	
0.075	-4.94915e-05	0.0170275	0.222565	-7.48369e-05	0.00226872	-4.57947e-07	-7.41288e-05	0.0831795	-6.46255e-07	0.00474423	0.00681367	0.280571	5.27691e-05	-0.0504818	0.00137036	-0.000349345	0.417256	-0.00663277	0	-0.0332977	0	0	0.261092	0	
0.1	-4.95272e-05	0.016277	0.222564	-7.48003e-05	0.00226705	-4.2433e-07	-7.40929e-05	0.0831115	-5.98701e-07	0.00474534	0.00578301	0.280601	4.40971e-05	-0.0412266	0.00122462	-0.000346879	0.37021	-0.00582951	0	-0.0271528	0	0	0.231502	0	
0.125	-4.95564e-05	0.0156708	0.222563	-7.47709e-05	0.00226572	-3.92236e-07	-7.40658e-05	0.0830078	-5.55472e-07	0.00474623	0.00495926	0.280629	3.56375e-05	-0.0329498	0.00109597	-0.000338384	0.331069	-0.00514582	0	-0.0216752	0	0	0.2076	0	
0.15	-4.95792e-05	0.0151938	0.222563	-7.47481e-05	0.00226469	-3.61797e-07	-7.40468e-05	0.0828667	-5.16439e-07	0.00474691	0.0043222	0.280653	2.74949e-05	-0.0254825	0.000979245	-0.000325703	0.298696	-0.00466909	0	-0.0167303	0	0	0.188801	0	
0.175	-4.95961e-05	0.0148343	0.222563	-7.47313e-05	0.00226393	-3.33246e-07	-7.40354e-05	0.0826899	-4.81603e-07	0.00474741	0.00385529	0.280675	1.97384e-05	-0.0186764	0.000868055	-0.00031026	0.272241	-0.00444762	0	-0.0121966	0	0	0.174641	0	
0.2	-4.96072e-05	0.0145836	0.222563	-7.472e-05	0.00226343	-3.06966e-07	-7.40309e-05	0.0824829	-4.51143e-07	0.00474772	0.00354534	0.280694	1.24042e-05	-0.0123981	0.000755638	-0.000293369	0.251133	-0.00449667	0	-0.00796254	0	0	0.164773	0	
0.225	-4.9613e-05	0.0144355	0.222563	-7.4714e-05	0.00226317	-2.83497e-07	-7.40326e-05	0.0822538	-4.25418e-07	0.00474786	0.0033823	0.28071	5.49478e-06	-0.00652177	0.000635552	-0.000276378	0.235053	-0.00480345	0	-0.00392419	0	0	0.158955	0	
0.25	-4.96136e-05	0.0143864	0.222563	-7.4713e-05	0.00226313	-2.63513e-07	-7.40399e-05	0.0820134	-4.04956e-07	0.00474783	0.0033592	0.280722	-1.02264e-06	-0.000923871	0.000502257	-0.000260697	0.223916	-0.00533179	0	1.77245e-05	0	0	0.157042	0	
0.275	-4.96093e-05	0.0144352	0.222563	-7.47168e-05	0.00226331	-2.47774e-07	-7.40523e-05	0.0817731	-3.90411e-07	0.00474765	0.00347225	0.280731	-7.21569e-06	0.0045219	0.00035158	-0.000247722	0.217831	-0.00602708	0	0.00396007	0	0	0.15899	0	
0.3	-4.96001e-05	0.014583	0.222563	-7.47255e-05	0.00226371	-2.3706e-07	-7.40693e-05	0.0815448	-3.82511e-07	0.00474732	0.00372096	0.280736	-1.31838e-05	0.0099487	0.000181037	-0.000238725	0.217072	-0.00682172	0	0.00799974	0	0	0.164844	0	
0.325	-4.95861e-05	0.0148336	0.222564	-7.47392e-05	0.00226434	-2.32091e-07	-7.40907e-05	0.0813388	-3.81985e-07	0.00474684	0.00410846	0.280735	-1.90515e-05	0.0154998	-9.99446e-06	-0.000234708	0.222042	-0.00764126	0	0.012236	0	0	0.174749	0	
0.35	-4.95672e-05	0.0151932	0.222564	-7.4758e-05	0.0022652	-2.3344e-07	-7.41165e-05	0.0811637	-3.89478e-07	0.00474622	0.00464173	0.28073	-2.49581e-05	0.0213308	-0.000220258	-0.000236265	0.233242	-0.00841056	0	0.016773	0	0	0.188949	0	
0.375	-4.95432e-05	0.0156707	0.222565	-7.47824e-05	0.00226632	-2.41447e-07	-7.41467e-05	0.0810247	-4.05474e-07	0.00474544	0.00533203	0.280719	-3.10443e-05	0.0276119	-0.00044674	-0.000243444	0.251244	-0.00905928	0	0.0217221	0	0	0.207793	0	
0.4	-4.95139e-05	0.0162777	0.222565	-7.48128e-05	0.00226772	-2.5613e-07	-7.41819e-05	0.0809238	-4.30204e-07	0.00474451	0.00619525	0.280702	-3.74344e-05	0.0345288	-0.000684879	-0.000255606	0.276676	-0.00952554	0	0.0272051	0	0	0.231742	0	
0.425	-4.9479e-05	0.0170292	0.222566	-7.485e-05	0.00226943	-2.77101e-07	-7.4223e-05	0.0808591	-4.63558e-07	0.0047434	0.00725236	0.280678	-4.42158e-05	0.0422843	-0.000928791	-0.000271255	0.31022	-0.0097565	0	0.0333567	0	0	0.261387	0	
0.45	-4.94381e-05	0.0179436	0.222567	-7.48948e-05	0.0022715	-3.03467e-07	-7.42708e-05	0.0808253	-5.04989e-07	0.00474212	0.00852985	0.280649	-5.14116e-05	0.0510998	-0.00117142	-0.000287835	0.352618	-0.00970497	0	0.040328	0	0	0.297456	0	
0.475	-4.9391e-05	0.0190435	0.222567	-7.49482e-05	0.00227398	-3.33718e-07	-7.43269e-05	0.0808141	-5.53388e-07	0.00474064	0.0100603	0.280614	-5.89476e-05	0.0612174	-0.00140444	-0.00030144	0.404703	-0.00932117	0	0.0482903	0	0	0.340835	0	
0.5	-4.93377e-05	0.0203558	0.222568	-7.50114e-05	0.00227693	-3.65574e-07	-7.43928e-05	0.0808151	-6.06931e-07	0.00473898	0.0118829	0.280573	-6.66086e-05	0.0729032	-0.00161793	-0.000306439	0.467433	-0.00853925	0	0.0574394	0	0	0.392589	0	
0	-4.93377e-05	0.0203558	0.222568	-7.50114e-05	0.00227693	-3.65574e-07	-7.43928e-05	0.0808151	-6.06931e-07	0.00473898	0.0118829	0.280573	-6.66086e-05	0.0729032	-0.00161793	-0.000306439	0.467433	-0.00853925	0	0.0574394	0	0	0.392589	0	
0.025	-4.92788e-05	0.0219023	0.222569	-7.50851e-05	0.0022804	-3.95762e-07	-7.44698e-05	0.0808186	-6.62683e-07	0.00473714	0.0140292	0.280529	-7.34872e-05	0.0858548	-0.00179171	-0.000275145	0.518065	-0.00695124	0	0.0667239	0	0	0.350205	0	
0.05	-4.92167e-05	0.0236666	0.222571	-7.51683e-05	0.00228436	-4.2019e-07	-7.45567e-05	0.0808225	-7.16274e-07	0.00473521	0.0164767	0.280482	-7.72106e-05	0.0978988	-0.00188509	-0.000148936	0.48176	-0.00373537	0	0.0749517	0	0	0.308064	0	
0.075	-4.91544e-05	0.0256225	0.222572	-7.52595e-05	0.00228876	-4.34742e-07	-7.46521e-05	0.0808269	-7.63155e-07	0.00473328	0.0191886	0.280434	-7.72806e-05	0.108476	-0.00189031	-2.80058e-06	0.423095	-0.000208565	0	0.0821291	0	0	0.266166	0	
