time	COG_x	COG_y	COG_z	Pr_x	Pr_y	Pr_z	Pl_x	Pl_y	Pl_z	BODY_x	BODY_y	BODY_z	BODY_vx	BODY_vy	BODY_vz	BODY_ax	BODY_ay	BODY_az	COG_vx	COG_vy	COG_vz	COG_ax	COG_ay	COG_az	Rfoot_ref_x	Rfoot_ref_y	Rfoot_ref_z	Lfoot_ref_x	Lfoot_ref_y	Lfoot_ref_z	
0.025	-3.84531e-05	0.00691393	0.227271	-2.37926e-05	-2.37355e-06	2.58976e-05	-2.37476e-05	0.0726655	2.5892e-05	0.0303165	-0.00726835	0.311305	0	0	0	0	0	0	0	0.00643947	0	0	0.2596	0	0	0	0	0	0.0726702	0	
0.05	-3.84436e-05	0.00715656	0.227271	-2.37994e-05	-2.06869e-06	2.58909e-05	-2.37544e-05	0.0726658	2.5885e-05	0.0303157	-0.00690989	0.311296	-3.18644e-05	0.0143386	-0.000355815	-0.00127458	0.573542	-0.0142326	0	0.0130311	0	0	0.268765	0	0	0	0	0	0.0726702	0	
0.075	-3.84276e-05	0.00756729	0.227271	-2.38108e-05	-1.55266e-06	2.58797e-05	-2.37659e-05	0.0726663	2.58733e-05	0.0303144	-0.00630311	0.311281	-5.33792e-05	0.024271	-0.000596093	-0.000860591	0.397299	-0.00961111	0	0.0199306	0	0	0.284281	0	0	0	0	0	0.0726702	0	
0.1	-3.84052e-05	0.00815585	0.227271	-2.38272e-05	-8.13319e-07	2.58643e-05	-2.37824e-05	0.0726671	2.58571e-05	0.0303125	-0.0054338	0.31126	-7.52491e-05	0.0347727	-0.000840388	-0.000874796	0.420067	-0.00977179	0	0.0273011	0	0	0.306513	0	0	0	0	0	0.0726702	0	
0.125	-3.83761e-05	0.00893613	0.227272	-2.38488e-05	1.6668e-07	2.58447e-05	-2.3804e-05	0.0726681	2.58366e-05	0.03031	-0.00428156	0.311232	-9.75032e-05	0.0460896	-0.00108905	-0.000890165	0.452676	-0.00994663	0	0.0353166	0	0	0.335988	0	0	0	0	0	0.0726702	0	
0.15	-3.83403e-05	0.00992658	0.227272	-2.38761e-05	1.41033e-06	2.58213e-05	-2.38314e-05	0.0726693	2.58119e-05	0.030307	-0.00281939	0.311199	-0.000120039	0.0584867	-0.00134098	-0.000901432	0.495882	-0.0100771	0	0.0441666	0	0	0.373401	0	0	0	0	0	0.0726702	0	
0.175	-3.82978e-05	0.0111506	0.227272	-2.39095e-05	2.94682e-06	2.57948e-05	-2.3865e-05	0.0726708	2.57838e-05	0.0303035	-0.00101305	0.311159	-0.000142556	0.0722538	-0.00159286	-0.000900661	0.550686	-0.0100752	0	0.0540601	0	0	0.419638	0	0	0	0	0	0.0726702	0	
0.2	-3.82488e-05	0.0126371	0.227272	-2.39498e-05	4.81215e-06	2.5766e-05	-2.39055e-05	0.0726727	2.57532e-05	0.0302994	0.00117977	0.311113	-0.000164461	0.0877128	-0.00183815	-0.0008762	0.61836	-0.00981137	0	0.065231	0	0	0.475789	0	0	0	0	0	0.0726702	0	
0.225	-3.81937e-05	0.0144212	0.227273	-2.39977e-05	7.05005e-06	2.57365e-05	-2.39536e-05	0.0726749	2.57214e-05	0.0302947	0.0038104	0.311062	-0.00018474	0.105225	-0.00206561	-0.000811198	0.700482	-0.0090984	0	0.0779432	0	0	0.543183	0	0	0	0	0	0.0726702	0	
0.25	-3.81335e-05	0.0165451	0.227273	-2.4054e-05	9.71291e-06	2.57086e-05	-2.40101e-05	0.0726776	2.56909e-05	0.0302897	0.00694038	0.311005	-0.000201779	0.125199	-0.00225731	-0.000681527	0.79898	-0.00766809	0	0.092497	0	0	0.623411	0	0	0	0	0	0.0726702	0	
0.275	-3.80698e-05	0.019059	0.227273	-2.41197e-05	1.28631e-05	2.56858e-05	-2.4076e-05	0.0726808	2.56649e-05	0.0302844	0.010643	0.310945	-0.000213102	0.148104	-0.0023858	-0.000452938	0.916189	-0.00513964	0	0.109236	0	0	0.718369	0	0	0	0	0	0.0726702	0	
0.3	-3.80055e-05	0.0220223	0.227274	-2.41956e-05	1.65743e-05	2.56731e-05	-2.41523e-05	0.0726845	2.56485e-05	0.030279	0.0150049	0.310885	-0.000215033	0.174477	-0.00241022	-7.72279e-05	1.05493	-0.000977009	0	0.128557	0	0	0.8303	0	0	0	0	0	0.0726702	0	
0.025	-3.79454e-05	0.0254697	0.227274	-2.4282e-05	2.08895e-05	2.5678e-05	-2.42392e-05	0.0726888	2.5649e-05	0.030274	0.0200766	0.310829	-0.000200442	0.202869	-0.00225112	0.000583642	1.13568	0.00636404	0	0.146621	0	0	0.608691	0	0	0	0	0	0.0726702	0	
0.05	-3.78973e-05	0.0292952	0.227274	-2.43754e-05	2.56752e-05	2.57081e-05	-2.4333e-05	0.0726936	2.56743e-05	0.03027	0.0257019	0.310784	-0.000159266	0.225009	-0.00179565	0.00164702	0.885593	0.0182187	0	0.158685	0	0	0.35031	0	0	0	0	0	0.0726702	0	
0.075	-3.7868e-05	0.0333375	0.227274	-2.44711e-05	3.07297e-05	2.57684e-05	-2.44293e-05	0.0726986	2.57294e-05	0.0302676	0.0316438	0.310757	-9.55824e-05	0.237677	-0.00108877	0.00254735	0.50673	0.0282753	0	0.16383	0	0	0.0551577	0	0	0	0	0	0.0726702	0	
0.1	-3.78609e-05	0.0374123	0.227274	-2.45644e-05	3.58229e-05	2.58588e-05	-2.45232e-05	0.0727037	2.58147e-05	0.0302671	0.0376326	0.310751	-2.04104e-05	0.239551	-0.000252895	0.00300688	0.0749463	0.0334351	0	0.161136	0	0	-0.276767	0	0	0	0	0	0.0726702	0	
0.125	-3.78235e-05	0.0413123	0.227274	-2.21866e-05	3.66278e-05	2.33775e-05	-2.215e-05	0.0727047	2.33333e-05	0.0302674	0.0433662	0.310766	1.02079e-05	0.229345	0.000625487	0.00122473	-0.408251	0.0351353	0	0.149685	0	0	-0.645463	0	0	0	0	0	0.0726702	0	
0.15	-3.79172e-05	0.0448076	0.227274	-2.2254e-05	4.05584e-05	2.3491e-05	-2.22179e-05	0.0727087	2.34427e-05	0.0302699	0.0485047	0.310795	0.00010219	0.205541	0.00116736	0.00367927	-0.95213	0.0216749	0	0.128557	0	0	-1.05093	0	0	0	0	0	0.0726702	0	
0.025	-3.79547e-05	0.0477019	0.227274	-2.2308e-05	5.10158e-05	2.35999e-05	-2.22725e-05	0.0727119	2.35485e-05	0.0302732	0.0527594	0.310832	0.000129936	0.170185	0.0014472	0.00110987	-1.41425	0.0111936	0	0.103699	0	0	-0.941606	0	0	7.20937e-06	0	0	0.0726702	0	
0.05	-3.79924e-05	0.0500072	0.227274	-2.23492e-05	0.000101701	2.36974e-05	-2.23147e-05	0.0727145	2.36443e-05	0.0302764	0.0561396	0.310871	0.000131123	0.135209	0.00156755	4.74492e-05	-1.39906	0.00481398	0	0.0812912	0	0	-0.854529	0	0	5.53477e-05	0	0	0.0726702	0	
0.075	-3.80253e-05	0.051778	0.227274	-2.23788e-05	0.00022261	2.37799e-05	-2.23461e-05	0.0727165	2.37274e-05	0.0302794	0.058718	0.310911	0.000117276	0.103139	0.00159579	-0.000553873	-1.2828	0.00112971	0	0.0608043	0	0	-0.787643	0	0	0.000174377	0	0	0.0726702	0	
0.1	-3.80504e-05	0.0530561	0.227274	-2.2398e-05	0.000424746	2.38449e-05	-2.2368e-05	0.0727179	2.37955e-05	0.0302817	0.0605532	0.310949	9.33572e-05	0.0734082	0.00153899	-0.00095675	-1.18922	-0.00227223	0	0.0417541	0	0	-0.739368	0	0	0.000375264	0	0	0.0726702	0	
0.125	-3.80659e-05	0.0538718	0.227273	-2.24077e-05	0.000697185	2.38907e-05	-2.23814e-05	0.0727188	2.38465e-05	0.0302833	0.0616917	0.310984	6.32897e-05	0.0455371	0.00138582	-0.0012027	-1.11484	-0.00612648	0	0.0236905	0	0	-0.708563	0	0	0.000647042	0	0	0.0726702	0	
0.15	-3.80713e-05	0.0542443	0.227274	-2.24089e-05	0.00101002	2.39159e-05	-2.23867e-05	0.0727191	2.38785e-05	0.030284	0.0621682	0.311012	3.01417e-05	0.019061	0.00112315	-0.00132592	-1.05904	-0.0105068	0	0.00618656	0	0	-0.694499	0	0	0.000959749	0	0	0.0726702	0	
0.175	-3.80668e-05	0.0541824	0.227274	-2.24027e-05	0.00132236	2.39199e-05	-2.23845e-05	0.072719	2.38894e-05	0.0302839	0.0620049	0.311031	-3.77624e-06	-0.00653024	0.000749448	-0.00135672	-1.02365	-0.0149483	0	-0.0111711	0	0	-0.696846	0	0	0.00127246	0	0	0.0726702	0	
0.2	-3.80531e-05	0.0536845	0.227274	-2.23894e-05	0.00159332	2.3902e-05	-2.23748e-05	0.0727184	2.38778e-05	0.030283	0.0612091	0.311038	-3.67292e-05	-0.031834	0.000283968	-0.00131812	-1.01215	-0.0186192	0	-0.0287928	0	0	-0.715657	0	0	0.00154423	0	0	0.0726702	0	
0.225	-3.80312e-05	0.052739	0.227274	-2.23694e-05	0.00179296	2.38624e-05	-2.23573e-05	0.0727173	2.38429e-05	0.0302813	0.0597703	0.311032	-6.72129e-05	-0.0575498	-0.00022934	-0.00121935	-1.02863	-0.0205323	0	-0.0470948	0	0	-0.751378	0	0	0.00174512	0	0	0.0726702	0	
0.25	-3.80026e-05	0.0513234	0.227274	-2.23421e-05	0.00191028	2.38019e-05	-2.23315e-05	0.0727157	2.37854e-05	0.030279	0.0576587	0.311014	-9.34533e-05	-0.0844672	-0.000723396	-0.00104962	-1.0767	-0.0197623	0	-0.0665095	0	0	-0.804853	0	0	0.00186415	0	0	0.0726702	0	
0.275	-3.79692e-05	0.0494042	0.227274	-2.23064e-05	0.00195621	2.37223e-05	-2.22963e-05	0.0727135	2.37074e-05	0.0302762	0.0548228	0.310986	-0.000112805	-0.113435	-0.0011138	-0.00077408	-1.15871	-0.0156163	0	-0.0874958	0	0	-0.877345	0	0	0.00191229	0	0	0.0726702	0	
0.3	-3.7934e-05	0.0469363	0.227275	-2.22604e-05	0.00196064	2.36272e-05	-2.22503e-05	0.0727107	2.36132e-05	0.0302732	0.0511897	0.310953	-0.00012111	-0.145324	-0.00130633	-0.000332179	-1.27558	-0.00770095	0	-0.110549	0	0	-0.970566	0	0	0.0019195	0	0	0.0726702	0	
0.025	-3.7902e-05	0.0439073	0.227275	-2.22026e-05	0.00195723	2.35236e-05	-2.21924e-05	0.0727073	2.35106e-05	0.0302704	0.0467341	0.310923	-0.000110898	-0.178223	-0.00120863	0.000408462	-1.31594	0.00390805	0	-0.130657	0	0	-0.638954	0	0	0.0019195	0	0	0.0726702	0	
0.05	-3.78161e-05	0.040479	0.227275	-2.21345e-05	0.00195337	2.34228e-05	-2.45823e-05	0.0727072	2.60121e-05	0.0302695	0.0416917	0.310901	-3.67377e-05	-0.201697	-0.000875428	0.00296642	-0.938957	0.0133279	0	-0.142542	0	0	-0.312736	0	0	0.0019195	0	0	0.0726702	0	
0.075	-3.78639e-05	0.0368555	0.227275	-2.4512e-05	0.00195261	2.5931e-05	-2.45004e-05	0.0727026	2.59191e-05	0.0302691	0.036363	0.310896	-1.33889e-05	-0.213146	-0.00022201	0.000933952	-0.457978	0.0261367	0	-0.146339	0	0	0.00808986	0	0	0.0019195	0	0	0.0726702	0	
0.1	-3.78765e-05	0.0332366	0.227275	-2.4428e-05	0.00194808	2.58606e-05	-2.44162e-05	0.0726981	2.585e-05	0.0302701	0.0310417	0.310907	3.95041e-05	-0.212853	0.000459319	0.00211572	0.0117175	0.0272532	0	-0.142183	0	0	0.323522	0	0	0.0019195	0	0	0.0726702	0	
0.125	-3.79047e-05	0.0298193	0.227275	-2.43465e-05	0.00194381	2.58155e-05	-2.43345e-05	0.0726938	2.58062e-05	0.0302724	0.026016	0.310933	9.23772e-05	-0.201027	0.00104236	0.00211492	0.473066	0.0233215	0	-0.130208	0	0	0.633561	0	0	0.0019195	0	0	0.0726702	0	
0.15	-3.79428e-05	0.0267974	0.227274	-2.42726e-05	0.00194002	2.5793e-05	-2.42605e-05	0.07269	2.57848e-05	0.0302756	0.0215703	0.310969	0.000126084	-0.177828	0.00141235	0.00134828	0.927961	0.0147997	0	-0.110549	0	0	0.938207	0	0	0.0019195	0	0	0.0726702	0	
0.025	-3.79831e-05	0.0243193	0.227274	-2.42107e-05	0.00193692	2.57867e-05	-2.41986e-05	0.0726863	2.57793e-05	0.0302789	0.0179236	0.311006	0.000134322	-0.145868	0.00150156	0.00032952	1.27837	0.00356836	0	-0.088308	0	0	0.844603	0	0	0.0019195	0	0	0.0726695	0	
0.05	-3.80206e-05	0.0223696	0.227274	-2.41613e-05	0.00193448	2.57896e-05	-2.41492e-05	0.0726796	2.57829e-05	0.0302821	0.0150543	0.311041	0.000125182	-0.114775	0.00140637	-0.000365616	1.24375	-0.00380773	0	-0.0681531	0	0	0.770955	0	0	0.0019195	0	0	0.0726653	0	
0.075	-3.80521e-05	0.0209021	0.227274	-2.41237e-05	0.00193264	2.57965e-05	-2.41117e-05	0.0726672	2.57905e-05	0.0302847	0.0128956	0.311071	0.000105479	-0.0863454	0.00120142	-0.000788093	1.13717	-0.00819802	0	-0.0496085	0	0	0.715523	0	0	0.0019195	0	0	0.0726547	0	
0.1	-3.80755e-05	0.0198822	0.227274	-2.40974e-05	0.00193137	2.58042e-05	-2.40856e-05	0.0726482	2.57986e-05	0.0302867	0.0113974	0.311094	7.89622e-05	-0.0599291	0.000923795	-0.00106069	1.05665	-0.0111048	0	-0.0322361	0	0	0.676998	0	0	0.0019195	0	0	0.0726369	0	
0.125	-3.80896e-05	0.0192857	0.227274	-2.40819e-05	0.00193063	2.58103e-05	-2.40706e-05	0.0726233	2.58051e-05	0.0302879	0.0105242	0.311109	4.83076e-05	-0.0349262	0.000598167	-0.00122619	1.00012	-0.0130251	0	-0.0156254	0	0	0.654469	0	0	0.0019195	0	0	0.0726128	0	
0.15	-3.8094e-05	0.0190987	0.227274	-2.40771e-05	0.0019304	2.58134e-05	-2.40662e-05	0.0725954	2.58085e-05	0.0302883	0.010255	0.311115	1.5492e-05	-0.0107688	0.000242125	-0.00131262	0.966298	-0.0142417	0	0.000616113	0	0	0.647404	0	0	0.0019195	0	0	0.0725851	0	
0.175	-3.80883e-05	0.0193166	0.227274	-2.40829e-05	0.00193068	2.58131e-05	-2.40725e-05	0.072568	2.58083e-05	0.0302878	0.0105825	0.311112	-1.7915e-05	0.0130981	-0.000129462	-0.00133628	0.954675	-0.0148635	0	0.0168722	0	0	0.655636	0	0	0.0019195	0	0	0.0725574	0	
0.2	-3.80729e-05	0.0199446	0.227274	-2.40993e-05	0.00193147	2.58096e-05	-2.40893e-05	0.0725447	2.58048e-05	0.0302866	0.0115133	0.3111	-5.04901e-05	0.037232	-0.000500937	-0.001303	0.965355	-0.014859	0	0.0335269	0	0	0.67936	0	0	0.0019195	0	0	0.0725333	0	
0.225	-3.80486e-05	0.0209976	0.227274	-2.41266e-05	0.00193279	2.5804e-05	-2.41169e-05	0.0725283	2.57991e-05	0.0302845	0.0130684	0.311078	-8.06946e-05	0.0622064	-0.000852966	-0.00120818	0.998978	-0.0140812	0	0.0509738	0	0	0.719135	0	0	0.0019195	0	0	0.0725155	0	
0.25	-3.80165e-05	0.0225004	0.227274	-2.41651e-05	0.00193468	2.57986e-05	-2.41556e-05	0.0725196	2.57933e-05	0.0302819	0.015284	0.311049	-0.000106583	0.0886222	-0.00115994	-0.00103552	1.05663	-0.0122791	0	0.0696252	0	0	0.775902	0	0	0.0019195	0	0	0.0725049	0	
0.275	-3.79789e-05	0.0244886	0.227274	-2.42154e-05	0.00193717	2.57969e-05	-2.42061e-05	0.0725178	2.57911e-05	0.0302787	0.0182119	0.311015	-0.000125456	0.117118	-0.00138728	-0.000754935	1.13982	-0.00909339	0	0.0899216	0	0	0.851003	0	0	0.0019195	0	0	0.0725007	0	
0.3	-3.79388e-05	0.0270092	0.227275	-2.42782e-05	0.00194032	2.58046e-05	-2.42689e-05	0.0725204	2.57981e-05	0.0302754	0.0219214	0.310977	-0.000133443	0.14838	-0.00148802	-0.000319483	1.25048	-0.00402982	0	0.112343	0	0	0.94621	0	0	0.0019195	0	0	0.0725	0	
0.025	-3.79015e-05	0.0300772	0.227275	-2.43531e-05	0.00194416	2.58291e-05	-2.43439e-05	0.0725242	2.58218e-05	0.0302723	0.0264349	0.310943	-0.000123521	0.180538	-0.00138352	0.000396897	1.28635	0.00418028	0	0.132058	0	0	0.631027	0	0	0.0019195	0	0	0.0725	0	
0.05	-3.78746e-05	0.0335391	0.227275	-2.44355e-05	0.00194849	2.58768e-05	-2.44264e-05	0.0725285	2.58685e-05	0.0302701	0.0315264	0.310918	-8.77898e-05	0.203662	-0.000991369	0.00142923	0.924931	0.0156859	0	0.143893	0	0	0.315696	0	0	0.0019195	0	0	0.0725	0	
0.075	-3.78638e-05	0.0371982	0.227275	-2.45202e-05	0.00195307	2.59505e-05	-2.45112e-05	0.0725331	2.59412e-05	0.0302693	0.0369069	0.310908	-3.30941e-05	0.21522	-0.000388501	0.00218783	0.462328	0.0241147	0	0.147842	0	0	0.000219638	0	0	0.0019195	0	0	0.0725	0	
0.1	-3.76739e-05	0.0408572	0.227274	-2.21428e-05	0.00195383	2.34445e-05	-2.21348e-05	0.0725339	2.34352e-05	0.0302692	0.0422887	0.310917	-5.22385e-06	0.215269	0.000345273	0.00111481	0.0019728	0.029351	0	0.143903	0	0	-0.315403	0	0	0.0019195	0	0	0.0725	0	
0.125	-3.79066e-05	0.0443196	0.227275	-2.22108e-05	0.00195773	2.3548e-05	-2.22029e-05	0.0725378	2.35379e-05	0.030271	0.047381	0.31094	7.13511e-05	0.203692	0.000928467	0.003063	-0.463074	0.0233278	0	0.132071	0	0	-0.631173	0	0	0.0019195	0	0	0.0725	0	
0.15	-3.79412e-05	0.0473878	0.227275	-2.22691e-05	0.00196118	2.36554e-05	-2.22613e-05	0.0725413	2.36445e-05	0.0302739	0.0518946	0.310973	0.000119547	0.180548	0.00130327	0.00192785	-0.925794	0.014992	0	0.112343	0	0	-0.947089	0	0	0.0019195	0	0	0.0725	0	
0.025	-3.7979e-05	0.0499081	0.227274	-2.23156e-05	0.00196604	2.37549e-05	-2.2308e-05	0.0725441	2.37434e-05	0.0302772	0.055603	0.311008	0.000130234	0.148335	0.00142955	0.000427443	-1.28851	0.00505118	0	0.0898996	0	0	-0.851891	0	0	0.00192152	0	0	0.0725	0	
0.05	-3.80147e-05	0.0518954	0.227274	-2.23513e-05	0.00198179	2.38409e-05	-2.23439e-05	0.0725463	2.38292e-05	0.0302803	0.0585255	0.311043	0.000123041	0.1169	0.00138226	-0.000287703	-1.25738	-0.00189147	0	0.0695805	0	0	-0.776823	0	0	0.00193506	0	0	0.0725	0	
0.075	-3.8045e-05	0.0533969	0.227274	-2.23774e-05	0.00201691	2.39105e-05	-2.23705e-05	0.072548	2.38991e-05	0.0302829	0.0607288	0.311074	0.000104799	0.0881305	0.00123387	-0.00072966	-1.15079	-0.00593568	0	0.0509056	0	0	-0.720109	0	0	0.00196852	0	0	0.0725	0	
0.1	-3.80676e-05	0.0544479	0.227274	-2.23949e-05	0.00207451	2.39621e-05	-2.23887e-05	0.0725492	2.39517e-05	0.0302849	0.0622638	0.311099	7.93642e-05	0.0614022	0.00101349	-0.00101741	-1.06913	-0.00881524	0	0.0334334	0	0	-0.680409	0	0	0.00202499	0	0	0.0725	0	
0.125	-3.80812e-05	0.0550733	0.227274	-2.24045e-05	0.00215155	2.39945e-05	-2.23993e-05	0.0725499	2.39857e-05	0.0302861	0.0631676	0.311118	4.9562e-05	0.0361501	0.000736932	-0.00119209	-1.01009	-0.0110621	0	0.0167513	0	0	-0.656787	0	0	0.00210139	0	0	0.0725	0	
0.15	-3.80854e-05	0.0552879	0.227274	-2.24068e-05	0.00223961	2.40071e-05	-2.24027e-05	0.0725501	2.40002e-05	0.0302866	0.0634635	0.311128	1.7517e-05	0.0118362	0.000414403	-0.0012818	-0.972557	-0.0129012	0	0.000464877	0	0	-0.648683	0	0	0.0021893	0	0	0.0725	0	
0.175	-3.808e-05	0.0550967	0.227274	-2.2402e-05	0.00232722	2.39995e-05	-2.23991e-05	0.0725499	2.39946e-05	0.0302862	0.0631616	0.311129	-1.5101e-05	-0.0120774	5.67218e-05	-0.00130472	-0.956542	-0.0143073	0	-0.0158105	0	0	-0.655906	0	0	0.0022772	0	0	0.0725	0	
0.2	-3.80654e-05	0.0544953	0.227274	-2.23903e-05	0.00240287	2.39719e-05	-2.23884e-05	0.0725492	2.39687e-05	0.030285	0.0622578	0.311121	-4.68408e-05	-0.0361494	-0.000320055	-0.00126959	-0.962881	-0.0150711	0	-0.0324595	0	0	-0.678628	0	0	0.0023536	0	0	0.0725	0	
0.225	-3.80425e-05	0.0534693	0.227274	-2.23713e-05	0.00245813	2.39245e-05	-2.23701e-05	0.072548	2.39226e-05	0.0302831	0.0607335	0.311104	-7.62033e-05	-0.0609731	-0.000691677	-0.0011745	-0.99295	-0.0148649	0	-0.0498754	0	0	-0.717383	0	0	0.00241007	0	0	0.0725	0	
0.25	-3.80125e-05	0.0519945	0.227274	-2.23445e-05	0.0024899	2.38583e-05	-2.23437e-05	0.0725464	2.38571e-05	0.0302806	0.0585539	0.311079	-0.000101317	-0.0871824	-0.00102413	-0.00100456	-1.04837	-0.0132983	0	-0.0684698	0	0	-0.77309	0	0	0.00244353	0	0	0.0725	0	
0.275	-3.79775e-05	0.0500362	0.227274	-2.23087e-05	0.00250122	2.37751e-05	-2.23082e-05	0.0725441	2.37742e-05	0.0302776	0.0556676	0.311047	-0.000119548	-0.115453	-0.00127284	-0.000729252	-1.13082	-0.00994825	0	-0.088682	0	0	-0.847063	0	0	0.00245707	0	0	0.0725	0	
0.3	-3.79405e-05	0.047548	0.227275	-2.22626e-05	0.00250044	2.36777e-05	-2.2262e-05	0.0725413	2.3677e-05	0.0302744	0.052005	0.311012	-0.000127039	-0.146503	-0.00138164	-0.000299635	-1.242	-0.0043521	0	-0.11099	0	0	-0.94105	0	0	0.00245909	0	0	0.0725	0	
0.025	-3.79068e-05	0.0445152	0.227275	-2.22049e-05	0.00249703	2.35725e-05	-2.22043e-05	0.0725379	2.35718e-05	0.0302715	0.047543	0.31098	-0.000116838	-0.178482	-0.00127125	0.000408046	-1.27918	0.00441567	0	-0.130593	0	0	-0.627201	0	0	0.00245909	0	0	0.0725	0	
0.05	-3.78052e-05	0.0410908	0.227275	-2.21377e-05	0.00249318	2.34711e-05	-2.21371e-05	0.0725341	2.34704e-05	0.0302696	0.042506	0.310958	-7.70115e-05	-0.20148	-0.000892229	0.00159307	-0.919896	0.0151609	0	-0.142351	0	0	-0.313462	0	0	0.00245909	0	0	0.0725	0	
0.075	-3.78647e-05	0.0374709	0.227275	-2.45152e-05	0.00249244	2.59814e-05	-2.45145e-05	0.0725333	2.59807e-05	0.0302699	0.037181	0.310949	1.33444e-05	-0.213	-0.000353452	0.00361424	-0.460811	0.0215511	0	-0.146267	0	0	0.000165724	0	0	0.00245909	0	0	0.0725	0	
0.1	-3.78752e-05	0.033851	0.227275	-2.44314e-05	0.00248791	2.59088e-05	-2.44307e-05	0.0725288	2.59082e-05	0.0302707	0.0318573	0.310959	3.23539e-05	-0.212947	0.000379365	0.000760379	0.00214447	0.0293127	0	-0.142343	0	0	0.313683	0	0	0.00245909	0	0	0.0725	0	
0.125	-3.79015e-05	0.0304269	0.227275	-2.43499e-05	0.00248363	2.58616e-05	-2.43492e-05	0.0725245	2.58611e-05	0.0302728	0.0268208	0.310983	8.58357e-05	-0.201459	0.000967768	0.00213927	0.459483	0.0235361	0	-0.130583	0	0	0.627091	0	0	0.00245909	0	0	0.0725	0	
0.15	-3.79379e-05	0.0273943	0.227275	-2.42759e-05	0.00247983	2.58372e-05	-2.42752e-05	0.0725207	2.58367e-05	0.0302759	0.0223589	0.311017	0.000120692	-0.178476	0.00134958	0.00139424	0.919344	0.0152725	0	-0.11099	0	0	0.940387	0	0	0.00245909	0	0	0.0725	0	
0.025	-3.79771e-05	0.0249059	0.227274	-2.42139e-05	0.00247671	2.58292e-05	-2.42132e-05	0.0725191	2.58288e-05	0.0302791	0.0186961	0.311053	0.00013019	-0.146514	0.00144699	0.000379931	1.27846	0.0038965	0	-0.0886986	0	0	0.846392	0	0	0.00245909	0	0	0.0725016	0	
0.05	-3.80138e-05	0.0229469	0.227274	-2.41643e-05	0.00247426	2.58301e-05	-2.41634e-05	0.0725269	2.58296e-05	0.0302822	0.0158095	0.311086	0.000122067	-0.115464	0.00133217	-0.000324903	1.24203	-0.00459286	0	-0.0685035	0	0	0.772395	0	0	0.00245909	0	0	0.0725118	0	
0.075	-3.8045e-05	0.0214711	0.227274	-2.41264e-05	0.0024724	2.58342e-05	-2.41252e-05	0.0725503	2.58336e-05	0.0302848	0.0136302	0.311113	0.000103277	-0.0871735	0.00108409	-0.000751615	1.1316	-0.00992314	0	-0.0499269	0	0	0.716649	0	0	0.00245909	0	0	0.072537	0	
0.1	-3.80688e-05	0.0204436	0.227274	-2.40998e-05	0.00247111	2.5838e-05	-2.40978e-05	0.0725915	2.5837e-05	0.0302867	0.0121067	0.311132	7.76437e-05	-0.0609386	0.000755043	-0.00102533	1.04939	-0.013162	0	-0.03253	0	0	0.677836	0	0	0.00245909	0	0	0.0725796	0	
0.125	-3.80837e-05	0.0198401	0.227274	-2.40839e-05	0.00247034	2.58392e-05	-2.4081e-05	0.0726484	2.58379e-05	0.0302879	0.0112042	0.311142	4.77968e-05	-0.036098	0.000385572	-0.00119388	0.993626	-0.0147788	0	-0.0159018	0	0	0.655038	0	0	0.00245909	0	0	0.0726373	0	
0.15	-3.80892e-05	0.0196463	0.227274	-2.40787e-05	0.00247008	2.58371e-05	-2.40747e-05	0.0727144	2.58352e-05	0.0302883	0.0109035	0.311142	1.56144e-05	-0.0120305	6.33519e-06	-0.0012873	0.962697	-0.0151695	0	0.000350764	0	0	0.647718	0	0	0.00245909	0	0	0.0727036	0	
0.175	-3.80847e-05	0.0198577	0.227274	-2.4084e-05	0.00247034	2.58316e-05	-2.40789e-05	0.0727809	2.58292e-05	0.0302878	0.0111997	0.311133	-1.74031e-05	0.0118491	-0.000360432	-0.0013207	0.955187	-0.0146707	0	0.0166116	0	0	0.655703	0	0	0.00245909	0	0	0.0727699	0	
0.2	-3.80705e-05	0.0204793	0.227274	-2.40999e-05	0.0024711	2.58236e-05	-2.40939e-05	0.0728393	2.58207e-05	0.0302866	0.0121022	0.311115	-4.98223e-05	0.036099	-0.000698985	-0.00129677	0.969996	-0.0135421	0	0.0332649	0	0	0.67918	0	0	0.00245909	0	0	0.0728276	0	
0.225	-3.8047e-05	0.0215257	0.227274	-2.41268e-05	0.00247241	2.58147e-05	-2.41201e-05	0.0728831	2.58113e-05	0.0302846	0.0136338	0.31109	-8.00126e-05	0.0612628	-0.000997157	-0.00120761	1.00655	-0.0119269	0	0.0507042	0	0	0.718705	0	0	0.00245909	0	0	0.0728702	0	
0.25	-3.80156e-05	0.0230217	0.227274	-2.41651e-05	0.00247428	2.58074e-05	-2.4158e-05	0.0729102	2.58034e-05	0.0302819	0.015831	0.311059	-0.000105903	0.0878892	-0.00124216	-0.0010356	1.06505	-0.00980001	0	0.0693416	0	0	0.775212	0	0	0.00245909	0	0	0.0728954	0	
0.275	-3.79783e-05	0.0250026	0.227274	-2.42152e-05	0.00247676	2.5805e-05	-2.4208e-05	0.0729229	2.58005e-05	0.0302788	0.0187449	0.311024	-0.000124715	0.116556	-0.00141502	-0.000752487	1.14667	-0.00691441	0	0.0896173	0	0	0.850035	0	0	0.00245909	0	0	0.0729056	0	
0.3	-3.79385e-05	0.0275151	0.227275	-2.42778e-05	0.0024799	2.58126e-05	-2.42706e-05	0.0729276	2.58076e-05	0.0302755	0.0224423	0.310987	-0.000132623	0.147897	-0.00148375	-0.000316321	1.25363	-0.00274915	0	0.112011	0	0	0.944944	0	0	0.00245909	0	0	0.0729072	0	
0.025	-3.79014e-05	0.0305745	0.227275	-2.43524e-05	0.00248373	2.58371e-05	-2.43453e-05	0.0729314	2.58314e-05	0.0302724	0.0269431	0.310953	-0.000122764	0.180034	-0.00137449	0.000394344	1.2855	0.00437013	0	0.131699	0	0	0.630087	0	0	0.00245909	0	0	0.0729072	0	
0.05	-3.78747e-05	0.0340272	0.227275	-2.44346e-05	0.00248805	2.58847e-05	-2.44276e-05	0.0729357	2.58783e-05	0.0302703	0.0320213	0.310928	-8.72404e-05	0.203124	-0.000984799	0.00142095	0.923607	0.0155878	0	0.143514	0	0	0.315148	0	0	0.00245909	0	0	0.0729072	0	
0.075	-3.7864e-05	0.0376767	0.227275	-2.45191e-05	0.00249261	2.59582e-05	-2.45121e-05	0.0729403	2.5951e-05	0.0302694	0.0373878	0.310918	-3.2838e-05	0.214663	-0.000385435	0.0021761	0.461558	0.0239746	0	0.147455	0	0	0.000125044	0	0	0.00245909	0	0	0.0729072	0	
0.1	-3.76741e-05	0.041326	0.227274	-2.21416e-05	0.00249337	2.3451e-05	-2.21354e-05	0.0729411	2.34439e-05	0.0302693	0.0427556	0.310927	-5.3062e-06	0.214709	0.00034444	0.00110127	0.00184352	0.029195	0	0.14352	0	0	-0.314981	0	0	0.00245909	0	0	0.0729072	0	
0.125	-3.79067e-05	0.0447791	0.227275	-2.22094e-05	0.00249726	2.35541e-05	-2.22033e-05	0.072945	2.35463e-05	0.0302711	0.0478343	0.31095	7.09684e-05	0.203148	0.00092394	0.00305099	-0.46247	0.02318	0	0.131706	0	0	-0.630171	0	0	0.00245909	0	0	0.0729072	0	
0.15	-3.79411e-05	0.0478386	0.227275	-2.22676e-05	0.0025007	2.3661e-05	-2.22615e-05	0.0729484	2.36526e-05	0.0302741	0.0523352	0.310982	0.000118938	0.180039	0.00129602	0.0019188	-0.92436	0.0148831	0	0.112011	0	0	-0.945444	0	0	0.00245909	0	0	0.0729072	0	
0.025	-3.79787e-05	0.050351	0.227274	-2.2314e-05	0.00250468	2.376e-05	-2.23081e-05	0.0729513	2.37512e-05	0.0302773	0.0560324	0.311018	0.0001295	0.147887	0.00141865	0.000422467	-1.28607	0.00490515	0	0.0896048	0	0	-0.850541	0	0	0.00246025	0	0	0.0729072	0	
0.05	-3.80143e-05	0.0523314	0.227274	-2.23497e-05	0.0025146	2.38454e-05	-2.23439e-05	0.0729535	2.38363e-05	0.0302804	0.0589461	0.311052	0.00012224	0.116547	0.00135808	-0.000290414	-1.25362	-0.00242271	0	0.0693162	0	0	-0.775736	0	0	0.00246795	0	0	0.0729072	0	
0.075	-3.80444e-05	0.0538266	0.227274	-2.2376e-05	0.00253532	2.39142e-05	-2.23705e-05	0.0729552	2.39053e-05	0.030283	0.0611434	0.311082	0.000104008	0.0878946	0.00118818	-0.000729267	-1.14608	-0.00679577	0	0.0506654	0	0	-0.719259	0	0	0.002487	0	0	0.0729072	0	
0.1	-3.80671e-05	0.0548718	0.227274	-2.23937e-05	0.00256861	2.39649e-05	-2.23887e-05	0.0729563	2.39564e-05	0.0302849	0.0626756	0.311105	7.8655e-05	0.0612877	0.000943832	-0.00101412	-1.06428	-0.00977407	0	0.0332117	0	0	-0.679778	0	0	0.00251915	0	0	0.0729072	0	
0.125	-3.80809e-05	0.0554919	0.227274	-2.24038e-05	0.00261277	2.39962e-05	-2.23993e-05	0.072957	2.39886e-05	0.0302861	0.063579	0.311121	4.89608e-05	0.0361368	0.000646971	-0.00118777	-1.00603	-0.0118744	0	0.0165427	0	0	-0.656358	0	0	0.00256265	0	0	0.0729072	0	
0.15	-3.80853e-05	0.0557013	0.227274	-2.24066e-05	0.002663	2.40077e-05	-2.24028e-05	0.0729573	2.40012e-05	0.0302866	0.0638761	0.311129	1.69924e-05	0.0118838	0.000312897	-0.00127873	-0.970122	-0.013363	0	0.000264662	0	0	-0.648446	0	0	0.00261269	0	0	0.0729072	0	
0.175	-3.80802e-05	0.0555052	0.227274	-2.24024e-05	0.00271278	2.39991e-05	-2.23992e-05	0.072957	2.39937e-05	0.0302862	0.0635756	0.311128	-1.56158e-05	-0.0120211	-4.46644e-05	-0.00130433	-0.956194	-0.0143025	0	-0.0160072	0	0	-0.655856	0	0	0.00266274	0	0	0.0729072	0	
0.2	-3.80658e-05	0.0548988	0.227274	-2.23911e-05	0.00275555	2.39705e-05	-2.23885e-05	0.0729563	2.39661e-05	0.030285	0.0626722	0.311118	-4.74106e-05	-0.0361364	-0.000409625	-0.00127179	-0.964613	-0.0145984	0	-0.0326572	0	0	-0.678763	0	0	0.00270624	0	0	0.0729072	0	
0.225	-3.8043e-05	0.0538678	0.227274	-2.23725e-05	0.00278651	2.39222e-05	-2.23703e-05	0.0729552	2.39186e-05	0.0302831	0.0611461	0.311099	-7.68549e-05	-0.0610434	-0.000760615	-0.00117777	-0.996278	-0.0140396	0	-0.0500789	0	0	-0.717708	0	0	0.00273839	0	0	0.0729072	0	
0.25	-3.8013e-05	0.0523878	0.227274	-2.23458e-05	0.00280388	2.38553e-05	-2.23438e-05	0.0729535	2.38522e-05	0.0302805	0.0589622	0.311072	-0.000102025	-0.0873548	-0.00106878	-0.00100682	-1.05246	-0.0123266	0	-0.0686838	0	0	-0.773611	0	0	0.00275744	0	0	0.0729072	0	
0.275	-3.79778e-05	0.050424	0.227274	-2.23101e-05	0.00280937	2.37715e-05	-2.23082e-05	0.0729513	2.37687e-05	0.0302775	0.0560692	0.31104	-0.000120252	-0.115723	-0.00129579	-0.000729047	-1.13471	-0.00908034	0	-0.0889116	0	0	-0.847792	0	0	0.00276514	0	0	0.0729072	0	
0.3	-3.79407e-05	0.0479298	0.227275	-2.22639e-05	0.00280771	2.36738e-05	-2.2262e-05	0.0729485	2.36711e-05	0.0302743	0.0523981	0.311005	-0.000127682	-0.146844	-0.00139138	-0.000297211	-1.24486	-0.00382362	0	-0.11124	0	0	-0.942006	0	0	0.00276629	0	0	0.0729072	0	
0.025	-3.79068e-05	0.0448905	0.227275	-2.22061e-05	0.00280429	2.35681e-05	-2.22041e-05	0.0729451	2.35656e-05	0.0302714	0.0479265	0.310973	-0.000117396	-0.178863	-0.00127779	0.000411428	-1.28075	0.00454341	0	-0.130864	0	0	-0.62791	0	0	0.00276629	0	0	0.0729072	0	
0.05	-3.78051e-05	0.0414591	0.227275	-2.21387e-05	0.00280043	2.34663e-05	-2.21368e-05	0.0729412	2.3464e-05	0.0302695	0.0428794	0.310951	-7.74148e-05	-0.201885	-0.000896916	0.00159925	-0.920896	0.0152351	0	-0.142636	0	0	-0.313876	0	0	0.00276629	0	0	0.0729072	0	
0.075	-3.78645e-05	0.037832	0.227275	-2.45162e-05	0.00279969	2.59758e-05	-2.4514e-05	0.0729404	2.59735e-05	0.0302698	0.0375439	0.310942	1.31537e-05	-0.21342	-0.000355485	0.00362274	-0.461393	0.0216573	0	-0.146558	0	0	9.43494e-05	0	0	0.00276629	0	0	0.0729072	0	
0.1	-3.78751e-05	0.0342048	0.227275	-2.44322e-05	0.00279515	2.59029e-05	-2.443e-05	0.0729359	2.59009e-05	0.0302706	0.0322096	0.310951	3.24172e-05	-0.213369	0.000380241	0.00077054	0.00204723	0.029429	0	-0.142632	0	0	0.314002	0	0	0.00276629	0	0	0.0729072	0	
0.125	-3.79014e-05	0.0307736	0.227275	-2.43506e-05	0.00279086	2.58556e-05	-2.43483e-05	0.0729316	2.58538e-05	0.0302727	0.0271629	0.310975	8.61287e-05	-0.201871	0.000971374	0.00214846	0.459938	0.0236453	0	-0.130859	0	0	0.627847	0	0	0.00276629	0	0	0.0729072	0	
0.15	-3.7938e-05	0.0277344	0.227275	-2.42764e-05	0.00278705	2.58312e-05	-2.42741e-05	0.0729278	2.58296e-05	0.0302758	0.0226914	0.311009	0.000121155	-0.17886	0.00135519	0.00140104	0.920426	0.0153525	0	-0.11124	0	0	0.941628	0	0	0.00276629	0	0	0.0729072	0	
0.025	-3.79773e-05	0.0252401	0.227274	-2.42143e-05	0.00278393	2.58233e-05	-2.4212e-05	0.0729256	2.58218e-05	0.030279	0.0190201	0.311046	0.000130745	-0.146852	0.00145531	0.000383617	1.28031	0.00400502	0	-0.0889211	0	0	0.847411	0	0	0.00276629	0	0	0.072908	0	
0.05	-3.80142e-05	0.0232759	0.227274	-2.41646e-05	0.00278147	2.58245e-05	-2.41622e-05	0.0729289	2.58231e-05	0.0302821	0.0161268	0.311079	0.000122674	-0.11573	0.00135047	-0.000322836	1.24487	-0.00419356	0	-0.068703	0	0	0.773215	0	0	0.00276629	0	0	0.0729139	0	
0.075	-3.80455e-05	0.0217953	0.227274	-2.41266e-05	0.00277961	2.58293e-05	-2.4124e-05	0.0729414	2.58279e-05	0.0302847	0.013943	0.311107	0.000103879	-0.0873515	0.00111858	-0.000751812	1.13516	-0.00927558	0	-0.0501082	0	0	0.71729	0	0	0.00276629	0	0	0.0729282	0	
0.1	-3.80691e-05	0.0207634	0.227274	-2.40999e-05	0.00277831	2.58341e-05	-2.40969e-05	0.0729643	2.58327e-05	0.0302867	0.0124174	0.311128	7.81853e-05	-0.0610251	0.000807567	-0.00102774	1.05306	-0.0124406	0	-0.0326974	0	0	0.678312	0	0	0.00276629	0	0	0.0729525	0	
0.125	-3.80839e-05	0.0201559	0.227274	-2.4084e-05	0.00277754	2.58368e-05	-2.40804e-05	0.0729964	2.58352e-05	0.0302879	0.0115147	0.311139	4.82546e-05	-0.036108	0.000453329	-0.00119723	0.996683	-0.0141695	0	-0.0160591	0	0	0.655362	0	0	0.00276629	0	0	0.0729853	0	
0.15	-3.80892e-05	0.0199583	0.227274	-2.40788e-05	0.00277729	2.58363e-05	-2.40746e-05	0.0730338	2.58344e-05	0.0302883	0.0112148	0.311141	1.60075e-05	-0.0119947	8.26847e-05	-0.00128988	0.964532	-0.0148258	0	0.000199696	0	0	0.647897	0	0	0.00276629	0	0	0.0730231	0	
0.175	-3.80845e-05	0.0201659	0.227274	-2.40841e-05	0.00277754	2.58325e-05	-2.40792e-05	0.0730718	2.58303e-05	0.0302878	0.0115121	0.311134	-1.70252e-05	0.0118915	-0.000284271	-0.00132131	0.955447	-0.0146782	0	0.0164632	0	0	0.65574	0	0	0.00276629	0	0	0.0730608	0	
0.2	-3.80701e-05	0.0207838	0.227274	-2.41e-05	0.00277831	2.5826e-05	-2.40946e-05	0.0731054	2.58234e-05	0.0302866	0.0124148	0.311118	-4.94073e-05	0.0361086	-0.000631755	-0.00129528	0.968687	-0.0138994	0	0.0331157	0	0	0.679078	0	0	0.00276629	0	0	0.0730936	0	
0.225	-3.80466e-05	0.0218264	0.227274	-2.41269e-05	0.00277961	2.58182e-05	-2.41211e-05	0.0731309	2.58153e-05	0.0302846	0.0139451	0.311094	-7.95337e-05	0.0612097	-0.000945404	-0.00120506	1.00404	-0.012546	0	0.0505507	0	0	0.71846	0	0	0.00276629	0	0	0.0731179	0	
0.25	-3.80152e-05	0.0233184	0.227274	-2.4165e-05	0.00278148	2.58115e-05	-2.41591e-05	0.0731472	2.58082e-05	0.030282	0.0161391	0.311064	-0.000105374	0.087759	-0.00120857	-0.0010336	1.06197	-0.0105267	0	0.0691801	0	0	0.774819	0	0	0.00276629	0	0	0.0731323	0	
0.275	-3.79781e-05	0.0252951	0.227274	-2.4215e-05	0.00278395	2.58095e-05	-2.4209e-05	0.0731554	2.58058e-05	0.0302789	0.0190479	0.311029	-0.000124182	0.116352	-0.00139764	-0.000752314	1.14373	-0.00756274	0	0.0894441	0	0	0.849485	0	0	0.00276629	0	0	0.0731381	0	
0.3	-3.79384e-05	0.0278032	0.227275	-2.42775e-05	0.00278709	2.58172e-05	-2.42715e-05	0.0731594	2.5813e-05	0.0302756	0.0227388	0.310992	-0.00013213	0.147639	-0.00147624	-0.000317951	1.25147	-0.00314393	0	0.111821	0	0	0.944223	0	0	0.00276629	0	0	0.073139	0	
0.025	-3.79014e-05	0.0308576	0.227275	-2.4352e-05	0.00279092	2.58417e-05	-2.43461e-05	0.0731633	2.5837e-05	0.0302725	0.0272325	0.310958	-0.000122335	0.179747	-0.00136937	0.000391825	1.28432	0.0042747	0	0.131494	0	0	0.629553	0	0	0.00276629	0	0	0.073139	0	
0.05	-3.78748e-05	0.0343051	0.227275	-2.44341e-05	0.00279523	2.58892e-05	-2.44282e-05	0.0731676	2.58839e-05	0.0302703	0.032303	0.310934	-8.69284e-05	0.202818	-0.00098107	0.00141625	0.922854	0.015532	0	0.143299	0	0	0.314836	0	0	0.00276629	0	0	0.073139	0	
0.075	-3.78642e-05	0.0379491	0.227275	-2.45184e-05	0.00279979	2.59626e-05	-2.45126e-05	0.0731721	2.59566e-05	0.0302695	0.0376616	0.310924	-3.26926e-05	0.214346	-0.000383694	0.00216943	0.46112	0.023895	0	0.147235	0	0	7.11896e-05	0	0	0.00276629	0	0	0.073139	0	
0.1	-3.76742e-05	0.041593	0.227274	-2.21409e-05	0.00280054	2.34548e-05	-2.21358e-05	0.0731729	2.34488e-05	0.0302694	0.0430214	0.310933	-5.3531e-06	0.214391	0.000343966	0.00109358	0.00176991	0.0291064	0	0.143302	0	0	-0.314741	0	0	0.00276629	0	0	0.073139	0	
0.125	-3.79068e-05	0.0450407	0.227275	-2.22086e-05	0.00280442	2.35576e-05	-2.22036e-05	0.0731768	2.35511e-05	0.0302712	0.0480923	0.310956	7.07509e-05	0.202838	0.000921368	0.00304416	-0.462125	0.0230961	0	0.131498	0	0	-0.6296	0	0	0.00276629	0	0	0.073139	0	
0.15	-3.7941e-05	0.0480952	0.227275	-2.22667e-05	0.00280786	2.36642e-05	-2.22617e-05	0.0731802	2.36572e-05	0.0302741	0.0525861	0.310988	0.000118592	0.179749	0.0012919	0.00191366	-0.923543	0.0148212	0	0.111821	0	0	-0.944507	0	0	0.00276629	0	0	0.073139	0	
0.025	-3.79785e-05	0.0506032	0.227274	-2.23131e-05	0.00281133	2.3763e-05	-2.23082e-05	0.0731831	2.37556e-05	0.0302774	0.0562769	0.311023	0.000129083	0.147632	0.00141245	0.000419637	-1.28467	0.00482207	0	0.0894369	0	0	-0.849773	0	0	0.00276695	0	0	0.073139	0	
0.05	-3.8014e-05	0.0525796	0.227274	-2.23488e-05	0.00281794	2.38479e-05	-2.2344e-05	0.0731853	2.38403e-05	0.0302804	0.0591855	0.311057	0.000121784	0.116345	0.00134432	-0.000291981	-1.25148	-0.00272543	0	0.0691656	0	0	-0.775117	0	0	0.00277134	0	0	0.073139	0	
0.075	-3.80441e-05	0.0540712	0.227274	-2.23751e-05	0.00283045	2.39163e-05	-2.23705e-05	0.073187	2.39087e-05	0.030283	0.0613795	0.311086	0.000103557	0.0877603	0.00116217	-0.000729088	-1.14339	-0.00728598	0	0.0505286	0	0	-0.718776	0	0	0.00278218	0	0	0.073139	0	
0.1	-3.80668e-05	0.0551132	0.227274	-2.23931e-05	0.00284991	2.39665e-05	-2.23887e-05	0.0731881	2.39591e-05	0.0302849	0.0629101	0.311109	7.82494e-05	0.0612224	0.000904155	-0.00101229	-1.06152	-0.0103205	0	0.0330854	0	0	-0.679418	0	0	0.00280049	0	0	0.073139	0	
0.125	-3.80808e-05	0.0557301	0.227274	-2.24034e-05	0.00287535	2.39972e-05	-2.23993e-05	0.0731888	2.39903e-05	0.0302862	0.0638133	0.311123	4.86164e-05	0.0361293	0.000595731	-0.00118532	-1.00373	-0.012337	0	0.016424	0	0	-0.656113	0	0	0.00282525	0	0	0.073139	0	
0.15	-3.80853e-05	0.0559367	0.227274	-2.24065e-05	0.00290404	2.40081e-05	-2.24028e-05	0.073189	2.40018e-05	0.0302866	0.0641111	0.31113	1.66927e-05	0.0119109	0.000255095	-0.00127695	-0.968736	-0.0136254	0	0.000150677	0	0	-0.648311	0	0	0.00285374	0	0	0.073139	0	
0.175	-3.80804e-05	0.0557377	0.227274	-2.24026e-05	0.00293229	2.39989e-05	-2.23993e-05	0.0731888	2.39932e-05	0.0302862	0.0638113	0.311127	-1.59086e-05	-0.011989	-0.000102381	-0.00130405	-0.955997	-0.014299	0	-0.0161191	0	0	-0.655828	0	0	0.00288223	0	0	0.073139	0	
0.2	-3.80661e-05	0.0551285	0.227274	-2.23916e-05	0.00295634	2.39697e-05	-2.23886e-05	0.0731881	2.39646e-05	0.030285	0.0629081	0.311116	-4.77336e-05	-0.0361291	-0.000460602	-0.001273	-0.9656	-0.0143288	0	-0.0327698	0	0	-0.67884	0	0	0.002907	0	0	0.073139	0	
0.225	-3.80433e-05	0.0540947	0.227274	-2.23731e-05	0.00297346	2.39209e-05	-2.23703e-05	0.073187	2.39163e-05	0.0302831	0.061381	0.311096	-7.72244e-05	-0.0610834	-0.000799845	-0.00117963	-0.998173	-0.0135697	0	-0.0501947	0	0	-0.717893	0	0	0.0029253	0	0	0.073139	0	
0.25	-3.80133e-05	0.0526118	0.227274	-2.23466e-05	0.00298263	2.38536e-05	-2.23439e-05	0.0731853	2.38494e-05	0.0302805	0.0591947	0.311068	-0.000102428	-0.087453	-0.00109419	-0.00100814	-1.05479	-0.0117737	0	-0.0688056	0	0	-0.773907	0	0	0.00293615	0	0	0.073139	0	
0.275	-3.7978e-05	0.0506447	0.227274	-2.23109e-05	0.0029848	2.37695e-05	-2.23082e-05	0.0731831	2.37656e-05	0.0302775	0.0562978	0.311036	-0.000120652	-0.115876	-0.00130885	-0.000728966	-1.13692	-0.00858667	0	-0.0890423	0	0	-0.848208	0	0	0.00294053	0	0	0.073139	0	
0.3	-3.79408e-05	0.0481471	0.227275	-2.22646e-05	0.00298264	2.36715e-05	-2.22619e-05	0.0731803	2.36678e-05	0.0302743	0.0526218	0.311001	-0.000128048	-0.147038	-0.00139693	-0.000295851	-1.24649	-0.003523	0	-0.111383	0	0	-0.94255	0	0	0.00294119	0	0	0.073139	0	
0.025	-3.79068e-05	0.0451041	0.227275	-2.22067e-05	0.00297922	2.35656e-05	-2.2204e-05	0.0731768	2.35621e-05	0.0302713	0.0481449	0.310969	-0.000117714	-0.17908	-0.00128153	0.000413354	-1.28165	0.00461614	0	-0.131019	0	0	-0.628313	0	0	0.00294119	0	0	0.073139	0	
0.05	-3.7805e-05	0.0416688	0.227275	-2.21393e-05	0.00297535	2.34636e-05	-2.21366e-05	0.073173	2.34604e-05	0.0302694	0.0430919	0.310946	-7.76449e-05	-0.202116	-0.000899591	0.00160278	-0.921465	0.0152774	0	-0.142799	0	0	-0.314112	0	0	0.00294119	0	0	0.073139	0	
0.075	-3.78644e-05	0.0380375	0.227275	-2.45168e-05	0.00297461	2.59726e-05	-2.45137e-05	0.0731722	2.59694e-05	0.0302697	0.0377505	0.310937	1.30449e-05	-0.213659	-0.000356645	0.00362759	-0.461725	0.0217178	0	-0.146724	0	0	5.37148e-05	0	0	0.00294119	0	0	0.073139	0	
0.1	-3.7875e-05	0.0344062	0.227275	-2.44327e-05	0.00297007	2.58996e-05	-2.44296e-05	0.0731677	2.58968e-05	0.0302705	0.0324102	0.310947	3.24532e-05	-0.21361	0.00038074	0.000776334	0.00199188	0.0294954	0	-0.142796	0	0	0.314183	0	0	0.00294119	0	0	0.073139	0	
0.125	-3.79014e-05	0.030971	0.227275	-2.4351e-05	0.00296577	2.58522e-05	-2.43478e-05	0.0731634	2.58497e-05	0.0302727	0.0273576	0.310971	8.62958e-05	-0.202105	0.00097343	0.0021537	0.460198	0.0237076	0	-0.131016	0	0	0.628277	0	0	0.00294119	0	0	0.073139	0	
0.15	-3.79381e-05	0.027928	0.227275	-2.42767e-05	0.00296196	2.58277e-05	-2.42735e-05	0.0731596	2.58255e-05	0.0302757	0.0228806	0.311005	0.000121419	-0.179079	0.00135838	0.00140491	0.921042	0.0153981	0	-0.111383	0	0	0.942335	0	0	0.00294119	0	0	0.073139	0	
0.025	-3.79773e-05	0.0254304	0.227274	-2.42146e-05	0.00295884	2.58215e-05	-2.42118e-05	0.0731306	2.58197e-05	0.030279	0.0192106	0.311043	0.000131445	-0.146802	0.001531	0.000401041	1.29108	0.00690458	0	-0.0890477	0	0	0.84799	0	0	0.00294119	0	0	0.0731131	0	
0.05	-3.80127e-05	0.023463	0.227274	-2.41653e-05	0.00295641	2.58332e-05	-2.41653e-05	0.0729558	2.58332e-05	0.0302821	0.016354	0.311089	0.000124691	-0.114263	0.00182391	-0.000270146	1.30152	0.0117166	0	-0.0688165	0	0	0.773682	0	0	0.00294119	0	0	0.0729406	0	
0.075	-3.80397e-05	0.0219795	0.227274	-2.41286e-05	0.00295463	2.58633e-05	-2.41356e-05	0.0725277	2.5867e-05	0.0302848	0.0142676	0.311146	0.000106692	-0.0834552	0.00226282	-0.000719969	1.23233	0.0175562	0	-0.0502114	0	0	0.717655	0	0	0.00294119	0	0	0.0725139	0	
0.1	-3.80555e-05	0.0209447	0.227274	-2.41042e-05	0.00295348	2.59105e-05	-2.41229e-05	0.071807	2.59199e-05	0.0302868	0.0129094	0.311214	8.12622e-05	-0.0543306	0.00271815	-0.00101718	1.16498	0.0182133	0	-0.0327926	0	0	0.678584	0	0	0.00294119	0	0	0.0717938	0	
0.125	-3.80596e-05	0.0203343	0.227275	-2.40914e-05	0.0029529	2.59704e-05	-2.4126e-05	0.070833	2.59877e-05	0.0302881	0.0122347	0.311289	5.23775e-05	-0.0269863	0.00303741	-0.00115539	1.09377	0.0127703	0	-0.0161487	0	0	0.655547	0	0	0.00294119	0	0	0.0708195	0	
0.15	-3.8053e-05	0.0201338	0.227275	-2.40896e-05	0.00295287	2.60363e-05	-2.41424e-05	0.069713	2.60633e-05	0.0302887	0.0121983	0.311367	2.32289e-05	-0.00145867	0.00308592	-0.00116594	1.02111	0.00194055	0	0.00011369	0	0	0.647999	0	0	0.00294119	0	0	0.0696986	0	
0.175	-3.80379e-05	0.0203387	0.227275	-2.40982e-05	0.00295335	2.61005e-05	-2.41691e-05	0.0685935	2.61385e-05	0.0302886	0.0127596	0.311436	-4.45229e-06	0.0224555	0.00278379	-0.00110725	0.956565	-0.0120853	0	0.0163787	0	0	0.655762	0	0	0.00294119	0	0	0.0685776	0	
0.2	-3.80167e-05	0.0209539	0.227276	-2.41168e-05	0.00295431	2.61556e-05	-2.42033e-05	0.0676211	2.62048e-05	0.0302878	0.0138924	0.31149	-3.02046e-05	0.0453095	0.00213445	-0.00103009	0.91416	-0.0259737	0	0.0330308	0	0	0.679019	0	0	0.00294119	0	0	0.0676034	0	
0.225	-3.79914e-05	0.0219939	0.227276	-2.41453e-05	0.00295576	2.61969e-05	-2.42431e-05	0.066903	2.62567e-05	0.0302865	0.015593	0.31152	-5.38527e-05	0.068024	0.00123664	-0.000945926	0.908581	-0.0359124	0	0.0504633	0	0	0.718321	0	0	0.00294119	0	0	0.0668833	0	
0.25	-3.79635e-05	0.0234835	0.227276	-2.4184e-05	0.00295771	2.6224e-05	-2.42881e-05	0.0664786	2.62933e-05	0.0302846	0.0178882	0.311527	-7.42762e-05	0.0918079	0.000272631	-0.00081694	0.951359	-0.0385602	0	0.0690882	0	0	0.774595	0	0	0.00294119	0	0	0.0664566	0	
0.275	-3.79346e-05	0.0254577	0.227276	-2.42336e-05	0.00296022	2.62425e-05	-2.43398e-05	0.0663087	2.63202e-05	0.0302824	0.0208384	0.311514	-8.84273e-05	0.118008	-0.000526378	-0.000566045	1.04799	-0.0319604	0	0.0893455	0	0	0.849171	0	0	0.00294119	0	0	0.066284	0	
0.3	-3.79067e-05	0.0279633	0.227277	-2.42949e-05	0.00296336	2.6264e-05	-2.44007e-05	0.0662861	2.63499e-05	0.0302802	0.0245366	0.311491	-9.07119e-05	0.14793	-0.000926754	-9.1383e-05	1.19688	-0.016015	0	0.111714	0	0	0.943812	0	0	0.00294119	0	0	0.0662582	0	
0.025	-3.78844e-05	0.0310074	0.227277	-2.43678e-05	0.00296718	2.63029e-05	-2.44726e-05	0.0662899	2.63985e-05	0.0302783	0.0290216	0.311471	-7.27116e-05	0.179398	-0.000801799	0.000720013	1.25873	0.00499817	0	0.130519	0	0	0.56747	0	0	0.00294119	0	0	0.0662582	0	
0.05	-3.78742e-05	0.034408	0.227277	-2.44472e-05	0.00297144	2.63655e-05	-2.45508e-05	0.0662941	2.64719e-05	0.0302776	0.0340309	0.311462	-3.13614e-05	0.200374	-0.000358417	0.00165401	0.839049	0.0177353	0	0.14043	0	0	0.232287	0	0	0.00294119	0	0	0.0662582	0	
0.075	-3.78722e-05	0.0379557	0.227277	-2.45285e-05	0.00297588	2.64536e-05	-2.21677e-05	0.0662945	2.39142e-05	0.0302773	0.0392577	0.311469	-1.10247e-05	0.209072	0.000286689	0.000813471	0.347914	0.0258042	0	0.142476	0	0	-0.0617379	0	0	0.00294119	0	0	0.0662582	0	
0.1	-3.79078e-05	0.041467	0.227276	-2.21456e-05	0.00297637	2.39059e-05	-2.22363e-05	0.0662985	2.4022e-05	0.030279	0.0444316	0.311491	6.83187e-05	0.206957	0.00086828	0.00317373	-0.0845957	0.0232636	0	0.137686	0	0	-0.314604	0	0	0.00294119	0	0	0.0662582	0	
0.125	-3.79514e-05	0.0447841	0.227276	-2.22094e-05	0.00298011	2.40155e-05	-2.22989e-05	0.0663022	2.4141e-05	0.0302822	0.04932	0.311525	0.000126147	0.195536	0.00134653	0.00231312	-0.456845	0.0191301	0	0.127089	0	0	-0.526311	0	0	0.00294119	0	0	0.0662582	0	
0.15	-3.79971e-05	0.0477747	0.227276	-2.22652e-05	0.00298348	2.41291e-05	-2.23536e-05	0.0663056	2.42632e-05	0.0302861	0.0537289	0.311566	0.000156647	0.176356	0.0016719	0.00122002	-0.767187	0.0130146	0	0.111714	0	0	-0.69686	0	0	0.00294119	0	0	0.0662582	0	
