L_C_roll_angle	L_C_pitch_angle	L_linear_dis	L_A_pitch_angle	L_A_roll_angle	R_C_roll_angle	R_C_pitch_angle	R_linear_dis	R_A_pitch_angle	R_A_roll_angle	L_C_roll_current	L_C_pitch_current	L_A_pitch_current	L_A_roll_current	R_C_roll_current	R_C_pitch_current	R_A_pitch_current	R_A_roll_current	
9.71264	7.69231	-0.00127995	-5.49451	-9.71429	11.3692	6.28571	-0.00324713	-5.47253	-11.3297	0	556.83	59.18	0	72.63	-285.14	-88.77	0	
9.71264	7.69231	-0.00127995	-5.49451	-9.71429	11.3692	6.28571	-0.00324713	-5.47253	-11.3297	5.38	556.83	69.94	0	147.95	-285.14	-78.01	0	
9.62473	7.69231	-0.00127995	-5.49451	-9.71429	11.3692	6.28571	-0.00324713	-5.47253	-11.3297	8.07	554.14	61.87	0	112.98	-282.45	-80.7	0	
9.62473	7.69231	-0.00127995	-5.49451	-9.71429	11.2813	6.28571	-0.00324713	-5.47253	-11.3297	-5.38	556.83	61.87	0	123.74	-282.45	-83.39	0	
9.62473	7.69231	-0.00127995	-5.49451	-9.71429	11.3692	6.28571	-0.00324713	-5.47253	-11.3297	-5.38	556.83	59.18	0	169.47	-285.14	-88.77	0	
9.62473	7.69231	-0.00127995	-5.58242	-9.62637	11.2813	6.28571	-0.00324713	-5.47253	-11.3297	-118.36	554.14	69.94	0	314.73	-282.45	-78.01	0	
9.53681	7.69231	-0.00127995	-5.49451	-9.53846	11.2813	6.28571	-0.00324713	-5.47253	-11.3297	78.01	554.14	56.49	-2.69	102.22	-282.45	-75.32	0	
9.4489	7.69231	-0.00127995	-5.49451	-9.53846	11.1934	6.28571	-0.00324713	-5.47253	-11.3297	-121.05	554.14	61.87	-2.69	59.18	-282.45	-88.77	0	
9.4489	7.69231	-0.00127995	-5.49451	-9.53846	11.1055	6.28571	-0.00324713	-5.56044	-11.2418	0	554.14	61.87	-5.38	129.12	-266.31	-83.39	-2.69	
9.4489	7.69231	-0.00127995	-5.49451	-9.45055	11.1934	6.28571	-0.00324713	-5.56044	-11.2418	75.32	554.14	61.87	-10.76	352.39	-263.62	-75.32	13.45	
9.36099	7.69231	-0.00127995	-5.49451	-9.36264	11.1055	6.28571	-0.00324713	-5.47253	-11.1538	61.87	554.14	67.25	-18.83	150.64	-263.62	-80.7	0	
9.27308	7.69231	-0.00127995	-5.49451	-9.27473	10.9297	6.28571	-0.00324713	-5.47253	-11.0659	88.77	554.14	56.49	-24.21	225.96	-263.62	-75.32	2.69	
9.18516	7.69231	-0.00127995	-5.49451	-9.18681	10.9297	6.28571	-0.00323854	-5.47253	-10.978	18.83	554.14	64.56	-24.21	126.43	-263.62	-80.7	5.38	
9.00934	7.69231	-0.00127995	-5.49451	-9.18681	10.7538	6.28571	-0.00323854	-5.47253	-10.8022	-164.09	554.14	13.45	-13.45	-88.77	-263.62	-75.32	0	
8.92143	7.69231	-0.00127995	-5.49451	-9.01099	10.6659	6.28571	-0.00323854	-5.47253	-10.7143	-236.72	554.14	29.59	-10.76	-29.59	-263.62	-72.63	0	
8.7456	7.69231	-0.00127995	-5.49451	-8.83516	10.4901	6.28571	-0.00322995	-5.56044	-10.5385	48.42	554.14	16.14	-5.38	72.63	-263.62	-78.01	0	
8.48187	7.69231	-0.00127995	-5.49451	-8.65934	10.2264	6.28571	-0.00322995	-5.47253	-10.3626	0	554.14	37.66	-16.14	-8.07	-263.62	-48.42	2.69	
8.30604	7.69231	-0.000240528	-5.58242	-8.48352	10.0505	6.28571	-0.00207885	-5.47253	-10.2747	8.07	554.14	29.59	-56.49	-5.38	-263.62	-53.8	-5.38	
8.04231	7.69231	0.000515418	-5.58242	-8.21978	9.87473	6.28571	-0.00136586	-5.56044	-10.011	-48.42	551.45	64.56	-10.76	-48.42	-263.62	-37.66	-5.38	
7.69066	7.69231	0.000773126	-5.58242	-7.95604	9.43516	6.28571	-0.000678633	-5.47253	-9.57143	13.45	551.45	32.28	-24.21	258.24	-263.62	-43.04	0	
7.33901	7.69231	0.00100506	-5.49451	-7.69231	9.17143	6.28571	-0.000352202	-5.56044	-9.30769	-10.76	554.14	18.83	0	220.58	-266.31	-40.35	21.52	
7.33901	7.69231	0.00116828	-5.58242	-7.42857	8.9956	6.28571	-0.00028348	-5.47253	-9.13187	-134.5	551.45	53.8	-51.11	-153.33	-263.62	-43.04	-26.9	
6.98736	7.69231	0.00138304	-5.49451	-7.25275	8.64396	6.28571	-0.000154625	-5.47253	-8.78022	-287.83	551.45	59.18	-2.69	-40.35	-263.62	-32.28	0	
6.5478	7.69231	0.00154625	-5.58242	-6.81319	8.2044	6.28571	-5.15418e-05	-5.47253	-8.34066	-193.68	551.45	51.11	-29.59	0	-263.62	-51.11	-24.21	
5.93242	7.69231	0.00187268	-5.58242	-6.28571	7.67692	6.28571	0.000455285	-5.56044	-7.98901	-188.3	543.38	43.04	-29.59	2.69	-260.93	-43.04	-29.59	
5.31703	7.69231	0.0025685	-5.49451	-5.75824	7.06154	6.28571	0.00115969	-5.47253	-7.37363	10.76	535.31	26.9	-18.83	-322.8	-263.62	-43.04	-16.14	
4.70165	7.69231	0.00267158	-5.49451	-5.14286	6.44615	6.37363	0.00195	-5.47253	-6.75824	-564.9	516.48	2.69	-21.52	24.21	-269	-34.97	-8.07	
4.08626	7.69231	0.0031011	-5.58242	-4.52747	5.74286	6.28571	0.00240528	-5.47253	-6.14286	-199.06	529.93	10.76	-26.9	-207.13	-263.62	-40.35	-26.9	
3.29505	7.69231	0.00340176	-5.49451	-3.91209	5.03956	6.28571	0.00268876	-5.47253	-5.43956	-737.06	519.17	2.69	-40.35	-290.52	-263.62	-61.87	-24.21	
2.59176	7.69231	0.00359074	-5.49451	-3.12088	4.42418	6.28571	0.00288634	-5.47253	-4.73626	-94.15	527.24	0	-32.28	-271.69	-250.17	-56.49	-2.69	
1.80055	7.69231	0.00372819	-5.49451	-2.41758	3.54505	6.28571	0.00298942	-5.56044	-3.94505	-180.23	524.55	2.69	-29.59	112.98	-242.1	-45.73	-8.07	
1.09725	7.69231	0.00397731	-5.49451	-1.62637	2.84176	6.28571	0.00304096	-5.47253	-3.24176	-314.73	532.62	0	-32.28	-457.3	-247.48	-59.18	-10.76	
0.306044	7.69231	0.00418347	-5.49451	-0.923077	2.05055	6.28571	0.00335021	-5.56044	-2.53846	-174.85	527.24	26.9	-37.66	338.94	-247.48	-21.52	-18.83	
-0.485165	7.69231	0.00419206	-5.58242	-0.131868	1.25934	6.28571	0.0038055	-5.56044	-1.65934	-107.6	519.17	0	-32.28	-591.8	-244.79	-18.83	-8.07	
-1.27637	7.69231	0.00420065	-5.58242	0.659341	0.468132	6.28571	0.00390858	-5.56044	-0.868132	-312.04	532.62	0	-37.66	185.61	-247.48	-18.83	0	
-2.06758	7.69231	0.00419206	-5.58242	1.36264	-0.323077	6.37363	0.00390858	-5.56044	-0.164835	-190.99	529.93	0	-43.04	-538	-244.79	-32.28	-21.52	
-2.9467	7.69231	0.00412334	-5.49451	2.24176	-1.11429	6.28571	0.00389999	-5.56044	0.714286	-199.06	524.55	13.45	-53.8	-225.96	-244.79	-18.83	-10.76	
-3.65	7.69231	0.00389999	-5.49451	3.03297	-1.90549	6.37363	0.00387422	-5.47253	1.32967	-182.92	524.55	0	-40.35	-274.38	-258.24	-21.52	-21.52	
-4.44121	7.69231	0.00344471	-5.49451	3.82418	-2.6967	6.37363	0.0038055	-5.56044	2.20879	-123.74	527.24	8.07	-34.97	-481.51	-247.48	-53.8	0	
-5.14451	7.69231	0.00279185	-5.49451	4.61538	-3.31209	6.37363	0.00366805	-5.47253	2.91209	-287.83	529.93	0	-37.66	-263.62	-252.86	-43.04	-2.69	
-5.93571	7.69231	0.00193282	-5.49451	5.31868	-4.1033	6.37363	0.0034533	-5.47253	3.79121	-320.11	527.24	0	-40.35	-287.83	-255.55	-56.49	0	
-6.5511	7.69231	0.00143458	-5.49451	6.02198	-4.80659	6.37363	0.00291211	-5.47253	4.49451	-72.63	524.55	5.38	-29.59	29.59	-277.07	-37.66	0	
-7.16648	7.69231	0.00112533	-5.58242	6.63736	-5.42198	6.37363	0.00225066	-5.47253	5.10989	104.91	519.17	2.69	-37.66	110.29	-274.38	-34.97	-2.69	
-7.78187	7.69231	0.000764536	-5.49451	7.25275	-6.03736	6.37363	0.00161497	-5.47253	5.72527	-341.63	532.62	10.76	-61.87	-355.08	-260.93	-37.66	0	
-8.30934	7.69231	0.000266299	-5.49451	7.78022	-6.56484	6.37363	0.00125418	-5.47253	6.25275	-153.33	532.62	0	-67.25	-330.87	-277.07	-24.21	0	
-8.7489	7.69231	-0.000128854	-5.49451	8.30769	-7.0044	6.28571	0.000919161	-5.47253	6.69231	-13.45	538	0	-61.87	-18.83	-279.76	-29.59	18.83	
-8.83681	7.69231	-0.000163216	-5.49451	8.48352	-7.09231	6.28571	0.000850439	-5.47253	6.95604	45.73	535.31	0	-131.81	-204.44	-277.07	-32.28	-32.28	
-9.10055	7.69231	-0.000498237	-5.49451	8.74725	-7.44396	6.28571	0.000695814	-5.38462	7.13187	-48.42	532.62	0	-64.56	-32.28	-277.07	-26.9	-8.07	
-9.4522	7.69231	-0.000781717	-5.49451	9.0989	-7.70769	6.37363	0.000524008	-5.47253	7.57143	121.05	532.62	0	-67.25	-344.32	-282.45	-16.14	0	
-9.71593	7.69231	-0.000953522	-5.49451	9.36264	-7.97143	6.28571	0.000352202	-5.38462	7.83516	-371.22	532.62	40.35	-67.25	-274.38	-279.76	-18.83	-16.14	
-9.89176	7.69231	-0.00114251	-5.40659	9.45055	-8.14725	6.37363	0.000163216	-5.47253	8.01099	-10.76	535.31	8.07	-64.56	-234.03	-279.76	-13.45	-29.59	
-10.0676	7.69231	-0.00128854	-5.40659	9.62637	-8.32308	6.37363	-2.57709e-05	-5.38462	8.18681	-312.04	532.62	24.21	-99.53	5.38	-282.45	-8.07	-37.66	
-10.1555	7.69231	-0.00140881	-5.49451	9.71429	-8.41099	6.37363	-0.000171806	-5.38462	8.27473	-37.66	535.31	10.76	-137.19	-51.11	-279.76	-10.76	0	
-10.1555	7.69231	-0.0015033	-5.49451	9.71429	-8.58681	6.37363	-0.00028348	-5.47253	8.53846	40.35	532.62	8.07	-142.57	-21.52	-277.07	-10.76	-2.69	
-10.2434	7.69231	-0.00152907	-5.40659	9.8022	-8.67473	6.28571	-0.000335021	-5.38462	8.53846	75.32	535.31	0	-139.88	-99.53	-277.07	-10.76	-13.45	
-10.2434	7.69231	-0.00153766	-5.49451	9.8022	-8.67473	6.37363	-0.000369383	-5.47253	8.53846	-277.07	532.62	5.38	-137.19	-43.04	-277.07	-8.07	-24.21	
-10.2434	7.69231	-0.00156343	-5.49451	9.8022	-8.67473	6.28571	-0.000386563	-5.38462	8.53846	-18.83	535.31	10.76	-91.46	-26.9	-282.45	-10.76	-18.83	
-10.1555	7.69231	-0.00161497	-5.40659	9.8022	-8.67473	6.28571	-0.000395153	-5.38462	8.62637	-10.76	535.31	0	-40.35	-18.83	-274.38	-18.83	-18.83	
-10.0676	7.69231	-0.00164934	-5.40659	9.8022	-8.58681	6.28571	-0.000420924	-5.38462	8.62637	0	538	29.59	-21.52	-61.87	-271.69	-21.52	-5.38	
-9.89176	7.69231	-0.00169229	-5.40659	9.71429	-8.4989	6.28571	-0.000429515	-5.47253	8.53846	5.38	538	0	-26.9	67.25	-282.45	-21.52	-5.38	
-9.80385	7.69231	-0.00170947	-5.40659	9.62637	-8.41099	6.37363	-0.000438105	-5.47253	8.53846	0	538	24.21	-32.28	293.21	-277.07	-18.83	24.21	
-9.62802	7.69231	-0.00170088	-5.40659	9.53846	-8.32308	6.37363	-0.000420924	-5.47253	8.45055	59.18	535.31	0	-24.21	43.04	-279.76	-18.83	-8.07	
-9.4522	7.69231	-0.00164934	-5.49451	9.45055	-8.14725	6.37363	-0.000386563	-5.47253	8.27473	102.22	535.31	0	-29.59	-29.59	-277.07	-24.21	2.69	
-9.18846	7.69231	-0.00157202	-5.49451	9.27473	-7.88352	6.37363	-0.000317841	-5.47253	8.0989	102.22	538	0	-26.9	8.07	-277.07	-16.14	-21.52	
-8.92473	7.69231	-0.00124559	-5.49451	9.01099	-7.70769	6.28571	-0.000206167	-5.47253	7.83516	231.34	535.31	13.45	-102.22	236.72	-271.69	-16.14	0	
-8.7489	7.69231	-0.000472466	-5.49451	8.57143	-7.35604	6.37363	0.00028348	-5.38462	7.57143	618.7	524.55	0	-51.11	-24.21	-274.38	-24.21	0	
-8.39725	7.69231	0.000180396	-5.49451	8.21978	-7.0044	6.37363	0.000790307	-5.47253	7.13187	34.97	538	0	-123.74	48.42	-277.07	-18.83	-34.97	
-8.30934	7.69231	0.000455285	-5.49451	8.04396	-7.0044	6.37363	0.0010652	-5.38462	7.04396	0	538	0	-37.66	306.66	-279.76	-21.52	2.69	
-7.95769	7.69231	0.000627091	-5.49451	7.95604	-6.74066	6.28571	0.00127136	-5.47253	6.95604	357.77	521.86	18.83	-29.59	306.66	-279.76	-24.21	0	
-7.51813	7.69231	0.00105661	-5.49451	7.51648	-6.21319	6.28571	0.00159779	-5.47253	6.42857	-75.32	527.24	8.07	-80.7	-16.14	-277.07	-16.14	-5.38	
-6.99066	7.69231	0.00145176	-5.49451	6.98901	-5.5978	6.37363	0.0020359	-5.47253	5.81319	352.39	529.93	26.9	-34.97	355.08	-274.38	-5.38	0	
-6.37527	7.69231	0.0015892	-5.49451	6.46154	-5.15824	6.37363	0.00223348	-5.47253	5.37363	247.48	521.86	8.07	-16.14	715.54	-269	-10.76	2.69	
-5.8478	7.69231	0.00235374	-5.49451	5.75824	-4.45495	6.28571	0.00250837	-5.47253	4.75824	279.76	532.62	10.76	-137.19	320.11	-258.24	-13.45	-8.07	
-5.14451	7.69231	0.00261145	-5.58242	5.23077	-3.83956	6.37363	0.00290352	-5.38462	4.05495	-252.86	527.24	37.66	-48.42	500.34	-255.55	-13.45	0	
-4.52912	7.69231	0.00275748	-5.49451	4.52747	-3.13626	6.28571	0.0030066	-5.38462	3.35165	844.66	521.86	21.52	-67.25	478.82	-250.17	-21.52	-8.07	
-3.73791	7.69231	0.00322136	-5.58242	3.82418	-2.43297	6.28571	0.00316123	-5.47253	2.64835	373.91	527.24	51.11	-102.22	287.83	-247.48	-18.83	-21.52	
-3.03462	7.69231	0.00347048	-5.58242	3.03297	-1.72967	6.28571	0.0035392	-5.38462	2.03297	115.67	524.55	64.56	-64.56	287.83	-250.17	-5.38	0	
-2.24341	7.69231	0.00367665	-5.49451	2.32967	-0.850549	6.28571	0.00365946	-5.47253	1.24176	338.94	529.93	37.66	-59.18	295.9	-244.79	-5.38	-16.14	
-1.62802	7.69231	0.00385704	-5.58242	1.62637	-0.235165	6.28571	0.0037196	-5.38462	0.450549	659.05	519.17	21.52	-59.18	252.86	-242.1	-5.38	-10.76	
-0.836813	7.69231	0.00397731	-5.49451	0.835165	0.643956	6.28571	0.00372819	-5.47253	-0.252747	742.44	521.86	21.52	-72.63	277.07	-244.79	-2.69	-8.07	
0.0423077	7.69231	0.00399449	-5.58242	0.043956	1.43516	6.28571	0.00371101	-5.47253	-1.04396	599.87	524.55	5.38	-69.94	847.35	-242.1	-8.07	-2.69	
0.833516	7.69231	0.00401167	-5.58242	-0.747253	2.22637	6.37363	0.00366805	-5.38462	-1.83516	909.22	519.17	2.69	-61.87	433.09	-242.1	-5.38	-26.9	
1.53681	7.69231	0.00402885	-5.58242	-1.53846	2.92967	6.37363	0.00357356	-5.38462	-2.53846	707.47	519.17	45.73	-59.18	182.92	-247.48	-10.76	-8.07	
2.24011	7.69231	0.0039859	-5.58242	-2.24176	3.63297	6.28571	0.00334162	-5.38462	-3.32967	922.67	521.86	26.9	-69.94	425.02	-266.31	-8.07	-21.52	
3.03132	7.69231	0.00376255	-5.58242	-2.94505	4.42418	6.37363	0.00298942	-5.47253	-4.12088	747.82	516.48	37.66	-80.7	344.32	-260.93	-18.83	-16.14	
3.73462	7.69231	0.00340176	-5.49451	-3.56044	5.03956	6.28571	0.00239669	-5.38462	-4.82418	758.58	519.17	32.28	-72.63	298.59	-258.24	-24.21	-26.9	
4.35	7.69231	0.00274889	-5.58242	-4.35165	5.74286	6.28571	0.00172665	-5.47253	-5.43956	699.4	524.55	10.76	-43.04	637.53	-260.93	-16.14	-5.38	
4.96538	7.69231	0.00224207	-5.58242	-4.96703	6.27033	6.28571	0.00103943	-5.47253	-6.05495	758.58	521.86	48.42	-69.94	408.88	-260.93	-24.21	-16.14	
5.58077	7.69231	0.00181255	-5.58242	-5.49451	6.88571	6.28571	0.000609911	-5.38462	-6.67033	578.35	524.55	61.87	-32.28	457.3	-260.93	-16.14	-8.07	
6.10824	7.69231	0.00146894	-5.58242	-6.02198	7.41319	6.28571	0.00029207	-5.38462	-7.1978	373.91	524.55	40.35	-21.52	336.25	-263.62	-21.52	0	
6.63571	7.69231	0.00119405	-5.49451	-6.54945	7.85275	6.28571	-0.000137445	-5.38462	-7.63736	503.03	527.24	37.66	-32.28	422.33	-260.93	-24.21	-8.07	
6.98736	7.69231	0.000927752	-5.58242	-6.9011	8.29231	6.28571	-0.000403744	-5.38462	-8.07692	86.08	535.31	2.69	-48.42	279.76	-266.31	-16.14	-40.35	
6.98736	7.69231	0.000919161	-5.49451	-7.07692	8.2044	6.28571	-0.000403744	-5.47253	-8.07692	137.19	535.31	16.14	-10.76	357.77	-263.62	-16.14	45.73	
7.33901	7.69231	0.000695814	-5.58242	-7.16484	8.55604	6.37363	-0.000558369	-5.47253	-8.34066	828.52	524.55	43.04	2.69	691.33	-260.93	-18.83	24.21	
7.60275	7.69231	0.000472466	-5.49451	-7.51648	8.81978	6.28571	-0.000833258	-5.38462	-8.69231	672.5	527.24	45.73	-37.66	427.71	-260.93	-21.52	2.69	
7.86648	7.69231	0.000240528	-5.58242	-7.78022	9.17143	6.28571	-0.00109956	-5.47253	-8.95604	223.27	535.31	26.9	-29.59	594.49	-260.93	-18.83	2.69	
8.13022	7.69231	3.43612e-05	-5.58242	-7.95604	9.34725	6.28571	-0.00126277	-5.47253	-9.21978	199.06	535.31	43.04	-24.21	820.45	-260.93	-13.45	10.76	
8.30604	7.69231	-0.000120264	-5.58242	-8.21978	9.52308	6.28571	-0.00137445	-5.38462	-9.30769	236.72	535.31	37.66	-13.45	347.01	-263.62	-16.14	21.52	
8.39396	7.69231	-0.000214757	-5.49451	-8.3956	9.61099	6.28571	-0.00146894	-5.47253	-9.48352	180.23	529.93	40.35	18.83	441.16	-263.62	-18.83	0	
8.48187	7.69231	-0.00030066	-5.58242	-8.3956	9.78681	6.28571	-0.00158061	-5.38462	-9.65934	271.69	535.31	48.42	24.21	347.01	-266.31	-13.45	24.21	
8.56978	7.69231	-0.000377973	-5.58242	-8.48352	9.6989	6.28571	-0.0016837	-5.47253	-9.74725	379.29	535.31	53.8	2.69	86.08	-266.31	-21.52	0	
8.56978	7.69231	-0.000455285	-5.58242	-8.57143	9.6989	6.28571	-0.00174383	-5.38462	-9.74725	118.36	535.31	83.39	0	40.35	-263.62	-13.45	0	
8.56978	7.69231	-0.000489647	-5.58242	-8.57143	9.78681	6.28571	-0.00176101	-5.47253	-9.74725	110.29	535.31	61.87	5.38	328.18	-263.62	-18.83	8.07	
8.56978	7.69231	-0.000498237	-5.49451	-8.57143	9.78681	6.28571	-0.0017696	-5.38462	-9.74725	172.16	538	13.45	0	212.51	-266.31	-21.52	0	
8.65769	7.69231	-0.000541188	-5.49451	-8.57143	9.6989	6.28571	-0.00178678	-5.47253	-9.65934	51.11	538	37.66	0	274.38	-269	-32.28	0	
8.56978	7.69231	-0.00057555	-5.49451	-8.57143	9.6989	6.28571	-0.00178678	-5.38462	-9.65934	94.15	538	45.73	0	406.19	-266.31	-29.59	0	
8.48187	7.69231	-0.00058414	-5.58242	-8.57143	9.61099	6.28571	-0.00177819	-5.38462	-9.65934	69.94	538	40.35	-10.76	174.85	-266.31	-26.9	0	
8.39396	7.69231	-0.00058414	-5.49451	-8.48352	9.52308	6.28571	-0.00172665	-5.47253	-9.57143	83.39	535.31	13.45	-16.14	317.42	-266.31	-29.59	0	
8.21813	7.69231	-0.000566959	-5.58242	-8.3956	9.34725	6.28571	-0.00163216	-5.47253	-9.3956	51.11	538	37.66	0	88.77	-263.62	-26.9	-16.14	
7.9544	7.69231	-0.000506827	-5.58242	-8.13187	9.17143	6.28571	-0.00140022	-5.38462	-9.21978	-29.59	535.31	26.9	0	37.66	-266.31	-13.45	-2.69	
7.77857	7.69231	-0.000369383	-5.58242	-7.95604	8.90769	6.28571	-0.00111674	-5.47253	-8.95604	-69.94	535.31	21.52	-16.14	26.9	-269	-26.9	5.38	
7.42692	7.69231	0.000163216	-5.58242	-7.69231	8.64396	6.28571	-0.00100506	-5.47253	-8.78022	8.07	535.31	48.42	-2.69	26.9	-266.31	-26.9	-5.38	
7.07527	7.69231	0.00103084	-5.58242	-7.34066	8.29231	6.28571	-0.000309251	-5.47253	-8.51648	328.18	532.62	34.97	10.76	26.9	-263.62	-32.28	16.14	
6.98736	7.69231	0.00130572	-5.58242	-7.16484	8.2044	6.28571	0.000137445	-5.47253	-8.34066	59.18	538	16.14	-48.42	-99.53	-269	-29.59	-21.52	
6.81154	7.69231	0.00140881	-5.49451	-6.98901	7.85275	6.28571	0.000489647	-5.47253	-7.98901	-347.01	532.62	59.18	-5.38	8.07	-263.62	-16.14	0	
6.28407	7.69231	0.00154625	-5.49451	-6.54945	7.23736	6.28571	0.000833258	-5.47253	-7.46154	-330.87	532.62	56.49	0	-48.42	-269	-21.52	-2.69	
5.75659	7.69231	0.00188127	-5.58242	-6.10989	6.88571	6.28571	0.00100506	-5.47253	-7.1978	-314.73	535.31	0	-43.04	75.32	-269	-26.9	-21.52	
5.22912	7.69231	0.0023881	-5.49451	-5.58242	6.35824	6.28571	0.00137445	-5.47253	-6.75824	-220.58	532.62	26.9	-26.9	-150.64	-266.31	-24.21	-13.45	
4.52582	7.69231	0.00261145	-5.49451	-5.05495	5.74286	6.28571	0.00200154	-5.47253	-6.05495	99.53	535.31	13.45	-34.97	-301.28	-271.69	-26.9	-16.14	
3.91044	7.69231	0.00266299	-5.49451	-4.43956	5.12747	6.28571	0.00229361	-5.47253	-5.35165	2.69	529.93	24.21	-37.66	-672.5	-266.31	-32.28	-10.76	
3.29505	7.69231	0.00298942	-5.49451	-3.73626	4.33626	6.28571	0.00268017	-5.47253	-4.64835	-51.11	532.62	0	-26.9	-459.99	-269	-32.28	-2.69	
2.59176	7.69231	0.00351343	-5.58242	-2.94505	3.63297	6.37363	0.00288634	-5.47253	-3.94505	-217.89	529.93	0	-18.83	215.2	-250.17	-32.28	-10.76	
1.80055	7.69231	0.00370242	-5.58242	-2.32967	2.84176	6.28571	0.00298083	-5.47253	-3.24176	72.63	529.93	0	-24.21	-271.69	-252.86	-32.28	-10.76	
1.00934	7.69231	0.00383127	-5.58242	-1.53846	2.13846	6.37363	0.00308391	-5.47253	-2.45055	-234.03	524.55	8.07	-37.66	-164.09	-250.17	-29.59	-2.69	
0.306044	7.69231	0.00388281	-5.49451	-0.835165	1.43516	6.37363	0.00330726	-5.47253	-1.92308	-75.32	529.93	16.14	-48.42	-591.8	-252.86	-18.83	-10.76	
-0.485165	7.69231	0.00388281	-5.49451	-0.131868	0.643956	6.28571	0.00356497	-5.47253	-1.13187	-172.16	527.24	0	-43.04	-470.75	-252.86	-13.45	-5.38	
-1.27637	7.69231	0.00388281	-5.49451	0.659341	-0.0593407	6.37363	0.00377973	-5.56044	-0.252747	-40.35	529.93	0	-37.66	-312.04	-260.93	-10.76	-2.69	
-2.06758	7.69231	0.00388281	-5.49451	1.36264	-0.938462	6.37363	0.0038055	-5.47253	0.538462	-271.69	529.93	21.52	-51.11	-59.18	-258.24	-21.52	-10.76	
-2.77088	7.69231	0.00383986	-5.49451	2.15385	-1.64176	6.37363	0.00379691	-5.47253	1.24176	-142.57	529.93	0	-34.97	-306.66	-260.93	-32.28	-10.76	
-3.56209	7.69231	0.00370242	-5.49451	2.94505	-2.34505	6.37363	0.00373678	-5.47253	1.94505	80.7	516.48	0	-40.35	-704.78	-255.55	-34.97	-10.76	
-4.17747	7.69231	0.00343612	-5.49451	3.73626	-3.13626	6.37363	0.0036251	-5.56044	2.73626	-51.11	527.24	0	-43.04	-352.39	-260.93	-45.73	0	
-4.96868	7.69231	0.00274889	-5.49451	4.43956	-3.75165	6.37363	0.00331585	-5.47253	3.52747	-129.12	532.62	0	-43.04	-508.41	-258.24	-40.35	0	
-5.67198	7.69231	0.00200154	-5.49451	5.14286	-4.45495	6.37363	0.00295506	-5.47253	4.14286	-188.3	527.24	0	-45.73	-395.43	-279.76	-37.66	0	
-6.28736	7.69231	0.00139163	-5.49451	5.75824	-4.98242	6.37363	0.00243964	-5.47253	4.75824	252.86	521.86	0	-29.59	-156.02	-279.76	-48.42	18.83	
-6.81484	7.69231	0.0011511	-5.49451	6.37363	-5.5978	6.37363	0.00186409	-5.47253	5.37363	-271.69	529.93	0	-40.35	56.49	-274.38	-32.28	13.45	
-7.34231	7.69231	0.00089339	-5.49451	6.81319	-6.21319	6.28571	0.00134009	-5.47253	5.81319	-45.73	532.62	0	-56.49	-325.49	-277.07	-34.97	-5.38	
-7.78187	7.69231	0.000541188	-5.49451	7.34066	-6.65275	6.37363	0.000970703	-5.38462	6.34066	-236.72	532.62	0	-59.18	-201.75	-282.45	-26.9	-8.07	
-8.22143	7.69231	0.000206167	-5.49451	7.69231	-7.09231	6.37363	0.000704404	-5.47253	6.78022	-2.69	535.31	0	-37.66	-26.9	-282.45	-18.83	21.52	
-8.22143	7.69231	0.000188986	-5.49451	7.95604	-7.09231	6.37363	0.000704404	-5.47253	6.95604	61.87	535.31	0	-137.19	-193.68	-282.45	-18.83	-10.76	
-8.48516	7.69231	-0.000223348	-5.49451	8.21978	-7.35604	6.37363	0.000558369	-5.47253	7.13187	-48.42	535.31	5.38	-61.87	-317.42	-274.38	-24.21	-10.76	
-8.83681	7.69231	-0.000566959	-5.49451	8.57143	-7.70769	6.37363	0.000395153	-5.47253	7.48352	-134.5	535.31	0	-32.28	-371.22	-279.76	-16.14	16.14	
-9.10055	7.69231	-0.000721585	-5.49451	8.83516	-7.97143	6.37363	0.000180396	-5.47253	7.74725	-29.59	535.31	2.69	-59.18	-336.25	-277.07	-24.21	0	
-9.27637	7.69231	-0.000850439	-5.49451	8.92308	-8.14725	6.37363	-1.71806e-05	-5.38462	8.01099	-56.49	535.31	0	-75.32	-107.6	-282.45	-16.14	-26.9	
-9.4522	7.69231	-0.000953522	-5.49451	9.01099	-8.32308	6.37363	-0.000163216	-5.38462	8.18681	172.16	532.62	0	-99.53	-40.35	-285.14	-8.07	-5.38	
-9.54011	7.69231	-0.00103943	-5.49451	9.18681	-8.41099	6.37363	-0.00028348	-5.47253	8.27473	13.45	535.31	34.97	-102.22	96.84	-282.45	-13.45	-10.76	
-9.71593	7.69231	-0.0011511	-5.40659	9.27473	-8.4989	6.37363	-0.000335021	-5.47253	8.27473	-190.99	535.31	10.76	-123.74	-59.18	-282.45	-13.45	-16.14	
-9.71593	7.69231	-0.001237	-5.49451	9.36264	-8.4989	6.37363	-0.000377973	-5.38462	8.45055	-161.4	532.62	24.21	-137.19	-24.21	-282.45	-24.21	-29.59	
-9.80385	7.69231	-0.00127995	-5.40659	9.36264	-8.58681	6.37363	-0.000420924	-5.38462	8.45055	-88.77	535.31	2.69	-123.74	88.77	-282.45	-8.07	-13.45	
-9.80385	7.69231	-0.00128854	-5.40659	9.45055	-8.67473	6.28571	-0.000446695	-5.38462	8.45055	-34.97	535.31	10.76	-115.67	-172.16	-277.07	-10.76	-16.14	
-9.71593	7.69231	-0.00130572	-5.40659	9.36264	-8.58681	6.37363	-0.000455285	-5.38462	8.53846	-250.17	535.31	5.38	-121.05	-182.92	-279.76	-8.07	-21.52	
-9.80385	7.69231	-0.0013315	-5.49451	9.36264	-8.58681	6.37363	-0.000472466	-5.38462	8.53846	-139.88	535.31	0	-121.05	-156.02	-274.38	-10.76	-10.76	
-9.80385	7.69231	-0.00137445	-5.40659	9.45055	-8.58681	6.37363	-0.000489647	-5.47253	8.53846	-64.56	535.31	0	-86.08	-69.94	-279.76	-13.45	-5.38	
-9.71593	7.69231	-0.0014174	-5.49451	9.36264	-8.41099	6.37363	-0.000489647	-5.38462	8.45055	-78.01	538	0	-34.97	-260.93	-279.76	-16.14	-8.07	
-9.54011	7.69231	-0.00142599	-5.49451	9.36264	-8.32308	6.37363	-0.000463876	-5.47253	8.36264	-29.59	535.31	0	-21.52	-207.13	-282.45	-26.9	-10.76	
-9.36429	7.69231	-0.00142599	-5.49451	9.27473	-8.14725	6.37363	-0.000403744	-5.47253	8.27473	-121.05	538	0	-26.9	123.74	-282.45	-29.59	10.76	
-9.18846	7.69231	-0.00136586	-5.40659	9.0989	-7.97143	6.37363	-0.000309251	-5.38462	8.01099	-166.78	538	0	-26.9	312.04	-279.76	-26.9	2.69	
-8.92473	7.69231	-0.0011511	-5.49451	8.92308	-7.70769	6.37363	-0.000188986	-5.47253	7.83516	5.38	532.62	0	-43.04	-215.2	-271.69	-18.83	37.66	
-8.66099	7.69231	-0.000704404	-5.49451	8.65934	-7.44396	6.37363	7.73126e-05	-5.47253	7.57143	266.31	538	0	-61.87	43.04	-282.45	-18.83	0	
-8.30934	7.69231	-0.00030066	-5.49451	8.30769	-7.09231	6.37363	0.000652862	-5.47253	7.13187	-102.22	538	0	-59.18	0	-282.45	-24.21	-18.83	
-8.30934	7.69231	0.000317841	-5.49451	8.04396	-7.09231	6.37363	0.000910571	-5.47253	7.04396	-13.45	538	16.14	-48.42	212.51	-277.07	-13.45	-5.38	
-7.95769	7.69231	0.000644272	-5.49451	7.86813	-6.74066	6.28571	0.00126277	-5.38462	6.86813	312.04	529.93	0	-34.97	433.09	-282.45	-10.76	10.76	
-7.51813	7.69231	0.000962113	-5.49451	7.6044	-6.21319	6.37363	0.00166652	-5.47253	6.42857	234.03	535.31	0	-48.42	-48.42	-274.38	-16.14	0	
-6.99066	7.69231	0.00146894	-5.49451	7.07692	-5.77363	6.37363	0.00208744	-5.38462	5.9011	330.87	532.62	0	-34.97	164.09	-279.76	-13.45	0	
-6.37527	7.69231	0.00159779	-5.58242	6.54945	-5.07033	6.28571	0.00228502	-5.47253	5.37363	59.18	529.93	13.45	-26.9	309.35	-277.07	-18.83	2.69	
-5.75989	7.69231	0.00220771	-5.58242	5.84615	-4.45495	6.37363	0.00255991	-5.47253	4.67033	260.93	529.93	18.83	-99.53	728.99	-258.24	-18.83	-8.07	
-5.14451	7.69231	0.00260286	-5.49451	5.23077	-3.92747	6.37363	0.00296365	-5.38462	4.05495	694.02	521.86	18.83	-53.8	575.66	-260.93	-10.76	0	
-4.44121	7.69231	0.00267158	-5.49451	4.52747	-3.13626	6.28571	0.00305814	-5.38462	3.52747	258.24	524.55	8.07	-32.28	516.48	-260.93	-24.21	0	
-3.73791	7.69231	0.00315264	-5.58242	3.82418	-2.43297	6.37363	0.00322136	-5.38462	2.64835	624.08	521.86	21.52	-99.53	279.76	-252.86	-18.83	-18.83	
-3.03462	7.69231	0.00343612	-5.49451	3.03297	-1.64176	6.28571	0.00357356	-5.38462	2.03297	258.24	527.24	40.35	-72.63	-207.13	-252.86	-2.69	0	
-2.24341	7.69231	0.00365946	-5.58242	2.32967	-0.938462	6.37363	0.00367665	-5.47253	1.24176	320.11	524.55	2.69	-61.87	408.88	-252.86	-2.69	-2.69	
-1.54011	7.69231	0.00383127	-5.49451	1.62637	-0.147253	6.28571	0.0037196	-5.47253	0.538462	871.56	516.48	13.45	-61.87	357.77	-258.24	0	-13.45	
-0.748901	7.69231	0.00396012	-5.49451	0.835165	0.643956	6.37363	0.00373678	-5.47253	-0.252747	815.07	524.55	13.45	-72.63	395.43	-250.17	0	-10.76	
0.0423077	7.69231	0.00396872	-5.58242	0.043956	1.34725	6.28571	0.00373678	-5.47253	-0.956044	513.79	529.93	2.69	-67.25	-10.76	-244.79	-13.45	-16.14	
0.745604	7.69231	0.0039859	-5.49451	-0.659341	2.13846	6.28571	0.00369383	-5.47253	-1.83516	516.48	527.24	51.11	-64.56	868.87	-244.79	-16.14	-18.83	
1.53681	7.69231	0.00400308	-5.58242	-1.45055	2.92967	6.28571	0.00355638	-5.38462	-2.53846	546.07	521.86	59.18	-56.49	387.36	-250.17	-21.52	-13.45	
2.24011	7.69231	0.00397731	-5.58242	-2.24176	3.63297	6.28571	0.00333303	-5.47253	-3.32967	903.84	519.17	45.73	-72.63	895.77	-258.24	-13.45	-10.76	
3.03132	7.69231	0.00375396	-5.58242	-2.94505	4.42418	6.28571	0.00287775	-5.38462	-4.12088	737.06	521.86	29.59	-75.32	906.53	-260.93	-13.45	-37.66	
3.73462	7.69231	0.00342753	-5.58242	-3.64835	5.03956	6.28571	0.00248259	-5.47253	-4.82418	723.61	521.86	56.49	-67.25	570.28	-260.93	-13.45	-8.07	
4.35	7.69231	0.00286916	-5.58242	-4.26374	5.65495	6.28571	0.00182114	-5.47253	-5.52747	446.54	527.24	21.52	-40.35	433.09	-266.31	-18.83	-5.38	
4.96538	7.69231	0.00225066	-5.58242	-4.96703	6.27033	6.28571	0.00111674	-5.38462	-6.05495	728.99	519.17	56.49	-64.56	379.29	-260.93	-18.83	-21.52	
5.58077	7.69231	0.0018555	-5.49451	-5.49451	6.7978	6.28571	0.000678633	-5.38462	-6.67033	392.74	529.93	53.8	-32.28	747.82	-258.24	-26.9	-8.07	
6.02033	7.69231	0.00143458	-5.58242	-6.02198	7.32527	6.28571	0.00030066	-5.47253	-7.1978	368.53	527.24	37.66	-16.14	411.57	-260.93	-21.52	0	
6.5478	7.69231	0.00118546	-5.58242	-6.54945	7.76484	6.28571	-0.000171806	-5.38462	-7.63736	529.93	529.93	40.35	-45.73	365.84	-260.93	-26.9	-8.07	
6.89945	7.69231	0.000936342	-5.58242	-6.9011	8.2044	6.28571	-0.000395153	-5.47253	-8.07692	115.67	535.31	64.56	-53.8	263.62	-263.62	-18.83	-43.04	
6.98736	7.69231	0.000936342	-5.58242	-7.07692	8.29231	6.28571	-0.000395153	-5.47253	-8.16484	29.59	535.31	51.11	-10.76	368.53	-263.62	-26.9	37.66	
7.33901	7.69231	0.000652862	-5.58242	-7.25275	8.55604	6.28571	-0.000558369	-5.38462	-8.25275	750.51	524.55	34.97	2.69	538	-260.93	-21.52	16.14	
7.60275	7.69231	0.000463876	-5.58242	-7.51648	8.90769	6.28571	-0.000790307	-5.38462	-8.69231	928.05	524.55	10.76	-37.66	462.68	-260.93	-26.9	10.76	
7.9544	7.69231	0.000231938	-5.58242	-7.86813	9.17143	6.28571	-0.0010652	-5.47253	-8.95604	371.22	535.31	51.11	-29.59	839.28	-260.93	-10.76	10.76	
8.13022	7.69231	4.29515e-05	-5.49451	-8.04396	9.25934	6.28571	-0.001237	-5.47253	-9.13187	166.78	535.31	59.18	-24.21	312.04	-260.93	-16.14	18.83	
8.21813	7.69231	-0.000103084	-5.49451	-8.13187	9.43516	6.28571	-0.00134009	-5.47253	-9.30769	204.44	535.31	32.28	-16.14	293.21	-263.62	-16.14	32.28	
8.39396	7.69231	-0.000206167	-5.58242	-8.3956	9.61099	6.28571	-0.00144317	-5.47253	-9.48352	139.88	529.93	37.66	16.14	333.56	-263.62	-18.83	10.76	
8.48187	7.69231	-0.000274889	-5.58242	-8.48352	9.6989	6.28571	-0.00157202	-5.47253	-9.65934	196.37	535.31	21.52	18.83	381.98	-266.31	-16.14	0	
8.48187	7.69231	-0.000360792	-5.49451	-8.48352	9.6989	6.28571	-0.00167511	-5.38462	-9.65934	26.9	535.31	34.97	0	209.82	-263.62	-18.83	0	
8.56978	7.69231	-0.000446695	-5.49451	-8.57143	9.6989	6.28571	-0.00175242	-5.47253	-9.65934	279.76	529.93	64.56	0	320.11	-266.31	-26.9	34.97	
8.56978	7.69231	-0.000481056	-5.49451	-8.57143	9.87473	6.28571	-0.00176101	-5.38462	-9.74725	123.74	535.31	67.25	0	279.76	-266.31	-13.45	0	
8.56978	7.69231	-0.000489647	-5.58242	-8.57143	9.87473	6.28571	-0.0017696	-5.47253	-9.65934	99.53	538	32.28	0	368.53	-266.31	-16.14	0	
8.56978	7.69231	-0.000524008	-5.49451	-8.48352	9.78681	6.28571	-0.00178678	-5.47253	-9.65934	56.49	535.31	34.97	0	67.25	-266.31	-24.21	0	
8.56978	7.69231	-0.000566959	-5.58242	-8.48352	9.6989	6.28571	-0.00180396	-5.47253	-9.65934	51.11	538	45.73	-5.38	355.08	-266.31	-21.52	0	
8.48187	7.69231	-0.00057555	-5.58242	-8.48352	9.61099	6.28571	-0.00179537	-5.38462	-9.65934	59.18	538	34.97	-5.38	102.22	-266.31	-21.52	0	
8.39396	7.69231	-0.00058414	-5.58242	-8.48352	9.43516	6.28571	-0.00174383	-5.47253	-9.57143	86.08	535.31	48.42	-16.14	83.39	-263.62	-26.9	0	
8.21813	7.69231	-0.000566959	-5.58242	-8.3956	9.25934	6.28571	-0.00162357	-5.47253	-9.30769	102.22	535.31	26.9	0	-2.69	-263.62	-26.9	0	
7.9544	7.69231	-0.000515418	-5.58242	-8.04396	9.17143	6.28571	-0.00137445	-5.47253	-9.21978	-2.69	538	13.45	0	24.21	-263.62	-18.83	0	
7.77857	7.69231	-0.000360792	-5.58242	-7.78022	8.81978	6.28571	-0.00111674	-5.47253	-8.95604	-75.32	538	51.11	-29.59	34.97	-263.62	-32.28	13.45	
7.51484	7.69231	0.000257709	-5.58242	-7.78022	8.64396	6.28571	-0.000987884	-5.47253	-8.78022	-115.67	535.31	45.73	-13.45	40.35	-263.62	-29.59	-5.38	
7.07527	7.69231	0.000859029	-5.58242	-7.42857	8.38022	6.28571	-0.000489647	-5.47253	-8.51648	295.9	535.31	56.49	5.38	118.36	-263.62	-29.59	24.21	
7.07527	7.69231	0.00131431	-5.49451	-7.16484	8.29231	6.28571	3.43612e-05	-5.47253	-8.34066	150.64	529.93	13.45	-37.66	-91.46	-263.62	-26.9	-26.9	
6.72363	7.69231	0.00142599	-5.58242	-6.98901	7.85275	6.28571	0.000386563	-5.47253	-7.98901	-309.35	535.31	45.73	-8.07	-40.35	-263.62	-29.59	0	
6.28407	7.69231	0.00156343	-5.58242	-6.54945	7.23736	6.28571	0.000816078	-5.47253	-7.46154	-344.32	529.93	43.04	-2.69	-126.43	-263.62	-21.52	0	
5.75659	7.69231	0.00184691	-5.49451	-6.10989	6.88571	6.28571	0.00104802	-5.47253	-7.1978	-325.49	532.62	24.21	-32.28	104.91	-263.62	-26.9	-21.52	
5.22912	7.69231	0.00244823	-5.58242	-5.58242	6.27033	6.28571	0.00154625	-5.47253	-6.67033	-225.96	532.62	8.07	-24.21	-266.31	-263.62	-26.9	-10.76	
4.61374	7.69231	0.00260286	-5.58242	-4.96703	5.74286	6.28571	0.0020359	-5.47253	-6.05495	43.04	535.31	0	-32.28	-586.42	-266.31	-29.59	-18.83	
3.91044	7.69231	0.00264581	-5.49451	-4.43956	5.12747	6.28571	0.00231938	-5.47253	-5.35165	-158.71	532.62	2.69	-40.35	0	-271.69	-29.59	-13.45	
3.29505	7.69231	0.00302378	-5.49451	-3.73626	4.33626	6.28571	0.00268876	-5.47253	-4.73626	-166.78	532.62	0	-37.66	-511.1	-263.62	-29.59	-5.38	
2.59176	7.69231	0.00356497	-5.49451	-2.94505	3.72088	6.28571	0.00288634	-5.47253	-3.94505	-312.04	524.55	0	-21.52	220.58	-247.48	-32.28	-18.83	
1.80055	7.69231	0.00372819	-5.49451	-2.32967	2.84176	6.37363	0.00298083	-5.47253	-3.24176	99.53	527.24	0	-29.59	34.97	-258.24	-26.9	-16.14	
1.00934	7.69231	0.00383127	-5.49451	-1.53846	2.13846	6.37363	0.00305814	-5.47253	-2.62637	-578.35	524.55	0	-34.97	-317.42	-260.93	-29.59	-16.14	
0.306044	7.69231	0.0038914	-5.49451	-0.835165	1.43516	6.37363	0.00325572	-5.47253	-1.92308	-287.83	524.55	0	-43.04	-134.5	-260.93	-13.45	-18.83	
-0.485165	7.69231	0.0038914	-5.58242	-0.131868	0.643956	6.37363	0.00365087	-5.47253	-1.13187	-228.65	527.24	0	-37.66	-398.12	-258.24	-13.45	-5.38	
-1.27637	7.69231	0.0038914	-5.49451	0.659341	-0.0593407	6.37363	0.00379691	-5.47253	-0.252747	34.97	529.93	0	-37.66	-416.95	-260.93	-16.14	-2.69	
-2.06758	7.69231	0.0038914	-5.49451	1.45055	-0.938462	6.37363	0.00381409	-5.56044	0.538462	-207.13	532.62	0	-43.04	-355.08	-260.93	-18.83	-2.69	
-2.77088	7.69231	0.00384845	-5.49451	2.15385	-1.64176	6.37363	0.00379691	-5.47253	1.32967	129.12	527.24	0	-32.28	-357.77	-255.55	-37.66	0	
-3.47418	7.69231	0.00369383	-5.49451	2.94505	-2.43297	6.37363	0.00375396	-5.47253	2.03297	-720.92	519.17	0	-32.28	-244.79	-255.55	-32.28	-8.07	
-4.17747	7.69231	0.00344471	-5.49451	3.73626	-3.04835	6.37363	0.00360792	-5.47253	2.73626	-69.94	532.62	0	-37.66	-274.38	-260.93	-40.35	0	
-4.96868	7.69231	0.00286916	-5.49451	4.43956	-3.83956	6.37363	0.00337598	-5.47253	3.43956	-650.98	521.86	0	-43.04	-562.21	-260.93	-37.66	-2.69	
-5.58407	7.69231	0.00195	-5.49451	5.05495	-4.45495	6.37363	0.00284339	-5.47253	4.14286	-37.66	529.93	0	-32.28	-274.38	-282.45	-37.66	0	
-6.28736	7.69231	0.00143458	-5.49451	5.75824	-5.07033	6.37363	0.0023881	-5.47253	4.75824	-193.68	529.93	0	-26.9	-78.01	-282.45	-34.97	32.28	
-6.81484	7.69231	0.00114251	-5.49451	6.37363	-5.68571	6.37363	0.00181255	-5.47253	5.37363	-317.42	532.62	0	-24.21	-312.04	-279.76	-34.97	0	
-7.34231	7.69231	0.0008848	-5.49451	6.9011	-6.21319	6.37363	0.00128854	-5.47253	5.81319	-29.59	535.31	0	-56.49	-290.52	-279.76	-37.66	-10.76	
-7.78187	7.69231	0.000532598	-5.49451	7.34066	-6.65275	6.37363	0.000927752	-5.47253	6.25275	-204.44	532.62	0	-64.56	-317.42	-282.45	-24.21	-5.38	
-8.22143	7.69231	0.000188986	-5.49451	7.78022	-7.09231	6.37363	0.000721585	-5.47253	6.78022	51.11	535.31	0	-34.97	-45.73	-285.14	-26.9	18.83	
-8.22143	7.69231	0.000154625	-5.49451	7.95604	-7.09231	6.37363	0.000712994	-5.38462	6.95604	-10.76	535.31	0	-126.43	-263.62	-282.45	-21.52	-24.21	
-8.48516	7.69231	-0.000206167	-5.49451	8.21978	-7.35604	6.37363	0.000558369	-5.38462	7.13187	-196.37	535.31	0	-69.94	-295.9	-277.07	-21.52	-8.07	
-8.83681	7.69231	-0.000524008	-5.49451	8.57143	-7.70769	6.37363	0.000420924	-5.38462	7.48352	-266.31	532.62	2.69	-32.28	-360.46	-282.45	-13.45	10.76	
-9.10055	7.69231	-0.000721585	-5.49451	8.83516	-7.97143	6.37363	0.000180396	-5.47253	7.74725	-40.35	535.31	5.38	-56.49	-341.63	-282.45	-10.76	0	
-9.27637	7.69231	-0.000841849	-5.49451	8.92308	-8.14725	6.37363	-2.57709e-05	-5.47253	8.01099	-37.66	535.31	0	-91.46	-118.36	-282.45	-8.07	-32.28	
-9.4522	7.69231	-0.000962113	-5.49451	9.01099	-8.32308	6.28571	-0.000188986	-5.38462	8.18681	94.15	532.62	0	-88.77	-34.97	-279.76	-8.07	-8.07	
-9.62802	7.69231	-0.00105661	-5.49451	9.18681	-8.41099	6.37363	-0.00028348	-5.38462	8.18681	-263.62	529.93	37.66	-91.46	-43.04	-282.45	-10.76	-21.52	
-9.71593	7.69231	-0.00117687	-5.40659	9.27473	-8.4989	6.28571	-0.000343612	-5.38462	8.36264	-45.73	535.31	10.76	-123.74	-217.89	-279.76	-13.45	-43.04	
-9.62802	7.69231	-0.00126277	-5.49451	9.36264	-8.4989	6.37363	-0.000386563	-5.38462	8.45055	-164.09	535.31	0	-137.19	-83.39	-282.45	-8.07	-29.59	
-9.80385	7.69231	-0.00128854	-5.49451	9.36264	-8.58681	6.28571	-0.000420924	-5.47253	8.45055	-158.71	529.93	13.45	-129.12	-126.43	-282.45	-13.45	-8.07	
-9.80385	7.69231	-0.00129713	-5.40659	9.36264	-8.58681	6.28571	-0.000438105	-5.47253	8.53846	-59.18	535.31	0	-123.74	-48.42	-279.76	-16.14	-8.07	
-9.80385	7.69231	-0.00131431	-5.40659	9.45055	-8.58681	6.37363	-0.000446695	-5.47253	8.45055	-112.98	535.31	2.69	-115.67	-180.23	-282.45	-16.14	-16.14	
-9.71593	7.69231	-0.00134009	-5.40659	9.45055	-8.58681	6.37363	-0.000463876	-5.38462	8.45055	-43.04	535.31	0	-115.67	-37.66	-282.45	-34.97	-8.07	
-9.71593	7.69231	-0.00137445	-5.40659	9.36264	-8.58681	6.37363	-0.000489647	-5.38462	8.53846	-142.57	535.31	2.69	-86.08	-67.25	-282.45	-18.83	-5.38	
-9.71593	7.69231	-0.0014174	-5.40659	9.36264	-8.41099	6.37363	-0.000489647	-5.47253	8.45055	-61.87	535.31	0	-34.97	172.16	-285.14	-5.38	-10.76	
-9.54011	7.69231	-0.00142599	-5.49451	9.36264	-8.32308	6.37363	-0.000463876	-5.38462	8.45055	-96.84	538	0	-24.21	0	-279.76	-16.14	-16.14	
-9.36429	7.69231	-0.00142599	-5.40659	9.27473	-8.14725	6.37363	-0.000395153	-5.38462	8.27473	-142.57	535.31	0	-29.59	99.53	-282.45	-21.52	0	
-9.18846	7.69231	-0.00135727	-5.40659	9.18681	-7.97143	6.37363	-0.000309251	-5.38462	8.01099	13.45	538	0	-26.9	250.17	-279.76	-26.9	13.45	
-8.92473	7.69231	-0.00109097	-5.49451	8.92308	-7.70769	6.28571	-0.000180396	-5.47253	7.83516	83.39	538	0	-43.04	153.33	-279.76	-18.83	13.45	
-8.66099	7.69231	-0.000661453	-5.49451	8.65934	-7.44396	6.37363	0.000128854	-5.38462	7.57143	263.62	535.31	0	-53.8	80.7	-282.45	-24.21	0	
-8.30934	7.69231	-0.000412334	-5.49451	8.3956	-7.09231	6.37363	0.00057555	-5.47253	7.13187	-43.04	538	0	-56.49	2.69	-279.76	-13.45	-21.52	
-8.30934	7.69231	0.000231938	-5.49451	8.04396	-7.09231	6.28571	0.00086762	-5.47253	7.04396	16.14	538	0	-37.66	217.89	-279.76	-18.83	-2.69	
-7.86978	7.69231	0.000652862	-5.49451	7.95604	-6.74066	6.37363	0.00125418	-5.47253	6.95604	355.08	532.62	8.07	-34.97	675.19	-271.69	-16.14	2.69	
-7.51813	7.69231	0.00101365	-5.49451	7.6044	-6.3011	6.37363	0.00172665	-5.47253	6.42857	234.03	529.93	0	-45.73	21.52	-271.69	-21.52	2.69	
-6.99066	7.69231	0.00146894	-5.58242	7.07692	-5.77363	6.37363	0.00205308	-5.38462	5.9011	239.41	529.93	0	-21.52	37.66	-271.69	-13.45	0	
-6.37527	7.69231	0.0015892	-5.49451	6.54945	-5.07033	6.37363	0.00227643	-5.47253	5.37363	107.6	532.62	8.07	-26.9	680.57	-277.07	-10.76	2.69	
-5.75989	7.69231	0.00225066	-5.58242	5.84615	-4.54286	6.28571	0.00257709	-5.38462	4.75824	244.79	529.93	26.9	-107.6	731.68	-247.48	-13.45	-8.07	
-5.14451	7.69231	0.00262004	-5.49451	5.23077	-3.83956	6.28571	0.00296365	-5.38462	4.05495	277.07	527.24	26.9	-48.42	266.31	-255.55	-8.07	0	
-4.44121	7.69231	0.00275748	-5.49451	4.52747	-3.13626	6.37363	0.00306673	-5.38462	3.43956	193.68	529.93	24.21	-56.49	591.8	-252.86	-18.83	-5.38	
-3.73791	7.69231	0.00313546	-5.58242	3.82418	-2.52088	6.28571	0.00320418	-5.38462	2.64835	328.18	529.93	24.21	-69.94	-34.97	-252.86	-16.14	-8.07	
-3.03462	7.69231	0.00341894	-5.49451	3.12088	-1.64176	6.28571	0.0035392	-5.38462	2.03297	718.23	521.86	26.9	-56.49	403.5	-250.17	-5.38	0	
-2.24341	7.69231	0.00363369	-5.49451	2.41758	-0.938462	6.37363	0.00366805	-5.47253	1.24176	868.87	516.48	43.04	-56.49	306.66	-244.79	-5.38	0	
-1.54011	7.69231	0.00371101	-5.58242	1.62637	-0.147253	6.37363	0.00370242	-5.38462	0.538462	809.69	519.17	21.52	-45.73	355.08	-247.48	-5.38	-5.38	
-0.836813	7.69231	0.00387422	-5.49451	0.923077	0.643956	6.37363	0.00371101	-5.47253	-0.164835	825.83	524.55	18.83	-69.94	433.09	-250.17	-2.69	-8.07	
-0.0456044	7.69231	0.00392576	-5.49451	0.131868	1.43516	6.37363	0.00371101	-5.38462	-0.956044	204.44	527.24	34.97	-72.63	352.39	-247.48	-8.07	-18.83	
0.833516	7.69231	0.00395153	-5.58242	-0.659341	2.13846	6.28571	0.00366805	-5.38462	-1.83516	416.95	529.93	59.18	-53.8	688.64	-242.1	-10.76	-21.52	
1.53681	7.69231	0.00397731	-5.58242	-1.45055	2.92967	6.28571	0.00353061	-5.38462	-2.53846	642.91	521.86	64.56	-53.8	527.24	-244.79	-18.83	-2.69	
2.24011	7.69231	0.00395153	-5.58242	-2.15385	3.54505	6.28571	0.00335021	-5.38462	-3.32967	941.5	519.17	10.76	-67.25	610.63	-260.93	-10.76	-8.07	
3.03132	7.69231	0.00378832	-5.58242	-2.94505	4.42418	6.28571	0.00298083	-5.38462	-4.12088	306.66	529.93	34.97	-78.01	559.52	-258.24	-8.07	-40.35	
3.73462	7.69231	0.0034533	-5.58242	-3.56044	5.03956	6.28571	0.00252555	-5.47253	-4.73626	739.75	519.17	56.49	-64.56	567.59	-258.24	-24.21	-2.69	
4.35	7.69231	0.00285198	-5.58242	-4.26374	5.65495	6.28571	0.00181255	-5.38462	-5.43956	408.88	519.17	0	-56.49	718.23	-258.24	-21.52	-5.38	
4.96538	7.69231	0.00223348	-5.58242	-4.96703	6.27033	6.28571	0.00109956	-5.38462	-6.14286	317.42	521.86	56.49	-56.49	349.7	-260.93	-16.14	-16.14	
5.58077	7.69231	0.00182114	-5.58242	-5.49451	6.88571	6.28571	0.000627091	-5.38462	-6.67033	868.87	524.55	64.56	-26.9	675.19	-258.24	-24.21	-2.69	
6.02033	7.69231	0.00142599	-5.58242	-6.02198	7.32527	6.28571	0.00028348	-5.38462	-7.1978	365.84	532.62	37.66	-18.83	540.69	-258.24	-24.21	0	
6.5478	7.69231	0.00121982	-5.58242	-6.54945	7.85275	6.28571	-0.000137445	-5.47253	-7.63736	828.52	521.86	56.49	-45.73	363.15	-258.24	-21.52	-2.69	
6.98736	7.69231	0.000962113	-5.58242	-6.9011	8.2044	6.28571	-0.000369383	-5.38462	-8.07692	110.29	532.62	61.87	-51.11	400.81	-263.62	-5.38	-43.04	
6.98736	7.69231	0.000953522	-5.58242	-7.16484	8.29231	6.28571	-0.000403744	-5.38462	-8.16484	37.66	538	37.66	-16.14	379.29	-260.93	-18.83	29.59	
7.33901	7.69231	0.000670043	-5.49451	-7.16484	8.46813	6.28571	-0.00059273	-5.38462	-8.34066	347.01	529.93	56.49	5.38	602.56	-258.24	-13.45	13.45	
7.60275	7.69231	0.000412334	-5.58242	-7.51648	8.81978	6.28571	-0.000859029	-5.38462	-8.69231	225.96	532.62	34.97	-40.35	599.87	-260.93	-10.76	0	
7.86648	7.69231	0.000214757	-5.58242	-7.78022	8.9956	6.28571	-0.00110815	-5.38462	-8.95604	209.82	529.93	61.87	-37.66	336.25	-263.62	-10.76	10.76	
8.13022	7.69231	6.0132e-05	-5.58242	-7.95604	9.25934	6.28571	-0.001237	-5.47253	-9.13187	392.74	532.62	37.66	-32.28	352.39	-260.93	-24.21	21.52	
8.21813	7.69231	-9.44932e-05	-5.58242	-8.13187	9.52308	6.28571	-0.0013315	-5.47253	-9.30769	193.68	535.31	29.59	-8.07	441.16	-263.62	-16.14	29.59	
8.39396	7.69231	-0.000188986	-5.49451	-8.30769	9.61099	6.28571	-0.00140022	-5.38462	-9.48352	277.07	532.62	56.49	21.52	408.88	-263.62	-18.83	8.07	
8.48187	7.69231	-0.000257709	-5.49451	-8.3956	9.6989	6.28571	-0.00146035	-5.47253	-9.65934	260.93	535.31	69.94	18.83	309.35	-263.62	-16.14	0	
8.56978	7.69231	-0.000326431	-5.58242	-8.48352	9.6989	6.28571	-0.0015892	-5.38462	-9.57143	360.46	535.31	43.04	-10.76	164.09	-263.62	-18.83	10.76	
8.48187	7.69231	-0.000403744	-5.49451	-8.57143	9.6989	6.28571	-0.00170947	-5.47253	-9.57143	88.77	535.31	69.94	0	115.67	-263.62	-16.14	32.28	
8.48187	7.69231	-0.000438105	-5.58242	-8.57143	9.78681	6.28571	-0.00171806	-5.38462	-9.65934	102.22	535.31	78.01	2.69	330.87	-263.62	-10.76	2.69	
8.56978	7.69231	-0.000481056	-5.49451	-8.57143	9.78681	6.28571	-0.00173524	-5.38462	-9.74725	193.68	538	21.52	0	341.63	-266.31	-13.45	0	
8.48187	7.69231	-0.000549779	-5.58242	-8.57143	9.6989	6.28571	-0.00176101	-5.38462	-9.65934	32.28	535.31	67.25	0	212.51	-266.31	-21.52	0	
8.56978	7.69231	-0.00060132	-5.49451	-8.48352	9.6989	6.28571	-0.00177819	-5.38462	-9.65934	21.52	538	59.18	0	352.39	-266.31	-10.76	0	
8.48187	7.69231	-0.000618501	-5.58242	-8.57143	9.61099	6.28571	-0.00177819	-5.47253	-9.65934	67.25	538	45.73	-8.07	416.95	-266.31	-24.21	0	
8.39396	7.69231	-0.000609911	-5.58242	-8.48352	9.43516	6.28571	-0.00174383	-5.47253	-9.57143	59.18	535.31	43.04	-13.45	188.3	-263.62	-18.83	16.14	
8.21813	7.69231	-0.00058414	-5.58242	-8.3956	9.25934	6.28571	-0.00164934	-5.38462	-9.3956	51.11	538	51.11	0	83.39	-263.62	-24.21	5.38	
7.86648	7.69231	-0.000541188	-5.58242	-8.04396	8.9956	6.28571	-0.00135727	-5.47253	-9.21978	-102.22	535.31	48.42	0	64.56	-266.31	-21.52	10.76	
7.77857	7.69231	-0.000420924	-5.58242	-7.78022	8.90769	6.28571	-0.00111674	-5.38462	-9.04396	-26.9	535.31	43.04	-21.52	45.73	-266.31	-26.9	10.76	
7.51484	7.69231	-6.87223e-05	-5.58242	-7.78022	8.64396	6.28571	-0.00103084	-5.47253	-8.78022	91.46	535.31	72.63	-18.83	118.36	-266.31	-18.83	-5.38	
7.07527	7.69231	0.000936342	-5.49451	-7.42857	8.29231	6.28571	-0.000524008	-5.47253	-8.51648	201.75	532.62	61.87	0	156.02	-263.62	-21.52	26.9	
6.98736	7.69231	0.00137445	-5.58242	-7.16484	8.2044	6.28571	3.43612e-05	-5.47253	-8.34066	99.53	535.31	34.97	-43.04	-16.14	-266.31	-26.9	-18.83	
6.81154	7.69231	0.00145176	-5.58242	-6.98901	7.76484	6.28571	0.000369383	-5.47253	-8.07692	-40.35	535.31	40.35	-16.14	34.97	-263.62	-21.52	0	
6.28407	7.69231	0.0015892	-5.58242	-6.54945	7.32527	6.28571	0.000781717	-5.47253	-7.46154	-193.68	535.31	53.8	-2.69	-174.85	-263.62	-16.14	-5.38	
5.75659	7.69231	0.00193282	-5.58242	-6.10989	6.88571	6.28571	0.000953522	-5.47253	-7.1978	-317.42	532.62	45.73	-24.21	139.88	-263.62	-26.9	-24.21	
5.22912	7.69231	0.00244823	-5.49451	-5.58242	6.27033	6.28571	0.00136586	-5.47253	-6.75824	-193.68	535.31	45.73	-24.21	-161.4	-260.93	-21.52	-8.07	
4.61374	7.69231	0.0025685	-5.49451	-4.96703	5.74286	6.28571	0.0021218	-5.47253	-6.05495	10.76	529.93	32.28	-18.83	34.97	-260.93	-26.9	-10.76	
3.91044	7.69231	0.00263722	-5.58242	-4.43956	5.12747	6.28571	0.00249118	-5.47253	-5.35165	-45.73	532.62	0	-34.97	-188.3	-269	-24.21	-13.45	
3.29505	7.69231	0.00286916	-5.49451	-3.73626	4.24835	6.28571	0.00280044	-5.47253	-4.73626	8.07	532.62	0	-32.28	-511.1	-260.93	-26.9	-8.07	
2.59176	7.69231	0.00346189	-5.58242	-2.94505	3.63297	6.28571	0.00291211	-5.47253	-3.94505	-855.42	519.17	16.14	-24.21	301.28	-247.48	-26.9	-16.14	
1.80055	7.69231	0.00377114	-5.49451	-2.32967	2.92967	6.37363	0.00299801	-5.38462	-3.24176	64.56	529.93	0	-24.21	51.11	-247.48	-29.59	-2.69	
1.09725	7.69231	0.00386563	-5.49451	-1.53846	2.13846	6.37363	0.00306673	-5.47253	-2.62637	-258.24	529.93	0	-34.97	-32.28	-255.55	-32.28	-16.14	
0.306044	7.69231	0.00390858	-5.58242	-0.835165	1.43516	6.37363	0.00323854	-5.47253	-1.92308	-126.43	527.24	0	-43.04	-333.56	-260.93	-13.45	-18.83	
-0.485165	7.69231	0.00390858	-5.49451	-0.131868	0.643956	6.37363	0.00357356	-5.47253	-1.13187	-551.45	521.86	2.69	-45.73	-341.63	-260.93	-16.14	-5.38	
-1.27637	7.69231	0.00389999	-5.49451	0.659341	-0.147253	6.37363	0.00377114	-5.56044	-0.252747	-8.07	532.62	0	-32.28	-465.37	-260.93	-8.07	-5.38	
-2.06758	7.69231	0.00389999	-5.49451	1.45055	-0.938462	6.37363	0.00378832	-5.56044	0.538462	-239.41	529.93	0	-45.73	239.41	-258.24	-13.45	-10.76	
-2.77088	7.69231	0.00383986	-5.49451	2.15385	-1.64176	6.37363	0.00378832	-5.56044	1.24176	99.53	529.93	0	-29.59	75.32	-260.93	-32.28	0	
-3.56209	7.69231	0.00369383	-5.49451	2.94505	-2.34505	6.37363	0.00373678	-5.47253	2.03297	-476.13	527.24	0	-40.35	-18.83	-260.93	-29.59	-5.38	
-4.26538	7.69231	0.00340176	-5.49451	3.64835	-3.04835	6.37363	0.0036251	-5.47253	2.73626	-37.66	532.62	0	-34.97	-443.85	-258.24	-32.28	0	
-4.96868	7.69231	0.00263722	-5.49451	4.43956	-3.75165	6.37363	0.00337598	-5.47253	3.52747	-185.61	532.62	0	-48.42	-607.94	-255.55	-43.04	0	
-5.67198	7.69231	0.00183832	-5.49451	5.05495	-4.36703	6.28571	0.0028348	-5.47253	4.14286	-201.75	524.55	0	-37.66	-516.48	-279.76	-32.28	0	
-6.28736	7.69231	0.00144317	-5.49451	5.75824	-5.07033	6.37363	0.00231938	-5.47253	4.75824	166.78	524.55	0	-24.21	-295.9	-277.07	-34.97	2.69	
-6.72692	7.69231	0.00121123	-5.49451	6.37363	-5.68571	6.37363	0.00188127	-5.47253	5.37363	-387.36	532.62	0	-21.52	-425.02	-277.07	-29.59	2.69	
-7.2544	7.69231	0.000927752	-5.49451	6.9011	-6.21319	6.37363	0.00137445	-5.38462	5.81319	-56.49	532.62	0	-59.18	-325.49	-279.76	-34.97	0	
-7.78187	7.69231	0.000541188	-5.49451	7.34066	-6.65275	6.37363	0.000987884	-5.47253	6.34066	-217.89	535.31	0	-51.11	-126.43	-271.69	-29.59	-5.38	
-8.22143	7.69231	0.000154625	-5.49451	7.78022	-7.09231	6.37363	0.000695814	-5.47253	6.69231	56.49	538	0	-34.97	-45.73	-285.14	-21.52	26.9	
-8.22143	7.69231	0.000128854	-5.49451	7.95604	-7.09231	6.37363	0.000695814	-5.47253	6.95604	69.94	532.62	0	-126.43	-228.65	-279.76	-24.21	-5.38	
-8.48516	7.69231	-0.000206167	-5.49451	8.21978	-7.35604	6.28571	0.000532598	-5.47253	7.13187	5.38	535.31	0	-61.87	-271.69	-271.69	-13.45	-8.07	
-8.83681	7.69231	-0.000515418	-5.49451	8.57143	-7.70769	6.37363	0.000369383	-5.38462	7.48352	-53.8	538	0	-48.42	-368.53	-271.69	-16.14	-2.69	
-9.10055	7.69231	-0.000687223	-5.58242	8.83516	-7.97143	6.37363	0.000171806	-5.38462	7.74725	-16.14	535.31	5.38	-67.25	-317.42	-279.76	-10.76	0	
-9.27637	7.69231	-0.000798897	-5.49451	8.92308	-8.14725	6.37363	0	-5.47253	8.01099	-185.61	535.31	0	-115.67	-37.66	-282.45	-13.45	-34.97	
-9.4522	7.69231	-0.00089339	-5.49451	9.01099	-8.32308	6.37363	-0.000163216	-5.47253	8.18681	-260.93	532.62	8.07	-107.6	-29.59	-282.45	-16.14	-13.45	
-9.62802	7.69231	-0.000970703	-5.58242	9.0989	-8.32308	6.37363	-0.000266299	-5.38462	8.27473	-78.01	532.62	34.97	-107.6	-32.28	-282.45	-8.07	-16.14	
-9.71593	7.69231	-0.00109956	-5.40659	9.27473	-8.41099	6.28571	-0.000335021	-5.47253	8.27473	-59.18	535.31	32.28	-131.81	26.9	-282.45	-13.45	-16.14	
-9.71593	7.69231	-0.00121123	-5.40659	9.36264	-8.4989	6.37363	-0.000386563	-5.47253	8.45055	-250.17	532.62	18.83	-137.19	-13.45	-277.07	-10.76	-32.28	
-9.80385	7.69231	-0.00126277	-5.40659	9.36264	-8.58681	6.37363	-0.000429515	-5.38462	8.45055	-48.42	532.62	21.52	-121.05	0	-279.76	-13.45	-21.52	
-9.80385	7.69231	-0.00127995	-5.40659	9.45055	-8.67473	6.28571	-0.000455285	-5.38462	8.53846	-147.95	535.31	16.14	-129.12	-88.77	-279.76	-24.21	-10.76	
-9.80385	7.69231	-0.00129713	-5.40659	9.45055	-8.58681	6.37363	-0.000463876	-5.47253	8.53846	-43.04	535.31	0	-123.74	-204.44	-279.76	-21.52	-13.45	
-9.80385	7.69231	-0.0013315	-5.49451	9.45055	-8.58681	6.37363	-0.000481056	-5.47253	8.45055	-126.43	535.31	5.38	-129.12	-16.14	-279.76	-16.14	-8.07	
-9.80385	7.69231	-0.00139163	-5.49451	9.36264	-8.58681	6.28571	-0.000498237	-5.47253	8.53846	-53.8	535.31	8.07	-91.46	-78.01	-282.45	-18.83	-5.38	
-9.62802	7.69231	-0.00144317	-5.40659	9.45055	-8.41099	6.28571	-0.000498237	-5.47253	8.45055	-37.66	538	0	-29.59	172.16	-274.38	-13.45	-10.76	
-9.54011	7.69231	-0.00146035	-5.40659	9.36264	-8.32308	6.37363	-0.000472466	-5.38462	8.45055	-24.21	538	0	-21.52	161.4	-282.45	-5.38	-10.76	
-9.36429	7.69231	-0.00146035	-5.40659	9.36264	-8.14725	6.37363	-0.000420924	-5.38462	8.27473	-10.76	538	0	-29.59	110.29	-279.76	-29.59	8.07	
-9.18846	7.69231	-0.00142599	-5.49451	9.18681	-7.97143	6.37363	-0.000343612	-5.38462	8.01099	-83.39	538	0	-10.76	236.72	-277.07	-32.28	16.14	
-8.92473	7.69231	-0.00125418	-5.49451	9.01099	-7.70769	6.37363	-0.000231938	-5.38462	7.83516	72.63	538	0	-32.28	83.39	-279.76	-26.9	29.59	
-8.66099	7.69231	-0.000764536	-5.49451	8.65934	-7.44396	6.37363	3.43612e-05	-5.38462	7.57143	250.17	535.31	0	-67.25	-201.75	-274.38	-21.52	-2.69	
-8.30934	7.69231	-0.000214757	-5.49451	8.30769	-7.09231	6.37363	0.000695814	-5.38462	7.13187	-86.08	538	0	-51.11	0	-279.76	-18.83	-24.21	
-8.22143	7.69231	0.00029207	-5.49451	8.04396	-7.09231	6.37363	0.000919161	-5.47253	7.04396	24.21	538	0	-29.59	279.76	-279.76	-29.59	-10.76	
-7.86978	7.69231	0.000635682	-5.49451	7.95604	-6.74066	6.37363	0.00130572	-5.38462	6.86813	328.18	535.31	0	-18.83	720.92	-274.38	-18.83	10.76	
-7.51813	7.69231	0.00103084	-5.49451	7.6044	-6.3011	6.28571	0.00174383	-5.47253	6.42857	21.52	532.62	8.07	-37.66	328.18	-274.38	-16.14	0	
-6.99066	7.69231	0.00146894	-5.49451	7.07692	-5.77363	6.28571	0.00207026	-5.47253	5.9011	328.18	529.93	0	-18.83	271.69	-277.07	-24.21	0	
-6.37527	7.69231	0.0015892	-5.49451	6.54945	-5.07033	6.37363	0.00228502	-5.47253	5.37363	86.08	532.62	5.38	-18.83	610.63	-271.69	-16.14	-2.69	
-5.8478	7.69231	0.00226784	-5.58242	5.84615	-4.54286	6.28571	0.00259427	-5.47253	4.75824	231.34	532.62	48.42	-88.77	430.4	-255.55	-13.45	-16.14	
-5.05659	7.69231	0.00260286	-5.49451	5.23077	-3.92747	6.37363	0.00295506	-5.47253	4.14286	677.88	519.17	26.9	-53.8	505.72	-258.24	-13.45	-2.69	
-4.52912	7.69231	0.00272312	-5.49451	4.61538	-3.22418	6.28571	0.00304955	-5.47253	3.43956	707.47	519.17	10.76	-45.73	416.95	-255.55	-13.45	-8.07	
-3.82582	7.69231	0.00315264	-5.49451	3.82418	-2.52088	6.28571	0.00316982	-5.38462	2.73626	344.32	532.62	29.59	-75.32	564.9	-247.48	-13.45	-18.83	
-2.9467	7.69231	0.00342753	-5.58242	3.12088	-1.64176	6.28571	0.00353061	-5.47253	2.03297	277.07	527.24	43.04	-64.56	379.29	-250.17	-5.38	0	
-2.24341	7.69231	0.0036251	-5.58242	2.32967	-0.938462	6.28571	0.00368524	-5.47253	1.24176	104.91	524.55	24.21	-53.8	360.46	-252.86	-2.69	-2.69	
-1.54011	7.69231	0.00371101	-5.49451	1.71429	-0.147253	6.28571	0.00371101	-5.38462	0.538462	408.88	527.24	10.76	-51.11	365.84	-247.48	-2.69	-8.07	
-0.836813	7.69231	0.00387422	-5.58242	0.835165	0.643956	6.28571	0.0037196	-5.38462	-0.252747	675.19	524.55	32.28	-59.18	465.37	-247.48	-2.69	-10.76	
0.0423077	7.69231	0.00393435	-5.49451	0.131868	1.34725	6.28571	0.00371101	-5.47253	-0.956044	766.65	524.55	56.49	-53.8	481.51	-250.17	-10.76	-16.14	
0.833516	7.69231	0.0039859	-5.58242	-0.747253	2.13846	6.28571	0.00367665	-5.47253	-1.83516	903.84	521.86	48.42	-61.87	476.13	-247.48	-10.76	-13.45	
1.53681	7.69231	0.00400308	-5.49451	-1.53846	2.92967	6.28571	0.00356497	-5.38462	-2.53846	605.25	521.86	43.04	-53.8	820.45	-244.79	-8.07	-10.76	
2.24011	7.69231	0.00397731	-5.49451	-2.24176	3.54505	6.28571	0.0033588	-5.38462	-3.24176	605.25	527.24	26.9	-59.18	484.2	-260.93	-10.76	-13.45	
3.03132	7.69231	0.00377973	-5.58242	-2.94505	4.33626	6.28571	0.00295506	-5.38462	-4.03297	755.89	519.17	0	-88.77	454.61	-263.62	-13.45	-43.04	
3.73462	7.69231	0.00337598	-5.58242	-3.56044	4.95165	6.28571	0.00243105	-5.38462	-4.73626	739.75	521.86	56.49	-78.01	624.08	-263.62	-13.45	-18.83	
4.35	7.69231	0.00273171	-5.58242	-4.35165	5.65495	6.28571	0.00175242	-5.38462	-5.35165	745.13	516.48	45.73	-43.04	572.97	-258.24	-16.14	0	
4.96538	7.69231	0.00224207	-5.58242	-4.96703	6.27033	6.28571	0.00108238	-5.38462	-6.05495	-174.85	524.55	24.21	-51.11	325.49	-260.93	-18.83	-13.45	
5.66868	7.69231	0.00187268	-5.58242	-5.49451	6.88571	6.28571	0.000695814	-5.38462	-6.67033	376.6	529.93	34.97	-26.9	511.1	-260.93	-24.21	-5.38	
6.10824	7.69231	0.00146894	-5.58242	-6.02198	7.32527	6.28571	0.000360792	-5.38462	-7.10989	363.15	529.93	43.04	-16.14	594.49	-260.93	-32.28	0	
6.5478	7.69231	0.00122841	-5.58242	-6.54945	7.85275	6.28571	-0.000103084	-5.47253	-7.63736	629.46	527.24	16.14	-48.42	505.72	-260.93	-10.76	-5.38	
6.89945	7.69231	0.000953522	-5.49451	-6.9011	8.2044	6.28571	-0.000420924	-5.38462	-8.07692	13.45	535.31	53.8	-56.49	408.88	-263.62	-13.45	-45.73	
7.07527	7.69231	0.000936342	-5.58242	-7.07692	8.2044	6.28571	-0.000455285	-5.38462	-8.16484	107.6	535.31	67.25	-13.45	376.6	-260.93	-26.9	32.28	
7.2511	7.69231	0.000678633	-5.49451	-7.25275	8.55604	6.28571	-0.000627091	-5.38462	-8.34066	355.08	532.62	2.69	8.07	718.23	-260.93	-24.21	13.45	
7.60275	7.69231	0.000429515	-5.58242	-7.51648	8.90769	6.28571	-0.000816078	-5.47253	-8.6044	158.71	535.31	34.97	-16.14	395.43	-260.93	-16.14	13.45	
7.86648	7.69231	0.000223348	-5.58242	-7.86813	9.17143	6.28571	-0.00104802	-5.47253	-8.95604	156.02	535.31	64.56	-34.97	788.17	-260.93	-24.21	21.52	
8.04231	7.69231	6.0132e-05	-5.58242	-7.95604	9.25934	6.28571	-0.001237	-5.38462	-9.13187	51.11	532.62	72.63	-18.83	215.2	-263.62	-18.83	16.14	
8.13022	7.69231	-6.87223e-05	-5.49451	-8.13187	9.43516	6.28571	-0.0013315	-5.38462	-9.21978	56.49	535.31	72.63	-24.21	266.31	-260.93	-10.76	5.38	
8.39396	7.69231	-0.000180396	-5.49451	-8.30769	9.43516	6.28571	-0.0014174	-5.47253	-9.21978	387.36	529.93	59.18	-13.45	349.7	-263.62	-10.76	29.59	
8.39396	7.69231	-0.000274889	-5.58242	-8.3956	9.52308	6.28571	-0.00145176	-5.38462	-9.3956	43.04	535.31	29.59	10.76	419.64	-260.93	-16.14	13.45	
8.48187	7.69231	-0.000377973	-5.58242	-8.3956	9.61099	6.28571	-0.00146035	-5.38462	-9.48352	199.06	532.62	78.01	8.07	277.07	-260.93	-24.21	0	
8.48187	7.69231	-0.000481056	-5.58242	-8.48352	9.52308	6.28571	-0.00146035	-5.38462	-9.48352	328.18	532.62	80.7	16.14	360.46	-263.62	-24.21	0	
8.56978	7.69231	-0.00057555	-5.58242	-8.48352	9.43516	6.28571	-0.00147753	-5.47253	-9.3956	80.7	535.31	83.39	0	325.49	-263.62	-13.45	0	
8.48187	7.69231	-0.00059273	-5.49451	-8.48352	9.34725	6.28571	-0.00148612	-5.38462	-9.3956	228.65	535.31	72.63	13.45	266.31	-263.62	-21.52	0	
8.48187	7.69231	-0.000618501	-5.58242	-8.48352	9.34725	6.28571	-0.00148612	-5.38462	-9.3956	110.29	538	45.73	0	373.91	-263.62	-24.21	0	
8.48187	7.69231	-0.000627091	-5.49451	-8.3956	8.9956	6.28571	-0.00146894	-5.38462	-9.30769	72.63	535.31	5.38	0	34.97	-263.62	-29.59	10.76	
8.30604	7.69231	-0.000635682	-5.58242	-8.3956	8.9956	6.28571	-0.0014174	-5.38462	-9.13187	45.73	535.31	45.73	-21.52	344.32	-263.62	-21.52	0	
8.21813	7.69231	-0.000652862	-5.49451	-8.30769	8.90769	6.28571	-0.00136586	-5.38462	-8.95604	-56.49	535.31	67.25	-10.76	411.57	-263.62	-24.21	0	
8.04231	7.69231	-0.000618501	-5.58242	-8.13187	8.64396	6.28571	-0.001237	-5.47253	-8.78022	5.38	535.31	72.63	0	75.32	-263.62	-21.52	0	
7.86648	7.69231	-0.000558369	-5.58242	-7.95604	8.46813	6.28571	-0.00109956	-5.47253	-8.6044	2.69	535.31	21.52	0	153.33	-263.62	-32.28	2.69	
7.60275	7.69231	-0.000455285	-5.49451	-7.86813	8.2044	6.28571	-0.00102224	-5.47253	-8.34066	64.56	535.31	61.87	-5.38	-5.38	-263.62	-29.59	-10.76	
7.33901	7.69231	8.59029e-05	-5.58242	-7.69231	7.94066	6.28571	-0.00029207	-5.38462	-8.16484	0	535.31	69.94	-2.69	64.56	-263.62	-26.9	0	
6.98736	7.69231	0.000936342	-5.58242	-7.34066	7.67692	6.28571	0.000455285	-5.38462	-7.81319	40.35	535.31	61.87	0	126.43	-263.62	-24.21	29.59	
6.98736	7.69231	0.00126277	-5.49451	-7.07692	7.58901	6.28571	0.000670043	-5.47253	-7.63736	220.58	535.31	24.21	-34.97	-102.22	-263.62	-32.28	-21.52	
6.5478	7.69231	0.00140881	-5.58242	-6.81319	7.06154	6.28571	0.000824668	-5.47253	-7.37363	-306.66	532.62	75.32	0	-16.14	-263.62	-18.83	0	
6.10824	7.69231	0.00152907	-5.58242	-6.46154	6.70989	6.28571	0.000936342	-5.47253	-6.84615	-263.62	535.31	56.49	-21.52	142.57	-263.62	-13.45	-10.76	
5.66868	7.69231	0.00169229	-5.49451	-6.02198	6.18242	6.28571	0.00108238	-5.38462	-6.49451	-285.14	532.62	34.97	-24.21	43.04	-263.62	-21.52	-8.07	
5.0533	7.69231	0.00222489	-5.58242	-5.49451	5.56703	6.28571	0.00153766	-5.56044	-5.96703	-277.07	532.62	48.42	-34.97	-104.91	-263.62	-29.59	-8.07	
4.43791	7.69231	0.00254273	-5.49451	-4.87912	5.03956	6.37363	0.00208744	-5.47253	-5.26374	-196.37	529.93	29.59	-13.45	75.32	-263.62	-21.52	-21.52	
3.82253	7.69231	0.00262004	-5.58242	-4.26374	4.33626	6.28571	0.00246541	-5.47253	-4.73626	-212.51	535.31	29.59	-29.59	-51.11	-263.62	-26.9	-5.38	
