time	COG_x	COG_y	COG_z	COG_xx	COG_yy	COG_zz	p_x	p_y	p_z	BODY_x	BODY_y	BODY_z	BODY_vx	BODY_vy	BODY_vz	BODY_ax	BODY_ay	BODY_az	COG_vx	COG_vy	COG_vz	COG_ax	COG_ay	COG_az	
0.025	7.80849e-07	0.0086089	0.223043	7.80849e-07	0.0086089	0.223043	0	0	0	0.00476544	-0.00405553	0.281374	0	0	0	0	0	0	0	0	0	0	0	0	0	0	0	
0.05	7.80849e-07	0.0086089	0.223043	7.80849e-07	0.0086089	0.223043	0	0	0	0.00476544	-0.00405553	0.281374	0	0	0	0	0	0	0	0	0	0	0	0	0	0	0	
0.075	0.000338388	0.00895227	0.223027	0.000338388	0.00895227	0.223027	0	0	0	0.00519478	-0.00362289	0.281373	0.0171737	0.0173056	-6.78357e-05	0.686948	0.692223	-0.00271343	0.0135043	0.0137349	-0.000644558	0.540171	0.549394	-0.0257823	0.0135043	0.0137349	-0.000644558	
0.1	7.80849e-07	0.0086089	0.223043	7.80849e-07	0.0086089	0.223043	0	0	0	0.00476544	-0.00405553	0.281374	-0.0171737	-0.0173056	6.78357e-05	-1.3739	-1.38445	0.00542685	-0.0135043	-0.0137349	0.000644558	-1.08034	-1.09879	0.0515647	-0.0135043	-0.0137349	0.000644558	
0.125	7.23405e-07	0.00891946	0.223075	7.23405e-07	0.00891946	0.223075	0	0	0	0.00476538	-0.00362376	0.281426	-2.10367e-06	0.0172707	0.00207688	0.686864	1.38305	0.0803618	-2.29779e-06	0.0124227	0.00129911	0.540079	1.0463	0.0261819	-2.29779e-06	0.0124227	0.00129911	
0.15	8.06759e-07	0.00855146	0.223014	8.06759e-07	0.00855146	0.223014	0	0	0	0.00476544	-0.00405553	0.281374	2.10367e-06	-0.0172707	-0.00207688	0.000168293	-1.38166	-0.16615	3.33416e-06	-0.0147201	-0.00247049	0.000225278	-1.08571	-0.150784	3.33416e-06	-0.0147201	-0.00247049	
0.175	0.000338839	0.00892024	0.223076	0.000338839	0.00892024	0.223076	0	0	0	0.0051948	-0.00362285	0.281419	0.0171744	0.017307	0.00177339	0.686892	1.38311	0.154011	0.0135213	0.0147513	0.00247667	0.540719	1.17886	0.197887	0.0135213	0.0147513	0.00247667	
0.2	0.000338831	0.00886187	0.223046	0.000338831	0.00886187	0.223046	0	0	0	0.0051948	-0.00362285	0.281419	0	0	0	-0.686976	-0.69228	-0.0709356	-3.45206e-07	-0.00233478	-0.00118529	-0.540866	-0.683443	-0.146478	-3.45206e-07	-0.00233478	-0.00118529	
0.225	1.06411e-06	0.00914046	0.223127	1.06411e-06	0.00914046	0.223127	0	0	0	0.00476528	-0.00319195	0.281524	-0.0171807	0.0172362	0.00419509	-0.687229	0.689449	0.167804	-0.0135107	0.0111436	0.00324268	-0.540413	0.539134	0.177119	-0.0135107	0.0111436	0.00324268	
0.25	0.000374376	0.00951908	0.223051	0.000374376	0.00951908	0.223051	0	0	0	0.00520021	-0.00275776	0.281463	0.0173972	0.0173673	-0.00243456	1.38312	0.00524378	-0.265186	0.0149325	0.0151446	-0.00304714	1.13773	0.160042	-0.251593	0.0149325	0.0151446	-0.00304714	
0.275	6.3461e-07	0.00982817	0.223096	6.3461e-07	0.00982817	0.223096	0	0	0	0.00476528	-0.00232802	0.281532	-0.0173972	0.0171898	0.00277334	-1.39178	-0.00710033	0.208316	-0.0149497	0.0123636	0.00178844	-1.19529	-0.111241	0.193423	-0.0149497	0.0123636	0.00178844	
0.3	5.7733e-07	0.0101398	0.223127	5.7733e-07	0.0101398	0.223127	0	0	0	0.00476523	-0.00189594	0.281581	-2.10481e-06	0.0172832	0.00197084	0.695805	0.00373364	-0.0320998	-2.2912e-06	0.0124644	0.00124361	0.597894	0.00403132	-0.0217933	-2.2912e-06	0.0124644	0.00124361	
0.325	5.20122e-07	0.0107956	0.223141	5.20122e-07	0.0107956	0.223141	0	0	0	0.00476517	-0.00103166	0.281632	-2.10518e-06	0.034571	0.0020209	-1.48326e-08	0.691516	0.00200229	-2.28833e-06	0.0262332	0.000572414	1.14818e-07	0.550753	-0.0268478	-2.28833e-06	0.0262332	0.000572414	
0.35	3.59966e-05	0.0110761	0.223206	3.59966e-05	0.0110761	0.223206	0	0	0	0.00477013	-0.000597974	0.281713	0.00019829	0.0173476	0.00326	0.0080158	-0.688938	0.0495641	0.00141906	0.0112203	0.00259058	0.0568539	-0.600514	0.0807265	0.00141906	0.0112203	0.00259058	
0.375	0.000338537	0.0113887	0.223245	0.000338537	0.0113887	0.223245	0	0	0	0.00519492	-0.00016607	0.281764	0.0169915	0.0172761	0.00203331	0.67173	-0.0028578	-0.0490676	0.0121016	0.0125033	0.00156665	0.427302	0.0513187	-0.0409571	0.0121016	0.0125033	0.00156665	
0.4	2.34646e-07	0.0120095	0.223303	2.34646e-07	0.0120095	0.223303	0	0	0	0.00476491	0.000698075	0.281863	-0.0172004	0.0345658	0.00395375	-1.36768	0.691586	0.0768176	-0.0135321	0.0248324	0.00231292	-1.02535	0.493162	0.0298509	-0.0135321	0.0248324	0.00231292	
0.425	6.17209e-05	0.0125775	0.223323	6.17209e-05	0.0125775	0.223323	0	0	0	0.00476481	0.00156331	0.281952	-4.21493e-06	0.0346094	0.00354366	0.687846	0.00174274	-0.0164038	0.00245945	0.0227217	0.000793536	0.639662	-0.0844283	-0.0607754	0.00245945	0.0227217	0.000793536	
0.45	9.20023e-05	0.0135898	0.223417	9.20023e-05	0.0135898	0.223417	0	0	0	0.00475236	0.00289899	0.281738	-0.000497944	0.0534272	-0.0085504	-0.0197492	0.752713	-0.483762	0.00121125	0.0404906	0.0037761	-0.0499279	0.710759	0.119303	0.00121125	0.0404906	0.0037761	
0.475	-2.17107e-05	0.0148769	0.22301	-2.17107e-05	0.0148769	0.22301	0	0	0	0.00472509	0.00467358	0.281306	-0.00109059	0.0709838	-0.0172819	-0.0237059	0.702263	-0.349258	-0.00454852	0.0514843	-0.0162861	-0.230391	0.439746	-0.802487	-0.00454852	0.0514843	-0.0162861	
0.5	-1.77968e-05	0.0153627	0.223218	-1.77968e-05	0.0153627	0.223218	0	0	0	0.00472488	0.00553737	0.281474	-8.44115e-06	0.0345515	0.0067382	0.0432861	-1.45729	0.960802	0.000156555	0.0194324	0.00830972	0.188203	-1.28207	0.983832	0.000156555	0.0194324	0.00830972	
0.525	-3.37276e-05	0.0169834	0.222923	-3.37276e-05	0.0169834	0.222923	0	0	0	0.00470649	0.00772996	0.281197	-0.000735777	0.0877035	-0.0110917	-0.0290934	2.12608	-0.713194	-0.00063723	0.0648268	-0.0117716	-0.0317514	1.81577	-0.803254	-0.00063723	0.0648268	-0.0117716	
0.55	-2.91338e-05	0.0173954	0.223106	-2.91338e-05	0.0173954	0.223106	0	0	0	0.00470643	0.00816151	0.281231	-2.11208e-06	0.0172621	0.00135356	0.0293466	-2.81766	0.497809	0.000183753	0.0164811	0.0073196	0.0328393	-1.93383	0.763649	0.000183753	0.0164811	0.0073196	
0.575	-1.85296e-05	0.0185299	0.223328	-1.85296e-05	0.0185299	0.223328	0	0	0	0.00471234	0.00987833	0.281451	0.000236106	0.0686728	0.00878658	0.00952872	2.05643	0.297321	0.000424165	0.0453802	0.00886352	0.00961649	1.15596	0.0617569	0.000424165	0.0453802	0.00886352	
0.6	-2.98178e-05	0.0203853	0.223227	-2.98178e-05	0.0203853	0.223227	0	0	0	0.00469833	0.0124904	0.281362	-0.000560295	0.104481	-0.0035606	-0.031856	1.43233	-0.493887	-0.000451525	0.0742165	-0.00401729	-0.0350276	1.15345	-0.515232	-0.000451525	0.0742165	-0.00401729	
0.625	-5.3314e-05	0.022304	0.222742	-5.3314e-05	0.022304	0.222742	0	0	0	0.00466018	0.015127	0.280608	-0.00152585	0.105467	-0.0301501	-0.0386221	0.0394488	-1.06358	-0.000939849	0.0767442	-0.0194105	-0.019533	0.101108	-0.615728	-0.000939849	0.0767442	-0.0194105	
0.65	-5.14556e-05	0.0245639	0.222968	-5.14556e-05	0.0245639	0.222968	0	0	0	0.00465976	0.0181428	0.280797	-1.69294e-05	0.12063	0.00758313	0.0603567	0.606523	1.50933	7.43365e-05	0.0903961	0.0090395	0.0405674	0.546075	1.138	7.43365e-05	0.0903961	0.0090395	
0.675	0.00028238	0.0261895	0.222794	0.00028238	0.0261895	0.222794	0	0	0	0.00507503	0.0207392	0.280578	0.016611	0.103855	-0.00875917	0.665116	-0.671001	-0.653692	0.0133534	0.0650258	-0.0069616	0.531164	-1.01481	-0.640044	0.0133534	0.0650258	-0.0069616	
0.7	0.000280532	0.0288857	0.222916	0.000280532	0.0288857	0.222916	0	0	0	0.00507206	0.0241859	0.280648	-0.000119081	0.137868	0.00279702	-0.669202	1.36049	0.462248	-7.39271e-05	0.107847	0.00489417	-0.537094	1.71286	0.474231	-7.39271e-05	0.107847	0.00489417	
0.725	0.000283505	0.0316842	0.222873	0.000283505	0.0316842	0.222873	0	0	0	0.00507061	0.0280619	0.280575	-5.77744e-05	0.155042	-0.00291434	0.00245228	0.686986	-0.228454	0.00011891	0.111939	-0.00171868	0.00771348	0.163679	-0.264514	0.00011891	0.111939	-0.00171868	
0.75	0.000228706	0.0341068	0.222937	0.000228706	0.0341068	0.222937	0	0	0	0.00507075	0.0315071	0.280578	5.65011e-06	0.137808	0.000105722	0.00253698	-0.689354	0.120802	-0.00219196	0.0969049	0.00253066	-0.0924346	-0.601378	0.169974	-0.00219196	0.0969049	0.00253066	
0.775	0.000292306	0.0372796	0.222835	0.000292306	0.0372796	0.222835	0	0	0	0.0050709	0.0358128	0.28043	5.64995e-06	0.172228	-0.00592897	-6.38485e-09	1.3768	-0.241388	0.00254402	0.126911	-0.00406482	0.189439	1.20023	-0.263819	0.00254402	0.126911	-0.00406482	
0.8	0.000301514	0.0398031	0.223001	0.000301514	0.0398031	0.223001	0	0	0	0.00508046	0.0392639	0.280589	0.000382661	0.13804	0.00637493	0.0150804	-1.36752	0.492156	0.000368299	0.100944	0.00663594	-0.0870288	-1.03867	0.42803	0.000368299	0.100944	0.00663594	
0.825	0.000261808	0.04234	0.223375	0.000261808	0.04234	0.223375	0	0	0	0.00510414	0.0427324	0.281015	0.000947118	0.138743	0.0170209	0.0225783	0.0281042	0.425837	-0.00158822	0.101475	0.0149404	-0.0782607	0.0212721	0.332177	-0.00158822	0.101475	0.0149404	
0.85	0.000339059	0.0451429	0.223499	0.000339059	0.0451429	0.223499	0	0	0	0.00512623	0.0466411	0.281246	0.000883691	0.156349	0.00924254	-0.00253706	0.70423	-0.311133	0.00309002	0.112115	0.00498467	0.18713	0.42559	-0.398228	0.00309002	0.112115	0.00498467	
0.875	-1.58312e-05	0.0475946	0.223159	-1.58312e-05	0.0475946	0.223159	0	0	0	0.00468014	0.0500773	0.280834	-0.0178437	0.137447	-0.0164642	-0.749095	-0.756049	-1.02827	-0.0141956	0.0980666	-0.0136088	-0.691425	-0.561945	-0.743737	-0.0141956	0.0980666	-0.0136088	
0.9	1.86179e-05	0.0504988	0.223639	1.86179e-05	0.0504988	0.223639	0	0	0	0.00472518	0.0540421	0.28151	0.00180142	0.15859	0.0270416	0.785804	0.845692	1.74023	0.00137796	0.116168	0.019186	0.622942	0.72405	1.31179	0.00137796	0.116168	0.019186	
0.925	1.88365e-05	0.0526572	0.223471	1.88365e-05	0.0526572	0.223471	0	0	0	0.00472627	0.0570691	0.281316	4.37241e-05	0.121082	-0.00777068	-0.070308	-1.5003	-1.39249	8.74476e-06	0.0863365	-0.00670874	-0.0547688	-1.19326	-1.03579	8.74476e-06	0.0863365	-0.00670874	
0.95	-3.3244e-05	0.0547962	0.223388	-3.3244e-05	0.0547962	0.223388	0	0	0	0.00473348	0.0601082	0.28118	0.000288294	0.121564	-0.00545197	0.00978281	0.0192793	0.0927483	-0.00208322	0.0855614	-0.00330724	-0.0836786	-0.0310015	0.13606	-0.00208322	0.0855614	-0.00330724	
0.975	-3.3706e-05	0.0573307	0.223012	-3.3706e-05	0.0573307	0.223012	0	0	0	0.00473917	0.0635746	0.280879	0.0002277	0.138653	-0.0120178	-0.00242378	0.683546	-0.262633	-1.84782e-05	0.101378	-0.0150334	0.0825897	0.632645	-0.469048	-1.84782e-05	0.101378	-0.0150334	
1	3.59933e-05	0.0595998	0.222961	3.59933e-05	0.0595998	0.222961	0	0	0	0.00474941	0.0666219	0.280741	0.000409551	0.121893	-0.00554141	0.00727404	-0.670381	0.259056	0.00278797	0.0907654	-0.00205849	0.112258	-0.424486	0.518998	0.00278797	0.0907654	-0.00205849	
1.025	6.14525e-05	0.0619609	0.223284	6.14525e-05	0.0619609	0.223284	0	0	0	0.00478838	0.0697616	0.281261	0.00155908	0.125587	0.0208094	0.0459811	0.147741	1.05403	0.00101837	0.094445	0.0129354	-0.070784	0.147183	0.599756	0.00101837	0.094445	0.0129354	
1.05	4.92053e-05	0.0630908	0.223229	4.92053e-05	0.0630908	0.223229	0.000159596	0.0801906	0.00102299	0.00480837	0.0715343	0.281283	0.000799466	0.0709077	0.000881712	-0.0303845	-2.18717	-0.797109	-0.000489889	0.0451946	-0.00219511	-0.0603303	-1.97001	-0.60522	-0.000489889	0.0451946	-0.00219511	
1.075	-6.57329e-05	0.0622911	0.223199	-0.000225329	-0.0178995	0.222176	0.000159596	0.0801906	0.00102299	0.00470573	0.0706469	0.28129	-0.00410574	-0.0354952	0.000284834	-0.196208	-4.25612	-0.0238751	-0.00459753	-0.0319861	-0.00121367	-0.164306	-3.08723	0.0392575	-0.00459753	-0.0319861	-0.00121367	
1.1	-4.82143e-05	0.0635374	0.222814	-0.000207811	-0.0166532	0.221791	0.000159596	0.0801906	0.00102299	0.00469049	0.0723452	0.280851	-0.000609652	0.0679333	-0.0175509	0.139844	4.13714	-0.713429	0.000700744	0.0498506	-0.0154062	0.211931	3.27347	-0.567703	0.000700744	0.0498506	-0.0154062	
1.125	-7.33178e-05	0.0646834	0.222883	-0.000232914	-0.0155073	0.22186	0.000159596	0.0801906	0.00102299	0.00470479	0.0740815	0.280984	0.000572103	0.0694504	0.00529489	0.0472702	0.0606841	0.913832	-0.00100414	0.0458386	0.00274452	-0.0681954	-0.160479	0.72603	-0.00100414	0.0458386	0.00274452	
1.15	0.000235604	0.0654027	0.222889	7.6008e-05	-0.0147879	0.221866	0.000159596	0.0801906	0.00102299	0.00513578	0.0749556	0.281039	0.0172397	0.0349663	0.00219501	0.666705	-1.37937	-0.123995	0.0123569	0.0287729	0.00026845	0.534441	-0.682629	-0.0990428	0.0123569	0.0287729	0.00026845	
1.175	-0.000104036	0.0662367	0.222854	-0.000263632	-0.0139539	0.221831	0.000159596	0.0801906	0.00102299	0.00470701	0.0762417	0.280941	-0.0171509	0.0514425	-0.00391338	-1.37562	0.659048	-0.244336	-0.0135856	0.0333606	-0.00141611	-1.0377	0.183508	-0.0673825	-0.0135856	0.0333606	-0.00141611	
1.2	-0.000104661	0.0672523	0.222784	-0.000264257	-0.0129383	0.221761	0.000159596	0.0801906	0.00102299	0.00470701	0.0775297	0.280864	-3.46945e-17	0.0515184	-0.00307392	0.686036	0.00303919	0.0335784	-2.5001e-05	0.0406249	-0.00281289	0.542424	0.290572	-0.0558709	-2.5001e-05	0.0406249	-0.00281289	
1.225	-8.90077e-05	0.0675922	0.222993	-0.000248604	-0.0125984	0.22197	0.000159596	0.0801906	0.00102299	0.00472503	0.0779992	0.28114	0.00072101	0.0187825	0.0110235	0.0288404	-1.30944	0.563896	0.000626124	0.0135966	0.00836544	0.026045	-1.08113	0.447133	0.000626124	0.0135966	0.00836544	
1.25	-3.82363e-05	0.0679338	0.223316	-0.000197833	-0.0122569	0.222293	0.000159596	0.0801906	0.00102299	0.00475213	0.0784794	0.281597	0.00108373	0.0192068	0.0183	0.0145086	0.0169697	0.291063	0.00203085	0.0136616	0.0129526	0.0561892	0.00260181	0.183485	0.00203085	0.0136616	0.0129526	
1.275	0.000303042	0.0679451	0.22341	0.000143445	-0.0122455	0.222387	0.000159596	0.0801906	0.00102299	0.00518485	0.078489	0.281692	0.0173089	0.000383678	0.00380482	0.649008	-0.752924	-0.579809	0.0136511	0.000452925	0.00372481	0.464811	-0.528348	-0.36911	0.0136511	0.000452925	0.00372481	
1.3	-4.06886e-05	0.0683916	0.223228	-0.000200285	-0.011799	0.222205	0.000159596	0.0801906	0.00102299	0.00474762	0.0788994	0.281497	-0.0174892	0.0164168	-0.00781098	-1.39192	0.641325	-0.464632	-0.0137492	0.0178596	-0.00725736	-1.09601	0.696266	-0.439287	-0.0137492	0.0178596	-0.00725736	
1.325	-7.17477e-05	0.0682259	0.223414	-0.000231344	-0.0119648	0.222391	0.000159596	0.0801906	0.00102299	0.00474757	0.0789111	0.281611	-2.20929e-06	0.000468027	0.00457101	0.699479	-0.637951	0.49528	-0.00124237	-0.00662827	0.00743153	0.500274	-0.979513	0.587555	-0.00124237	-0.00662827	0.00743153	
1.35	-6.5599e-05	0.0679027	0.223531	-0.000225195	-0.0122879	0.222508	0.000159596	0.0801906	0.00102299	0.00475057	0.0784875	0.281677	0.000120168	-0.0169453	0.00264067	0.00489511	-0.696532	-0.0772137	0.000245951	-0.0129264	0.00469875	0.0595327	-0.251924	-0.109311	0.000245951	-0.0129264	0.00469875	
1.375	-6.34125e-05	0.0676013	0.223605	-0.000223009	-0.0125893	0.222582	0.000159596	0.0801906	0.00102299	0.00475057	0.0780569	0.28172	0	-0.0172236	0.00172348	-0.00480674	-0.0111333	-0.0366874	8.74583e-05	-0.0120556	0.00294728	-0.00633971	0.0348322	-0.0700587	8.74583e-05	-0.0120556	0.00294728	
1.4	0.000248581	0.0673205	0.223579	8.89847e-05	-0.0128701	0.222556	0.000159596	0.0801906	0.00102299	0.0051833	0.0776243	0.281697	0.017309	-0.0173024	-0.000911215	0.692361	-0.00315326	-0.105388	0.0124797	-0.011232	-0.00103525	0.495691	0.0329411	-0.159301	0.0124797	-0.011232	-0.00103525	
1.425	-6.12264e-05	0.0670982	0.223529	-0.000220823	-0.0130925	0.222506	0.000159596	0.0801906	0.00102299	0.00475057	0.0771955	0.281712	-0.017309	-0.0171523	0.000596435	-1.38472	0.00600738	0.060306	-0.0123923	-0.00889427	-0.00200964	-0.994881	0.0935103	-0.0389756	-0.0123923	-0.00889427	-0.00200964	
1.45	-7.83927e-05	0.0666949	0.223313	-0.000237989	-0.0134958	0.22229	0.000159596	0.0801906	0.00102299	0.00473104	0.0767227	0.281401	-0.000781095	-0.0189137	-0.0124447	0.661118	-0.0704561	-0.521645	-0.000686653	-0.0161326	-0.00862918	0.468226	-0.289532	-0.264782	-0.000686653	-0.0161326	-0.00862918	
1.475	-7.11908e-05	0.0661165	0.223452	-0.000230787	-0.0140741	0.222429	0.000159596	0.0801906	0.00102299	0.00474006	0.075881	0.28164	0.000360505	-0.0336658	0.00956722	0.045664	-0.590084	0.880476	0.000288076	-0.0231327	0.00555364	0.0389892	-0.280006	0.567313	0.000288076	-0.0231327	0.00555364	
1.5	-3.14137e-05	0.0654802	0.223691	-0.00019101	-0.0147105	0.222668	0.000159596	0.0801906	0.00102299	0.00475006	0.0750309	0.281889	0.000400296	-0.0340072	0.00993932	0.00159162	-0.0136574	0.0148838	0.00159108	-0.0254547	0.00957378	0.0521202	-0.0928812	0.160806	0.00159108	-0.0254547	0.00957378	
1.525	-2.82832e-05	0.064962	0.22383	-0.000187879	-0.0152286	0.222807	0.000159596	0.0801906	0.00102299	0.00474985	0.0741691	0.28201	-8.44505e-06	-0.0344711	0.00483742	-0.0163496	-0.0185568	-0.204076	0.000125222	-0.0207275	0.00553016	-0.0586344	0.189088	-0.161745	0.000125222	-0.0207275	0.00553016	
1.55	-9.35438e-05	0.0636434	0.223742	-0.00025314	-0.0165473	0.222719	0.000159596	0.0801906	0.00102299	0.00474821	0.0724418	0.282025	-6.5716e-05	-0.0690908	0.000623648	-0.00229084	-1.38479	-0.168551	-0.00261043	-0.0527454	-0.00350407	-0.109426	-1.28071	-0.361369	-0.00261043	-0.0527454	-0.00350407	
1.575	-9.15848e-05	0.062524	0.223814	-0.000251181	-0.0176667	0.222791	0.000159596	0.0801906	0.00102299	0.00474793	0.0707168	0.282157	-1.12677e-05	-0.0690023	0.00525085	0.00217793	0.00354243	0.185088	7.83622e-05	-0.0447751	0.0028926	0.107551	0.318812	0.255867	7.83622e-05	-0.0447751	0.0028926	
1.6	-0.00012504	0.0620071	0.223997	-0.000284636	-0.0181836	0.222974	0.000159596	0.0801906	0.00102299	0.00474606	0.0702887	0.28228	-7.453e-05	-0.0171225	0.00493174	-0.00253049	2.07519	-0.0127646	-0.00133821	-0.0206759	0.00729386	-0.0566628	0.963968	0.176051	-0.00133821	-0.0206759	0.00729386	
1.625	-8.80335e-05	0.060551	0.224058	-0.00024763	-0.0196397	0.223035	0.000159596	0.0801906	0.00102299	0.0047475	0.0681277	0.282334	5.76191e-05	-0.0864381	0.00215025	0.00528597	-2.77262	-0.11126	0.00148026	-0.0582448	0.00245142	0.112739	-1.50276	-0.193698	0.00148026	-0.0582448	0.00245142	
1.65	0.000185292	0.0590298	0.223478	2.56955e-05	-0.0211608	0.222455	0.000159596	0.0801906	0.00102299	0.00512178	0.0659041	0.281394	0.0149712	-0.0889449	-0.0375738	0.596542	-0.100275	-1.58896	0.010933	-0.0608465	-0.0232141	0.37811	-0.104069	-1.02662	0.010933	-0.0608465	-0.0232141	
1.675	-0.00012799	0.0570417	0.223321	-0.000287587	-0.0231489	0.222298	0.000159596	0.0801906	0.00102299	0.00468214	0.0633084	0.281122	-0.0175858	-0.10383	-0.0108999	-1.30228	-0.595395	1.06696	-0.0125313	-0.0795226	-0.00625782	-0.938572	-0.747044	0.67825	-0.0125313	-0.0795226	-0.00625782	
1.7	-0.000128451	0.0550231	0.223377	-0.000288047	-0.0251675	0.222354	0.000159596	0.0801906	0.00102299	0.00468007	0.060298	0.281258	-8.26661e-05	-0.120413	0.00545826	0.700126	-0.663343	0.654326	-1.84241e-05	-0.0807442	0.00225076	0.500514	-0.048866	0.340343	-1.84241e-05	-0.0807442	0.00225076	
1.725	-0.000156116	0.0524555	0.223476	-0.000315712	-0.0277351	0.222453	0.000159596	0.0801906	0.00102299	0.00467847	0.0568583	0.281327	-6.40934e-05	-0.13759	0.00275244	0.000742907	-0.687046	-0.108233	-0.00110661	-0.102705	0.00395644	-0.0435274	-0.878448	0.0682271	-0.00110661	-0.102705	0.00395644	
1.75	-0.000152238	0.0499189	0.223591	-0.000311834	-0.0302718	0.222568	0.000159596	0.0801906	0.00102299	0.00467847	0.0534172	0.281388	0	-0.137646	0.00242902	0.00256373	-0.00224375	-0.0129368	0.000155121	-0.101465	0.00460204	0.0504691	0.0496317	0.025824	0.000155121	-0.101465	0.00460204	
1.775	-0.000122298	0.0474359	0.22358	-0.000281894	-0.0327548	0.222557	0.000159596	0.0801906	0.00102299	0.00467695	0.0499756	0.28136	-6.09553e-05	-0.137664	-0.00110948	-0.00243821	-0.000721089	-0.14154	0.00119759	-0.0993203	-0.000465922	0.0416989	0.0857735	-0.202718	0.00119759	-0.0993203	-0.000465922	
1.8	-0.000142543	0.0449603	0.223725	-0.00030214	-0.0352303	0.222702	0.000159596	0.0801906	0.00102299	0.00467847	0.0465339	0.281383	6.09553e-05	-0.137665	0.000898255	0.00487642	-6.16116e-05	0.0803094	-0.000809803	-0.0990206	0.00580752	-0.0802958	0.0119888	0.250938	-0.000809803	-0.0990206	0.00580752	
1.825	-0.000139864	0.0421338	0.22364	-0.00029946	-0.0380569	0.222617	0.000159596	0.0801906	0.00102299	0.00467697	0.0426638	0.281225	-6.00842e-05	-0.154806	-0.0063029	-0.00484158	-0.685629	-0.288046	0.000107172	-0.113063	-0.00338268	0.036679	-0.561711	-0.367608	0.000107172	-0.113063	-0.00338268	
1.85	-7.49598e-05	0.0392114	0.223656	-0.000234556	-0.0409793	0.222633	0.000159596	0.0801906	0.00102299	0.00468298	0.038789	0.281232	0.000240337	-0.154991	0.000261685	0.0120168	-0.00741407	0.262583	0.00259617	-0.116895	0.000633607	0.0995599	-0.153279	0.160652	0.00259617	-0.116895	0.000633607	
1.875	-0.000116959	0.0368562	0.223812	-0.000276555	-0.0433344	0.222789	0.000159596	0.0801906	0.00102299	0.004704	0.0353245	0.281504	0.000841179	-0.13858	0.0109132	0.0240337	0.656468	0.42606	-0.00167996	-0.0942058	0.00622327	-0.171045	0.907583	0.223587	-0.00167996	-0.0942058	0.00622327	
1.9	-0.000109752	0.0339849	0.223789	-0.000269349	-0.0462057	0.222766	0.000159596	0.0801906	0.00102299	0.00471302	0.0314378	0.281478	0.000360505	-0.155469	-0.00106101	-0.0192269	-0.675586	-0.478967	0.000288255	-0.114853	-0.000916538	0.0787286	-0.825908	-0.285592	0.000288255	-0.114853	-0.000916538	
1.925	-8.04773e-05	0.0317231	0.224335	-0.000240074	-0.0484675	0.223312	0.000159596	0.0801906	0.00102299	0.00475207	0.0283565	0.282196	0.00156219	-0.123252	0.0287318	0.0480674	1.28869	1.19171	0.001171	-0.0904701	0.0218571	0.03531	0.975335	0.910946	0.001171	-0.0904701	0.0218571	
1.95	-0.000431545	0.0289231	0.223978	-0.000591141	-0.0512675	0.222955	0.000159596	0.0801906	0.00102299	0.00431225	0.0244809	0.281806	-0.0175928	-0.155024	-0.0156003	-0.766198	-1.27088	-1.77328	-0.0140427	-0.112002	-0.0143115	-0.608549	-0.861269	-1.44674	-0.0140427	-0.112002	-0.0143115	
1.975	-0.000420736	0.0267849	0.223979	-0.000580333	-0.0534058	0.222956	0.000159596	0.0801906	0.00102299	0.00432191	0.0214417	0.281753	0.000386155	-0.121568	-0.00213058	0.719157	1.33822	0.53879	0.000432352	-0.0855298	6.1141e-05	0.579003	1.05888	0.574905	0.000432352	-0.0855298	6.1141e-05	
2	-0.000423788	0.0249213	0.223806	-0.000583384	-0.0552693	0.222783	0.000159596	0.0801906	0.00102299	0.00432135	0.018858	0.281568	-2.24725e-05	-0.103346	-0.00738003	-0.0163451	0.728911	-0.209978	-0.000122045	-0.0745409	-0.00691101	-0.0221759	0.439554	-0.278886	-0.000122045	-0.0745409	-0.00691101	
2.025	-0.000420318	0.0223908	0.223526	-0.000579914	-0.0577998	0.222503	0.000159596	0.0801906	0.00102299	0.0043281	0.0153962	0.281287	0.000270248	-0.138474	-0.0112564	0.0117088	-1.40514	-0.155056	0.000138773	-0.101221	-0.0112248	0.0104327	-1.0672	-0.172552	0.000138773	-0.101221	-0.0112248	
2.05	-0.000441758	0.0208859	0.22335	-0.000601354	-0.0593047	0.222327	0.000159596	0.0801906	0.00102299	0.00433956	0.0132276	0.28116	0.000458211	-0.0867448	-0.00508979	0.00751851	2.06917	0.246666	-0.000857584	-0.0601954	-0.00703426	-0.0398543	1.64101	0.167623	-0.000857584	-0.0601954	-0.00703426	
2.075	-0.000378928	0.0191681	0.224116	-0.000538524	-0.0610226	0.223093	0.000159596	0.0801906	0.00102299	0.00438821	0.0109006	0.282194	0.00194603	-0.0930781	0.0413776	0.0595127	-0.253331	1.8587	0.0025132	-0.068715	0.0306326	0.134831	-0.340783	1.50667	0.0025132	-0.068715	0.0306326	
2.1	-0.000404844	0.0173036	0.223656	-0.00056444	-0.0628871	0.222633	-0.00105372	-0.000276483	0.000682594	0.00439463	0.00831246	0.28174	0.000257108	-0.103526	-0.0181565	-0.0675568	-0.417913	-2.38137	-0.00103664	-0.0745797	-0.018383	-0.141993	-0.234585	-1.96062	-0.00103664	-0.0745797	-0.018383	
2.125	-0.00066622	0.0174026	0.223518	0.000387503	0.0176791	0.222836	-0.00105372	-0.000276483	0.000682594	0.00406975	0.00834416	0.281677	-0.0129954	0.001268	-0.00252843	-0.530101	4.19175	0.625123	-0.010455	0.00396319	-0.00551503	-0.376736	3.14171	0.514717	-0.010455	0.00396319	-0.00551503	
2.15	-0.000668229	0.0160758	0.223289	0.000385494	0.0163523	0.222606	-0.00105372	-0.000276483	0.000682594	0.00406531	0.00662875	0.281392	-0.000177591	-0.0686163	-0.0114066	0.512713	-2.79537	-0.355126	-8.03587e-05	-0.0530728	-0.00916535	0.414987	-2.28144	-0.146013	-8.03587e-05	-0.0530728	-0.00916535	
2.175	-0.000667366	0.0147672	0.223193	0.000386357	0.0150437	0.22251	-0.00105372	-0.000276483	0.000682594	0.00406238	0.00491241	0.281177	-0.000116991	-0.0686535	-0.00861648	0.00242402	-0.00148812	0.111604	3.45105e-05	-0.0523449	-0.00384758	0.00459477	0.0291165	0.212711	3.45105e-05	-0.0523449	-0.00384758	
2.2	-0.000688656	0.0143181	0.222709	0.000365067	0.0145946	0.222027	-0.00105372	-0.000276483	0.000682594	0.00402334	0.00412997	0.280198	-0.00156161	-0.0312975	-0.039122	-0.0577848	1.49424	-1.22022	-0.000851591	-0.0179637	-0.0193371	-0.0354441	1.37525	-0.619582	-0.000851591	-0.0179637	-0.0193371	
2.225	-0.000632779	0.0133314	0.222608	0.000420944	0.0136079	0.221925	-0.00105372	-0.000276483	0.000682594	0.00399523	0.0029026	0.279509	-0.0011247	-0.0490948	-0.0275903	0.0174765	-0.711893	0.461269	0.00223507	-0.0394676	-0.00406446	0.123467	-0.860155	0.610907	0.00223507	-0.0394676	-0.00406446	
2.25	-0.000692097	0.0133019	0.221396	0.000361627	0.0135784	0.220713	-0.00105372	-0.000276483	0.000682594	0.00389342	0.00269182	0.277201	-0.00407243	-0.00843125	-0.0923232	-0.117909	1.62654	-2.58932	-0.00237271	-0.00117945	-0.0484859	-0.184311	1.53153	-1.77686	-0.00237271	-0.00117945	-0.0484859	
2.275	-0.000589182	0.0126721	0.22099	0.000464541	0.0129485	0.220308	-0.00105372	-0.000276483	0.000682594	0.00384808	0.00196617	0.275897	-0.00181326	-0.0290258	-0.0521287	0.0903667	-0.823784	1.60778	0.00411658	-0.0251951	-0.0162117	0.259571	-0.960627	1.29097	0.00411658	-0.0251951	-0.0162117	
2.3	-0.000492217	0.0124504	0.220753	0.000561507	0.0127269	0.220071	-0.00105372	-0.000276483	0.000682594	0.0037981	0.00165574	0.274762	-0.00199924	-0.0124173	-0.0454245	-0.00743897	0.66434	0.268169	0.00387863	-0.0088656	-0.00948049	-0.00951802	0.653181	0.269247	0.00387863	-0.0088656	-0.00948049	
2.325	-0.000489818	0.0123995	0.22102	0.000563906	0.012676	0.220337	-0.00105372	-0.000276483	0.000682594	0.00376976	0.00169517	0.27433	-0.00113376	0.0015772	-0.0172864	0.034619	0.559781	1.12552	9.59543e-05	-0.00203488	0.0106539	-0.151307	0.273229	0.805377	9.59543e-05	-0.00203488	0.0106539	
2.35	-0.000575088	0.0123573	0.221551	0.000478635	0.0126338	0.220868	-0.00105372	-0.000276483	0.000682594	0.00337024	0.00167896	0.274392	-0.015981	-0.000648384	0.00248452	-0.593888	-0.0890232	0.790836	-0.00341083	-0.00168946	0.0212476	-0.140271	0.0138169	0.423747	-0.00341083	-0.00168946	0.0212476	
2.375	-0.000487387	0.0126504	0.222317	0.000566337	0.0129269	0.221634	-0.00105372	-0.000276483	0.000682594	0.00340937	0.0020097	0.275322	0.00156535	0.0132294	0.037229	0.701852	0.555111	1.38978	0.00350808	0.0117244	0.0306276	0.276756	0.536556	0.375201	0.00350808	0.0117244	0.0306276	
2.4	-0.000685977	0.0125794	0.222806	0.000367746	0.0128559	0.222124	-0.00105372	-0.000276483	0.000682594	0.0030202	0.00191335	0.276229	-0.015567	-0.00385405	0.0362522	-0.685292	-0.683338	-0.0390718	-0.00794362	-0.00283966	0.0195898	-0.458068	-0.582564	-0.441515	-0.00794362	-0.00283966	0.0195898	
2.425	-0.000506376	0.0125768	0.223163	0.000547348	0.0128533	0.22248	-0.00105372	-0.000276483	0.000682594	0.00303463	0.00187922	0.276616	0.000577316	-0.00136503	0.0155039	0.645771	0.0995605	-0.829931	0.00718406	-0.000105813	0.0142572	0.605107	0.109354	-0.213301	0.00718406	-0.000105813	0.0142572	
2.45	-0.00077108	0.0125202	0.223355	0.000282643	0.0127967	0.222673	-0.00105372	-0.000276483	0.000682594	0.00263486	0.00182695	0.277135	-0.0159907	-0.00209064	0.0207322	-0.662722	-0.029024	0.209132	-0.0105882	-0.00226209	0.00769459	-0.710889	-0.0862512	-0.262506	-0.0105882	-0.00226209	0.00769459	
2.475	-0.000703957	0.0131408	0.223367	0.000349767	0.0134173	0.222684	-0.00105372	-0.000276483	0.000682594	0.00265152	0.00263561	0.277583	0.000666229	0.0323461	0.0179322	0.666278	1.37747	-0.112001	0.00268493	0.0248246	0.000471017	0.530924	1.08347	-0.288943	0.00268493	0.0248246	0.000471017	
2.5	-0.000610866	0.013734	0.223851	0.000442857	0.0140105	0.223168	-0.00105372	-0.000276483	0.000682594	0.00270342	0.00336609	0.278883	0.00207615	0.0292192	0.0520171	0.0563969	-0.125074	1.3634	0.00372364	0.0237273	0.0193534	0.0415482	-0.0438944	0.755296	0.00372364	0.0237273	0.0193534	
2.525	-0.000184957	0.0142059	0.224818	0.000868766	0.0144824	0.224135	-0.00105372	-0.000276483	0.000682594	0.00320763	0.00403872	0.280952	0.0201685	0.0269053	0.0827271	0.723696	-0.0925553	1.2284	0.0170363	0.0188741	0.038683	0.532509	-0.194129	0.773183	0.0170363	0.0188741	0.038683	
2.55	-0.000117664	0.0147959	0.225994	0.00093606	0.0150724	0.225311	-0.00105372	-0.000276483	0.000682594	0.00330221	0.00470384	0.283344	0.00378308	0.0266049	0.095693	-0.655419	-0.012018	0.518636	0.00269174	0.0236017	0.0470381	-0.573784	0.189107	0.334206	0.00269174	0.0236017	0.0470381	
2.575	0.000267537	0.0161872	0.226615	0.00132126	0.0164636	0.225933	-0.00105372	-0.000276483	0.000682594	0.00379849	0.00631979	0.284956	0.0198513	0.0646377	0.0644943	0.64273	1.52131	-1.24795	0.015408	0.0556497	0.0248587	0.508652	1.28192	-0.887177	0.015408	0.0556497	0.0248587	
2.6	0.000604765	0.0163787	0.226317	0.00165849	0.0166552	0.225634	-0.00105372	-0.000276483	0.000682594	0.00423085	0.00676008	0.285042	0.0172943	0.0176119	0.0034267	-0.102282	-1.88103	-2.4427	0.0134891	0.0076627	-0.0119367	-0.0767577	-1.91948	-1.47182	0.0134891	0.0076627	-0.0119367	
2.625	0.000940314	0.0178826	0.225388	0.00199404	0.018159	0.224705	-0.00105372	-0.000276483	0.000682594	0.00462015	0.00901927	0.284116	0.0155721	0.0903674	-0.0370188	-0.068889	2.91022	-1.61782	0.013422	0.0601527	-0.0371571	-0.002685	2.0996	-1.00881	0.013422	0.0601527	-0.0371571	
2.65	0.000828773	0.0174039	0.224564	0.0018825	0.0176803	0.223881	-0.00105372	-0.000276483	0.000682594	0.00455535	0.00825366	0.282821	-0.00259227	-0.0306244	-0.0518295	-0.726573	-4.83967	-0.592426	-0.00446165	-0.0191474	-0.032958	-0.715345	-3.17201	0.167962	-0.00446165	-0.0191474	-0.032958	
2.675	0.0010843	0.0185697	0.224106	0.00213802	0.0188462	0.223424	-0.00105372	-0.000276483	0.000682594	0.00495623	0.0100294	0.282322	0.0160354	0.0710284	-0.0199489	0.745108	4.06611	1.27522	0.0102211	0.046634	-0.0183099	0.587308	2.63126	0.585926	0.0102211	0.046634	-0.0183099	
2.7	0.00117587	0.0201748	0.223477	0.00222959	0.0204512	0.222794	-0.00105372	-0.000276483	0.000682594	0.00491887	0.0122475	0.28155	-0.00149426	0.088725	-0.0308619	-0.701187	0.707863	-0.43652	0.00366282	0.064202	-0.0251806	-0.262329	0.702721	-0.274829	0.00366282	0.064202	-0.0251806	
2.725	0.00142975	0.0220676	0.223077	0.00248347	0.0223441	0.222395	-0.00105372	-0.000276483	0.000682594	0.00531856	0.0148653	0.281107	0.0159874	0.104711	-0.0177233	0.699264	0.63945	0.525544	0.0101552	0.0757147	-0.0159812	0.259696	0.460508	0.367975	0.0101552	0.0757147	-0.0159812	
2.75	0.0017258	0.0241936	0.223091	0.00277952	0.0244701	0.222409	-0.00105372	-0.000276483	0.000682594	0.00572643	0.0178977	0.280829	0.0163149	0.121296	-0.0111297	0.0131028	0.663403	0.263746	0.0118418	0.085039	0.000556747	0.0674642	0.372972	0.661519	0.0118418	0.085039	0.000556747	
2.775	0.00200678	0.0263378	0.223089	0.0030605	0.0266143	0.222406	-0.00105372	-0.000276483	0.000682594	0.00615996	0.0209068	0.280894	0.017341	0.120363	0.0025849	0.0410416	-0.0373216	0.548583	0.0112392	0.0857669	-9.92542e-05	-0.024105	0.0291175	-0.02624	0.0112392	0.0857669	-9.92542e-05	
2.8	0.00188718	0.0288474	0.223237	0.0029409	0.0291239	0.222554	-0.00105372	-0.000276483	0.000682594	0.00616314	0.0243455	0.281096	0.000127435	0.137551	0.00807017	-0.688541	0.687508	0.219411	-0.00478398	0.100385	0.00593031	-0.640927	0.584736	0.241183	-0.00478398	0.100385	0.00593031	
2.825	0.00254167	0.0312845	0.22338	0.00359539	0.031561	0.222697	-0.00105372	-0.000276483	0.000682594	0.00702099	0.0277878	0.281025	0.034314	0.137692	-0.00283207	1.36746	0.00563214	-0.43609	0.0261798	0.0974828	0.00571967	1.23855	-0.116101	-0.00842563	0.0261798	0.0974828	0.00571967	
2.85	0.00291538	0.0341375	0.223516	0.0039691	0.034414	0.222834	-0.00105372	-0.000276483	0.000682594	0.00745664	0.0316596	0.281079	0.017426	0.15487	0.00218061	-0.675519	0.687109	0.200507	0.0149483	0.114121	0.00545836	-0.449259	0.665525	-0.0104524	0.0149483	0.114121	0.00545836	
2.875	0.00288685	0.0376801	0.22406	0.00394058	0.0379566	0.223378	-0.00105372	-0.000276483	0.000682594	0.00748934	0.0364053	0.281498	0.00130813	0.189829	0.0167328	-0.644714	1.3984	0.582089	-0.00114106	0.141704	0.0217549	-0.643574	1.10333	0.651862	-0.00114106	0.141704	0.0217549	
2.9	0.00321664	0.0401867	0.224279	0.00427037	0.0404631	0.223597	-0.00105372	-0.000276483	0.000682594	0.007944	0.0398667	0.28178	0.0181863	0.138457	0.0113136	0.675129	-2.0549	-0.216769	0.0131916	0.100262	0.00875921	0.573306	-1.65769	-0.519828	0.0131916	0.100262	0.00875921	
2.925	0.00388549	0.043336	0.225214	0.00493921	0.0436125	0.224532	-0.00105372	-0.000276483	0.000682594	0.00889648	0.0442498	0.282909	0.0380993	0.175322	0.0451464	0.796518	1.47461	1.35331	0.0267539	0.125976	0.0374039	0.542491	1.02856	1.14579	0.0267539	0.125976	0.0374039	
2.95	0.00424322	0.0461761	0.225632	0.00529694	0.0464526	0.22495	-0.00105372	-0.000276483	0.000682594	0.00938707	0.0482036	0.283498	0.0196232	0.158151	0.0235472	-0.739043	-0.686843	-0.863967	0.0143091	0.113602	0.0167204	-0.497793	-0.49496	-0.827341	0.0143091	0.113602	0.0167204	
2.975	0.00491172	0.0488201	0.225478	0.00596544	0.0490966	0.224795	-0.00105372	-0.000276483	0.000682594	0.0102694	0.051683	0.283341	0.0352923	0.139176	-0.00626291	0.626761	-0.759	-1.19241	0.0267402	0.105761	-0.0061899	0.497247	-0.31365	-0.916413	0.0267402	0.105761	-0.0061899	
3	0.00523385	0.0512208	0.225297	0.00628758	0.0514973	0.224615	-0.00105372	-0.000276483	0.000682594	0.0107142	0.0551627	0.283157	0.0177932	0.13919	-0.00735066	-0.699961	0.000549446	-0.0435102	0.0128852	0.0960274	-0.00720773	-0.5542	-0.389326	-0.0407134	0.0128852	0.0960274	-0.00720773	
3.025	0.00523582	0.0534954	0.225365	0.00628954	0.0537719	0.224682	-0.00105372	-0.000276483	0.000682594	0.0107243	0.0582226	0.283209	0.000403595	0.122397	0.00206847	-0.695585	-0.671721	0.376765	7.86632e-05	0.0909851	0.00270635	-0.512262	-0.201692	0.396563	7.86632e-05	0.0909851	0.00270635	
3.05	0.00551454	0.0557115	0.225252	0.00656826	0.055988	0.22457	-0.00105372	-0.000276483	0.000682594	0.0111861	0.0612823	0.283119	0.0184707	0.122387	-0.00361658	0.722683	-0.000398696	-0.227402	0.0111489	0.0886445	-0.00450336	0.442809	-0.093624	-0.288388	0.0111489	0.0886445	-0.00450336	
3.075	0.00622219	0.0582395	0.224726	0.00727592	0.058516	0.224043	-0.00105372	-0.000276483	0.000682594	0.0120505	0.0647342	0.282556	0.0345774	0.138078	-0.0225079	0.644271	0.627627	-0.755651	0.0283062	0.101118	-0.0210536	0.686291	0.498939	-0.662011	0.0283062	0.101118	-0.0210536	
3.1	0.00618047	0.0597208	0.224584	0.00723419	0.0599973	0.223902	-0.00105372	-0.000276483	0.000682594	0.0120695	0.0669135	0.282451	0.000760078	0.0871685	-0.00421464	-1.35269	-2.03636	0.731729	-0.00166899	0.0592518	-0.00566977	-1.19901	-1.67465	0.615354	-0.00166899	0.0592518	-0.00566977	
3.125	0.0060982	0.0616437	0.224144	0.00715192	0.0619202	0.223462	-0.00105372	-0.000276483	0.000682594	0.0120549	0.0694986	0.282039	-0.000584077	0.103404	-0.0164717	-0.0537662	0.649429	-0.490282	-0.00329092	0.0769158	-0.0176019	-0.0648775	0.706558	-0.477285	-0.00329092	0.0769158	-0.0176019	
3.15	0.00647173	0.0631666	0.223887	0.00752545	0.0634431	0.223205	0.00784729	0.0807617	0.0018245	0.0124933	0.071657	0.281773	0.017535	0.0863362	-0.0106199	0.724763	-0.68272	0.234071	0.0149411	0.060917	-0.0102807	0.729283	-0.639952	0.292849	0.0149411	0.060917	-0.0102807	
3.175	0.00638548	0.0627483	0.223958	-0.00146181	-0.0180134	0.222134	0.00784729	0.0807617	0.0018245	0.0123891	0.0712103	0.281897	-0.00416864	-0.0178661	0.00494128	-0.868145	-4.16809	0.622448	-0.00344979	-0.016733	0.0028349	-0.735637	-3.106	0.524623	-0.00344979	-0.016733	0.0028349	
3.2	0.00670852	0.0641142	0.224317	-0.00113876	-0.0166474	0.222493	0.00784729	0.0807617	0.0018245	0.0128348	0.0729672	0.282296	0.017829	0.0702749	0.0159561	0.879906	3.52564	0.440592	0.0129218	0.0546389	0.0143583	0.654862	2.85488	0.460937	0.0129218	0.0546389	0.0143583	
3.225	0.00670186	0.065341	0.22457	-0.00114543	-0.0154207	0.222745	0.00784729	0.0807617	0.0018245	0.0128446	0.0746985	0.282279	0.0003911	0.0692537	-0.000664382	-0.697517	-0.0408462	-0.664818	-0.00026656	0.0490684	0.0100963	-0.527533	-0.222824	-0.170481	-0.00026656	0.0490684	0.0100963	
3.25	0.00679365	0.0663277	0.224169	-0.00105364	-0.0144339	0.222345	0.00784729	0.0807617	0.0018245	0.0128129	0.0759172	0.281368	-0.00126762	0.0487464	-0.0364525	-0.0663488	-0.820295	-1.43152	0.0036717	0.0394717	-0.0160018	0.15753	-0.383866	-1.04392	0.0036717	0.0394717	-0.0160018	
3.275	0.00685897	0.0662484	0.224419	-0.000988316	-0.0145133	0.222595	0.00784729	0.0807617	0.0018245	0.0128096	0.0759009	0.281047	-0.000130572	-0.000653225	-0.0128346	0.0454819	-1.97598	0.944717	0.00261282	-0.00317335	0.00999637	-0.0423552	-1.7058	1.03993	0.00261282	-0.00317335	0.00999637	
3.3	0.0072863	0.0670497	0.22355	-0.00056099	-0.0137119	0.221725	0.00784729	0.0807617	0.0018245	0.013157	0.077027	0.279292	0.0138961	0.0450447	-0.0701969	0.561068	1.82792	-2.29449	0.0170931	0.0320535	-0.0347922	0.579209	1.40908	-1.79154	0.0170931	0.0320535	-0.0347922	
3.325	0.00743061	0.0676612	0.223235	-0.00041668	-0.0131004	0.22141	0.00784729	0.0807617	0.0018245	0.0130963	0.0777627	0.278072	-0.00242726	0.0294299	-0.0487869	-0.652935	-0.624593	0.8564	0.0057724	0.0244599	-0.0125912	-0.452826	-0.303748	0.888041	0.0057724	0.0244599	-0.0125912	
3.35	0.00732122	0.0674898	0.222263	-0.000526066	-0.0132719	0.220438	0.00784729	0.0807617	0.0018245	0.0125942	0.0776012	0.276326	-0.0200834	-0.00646238	-0.0698613	-0.706247	-1.43569	-0.842976	-0.00437544	-0.00685909	-0.0388799	-0.405914	-1.25276	-1.05155	-0.00437544	-0.00685909	-0.0388799	
3.375	0.00756545	0.068216	0.222498	-0.000281838	-0.0125456	0.220673	0.00784729	0.0807617	0.0018245	0.0125865	0.0784263	0.276164	-0.000310955	0.0330064	-0.00649431	0.790899	1.57875	2.53468	0.00976912	0.0290511	0.00939054	0.565782	1.43641	1.93082	0.00976912	0.0290511	0.00939054	
3.4	0.00766412	0.0677865	0.222547	-0.000183166	-0.0129752	0.220723	0.00784729	0.0807617	0.0018245	0.0121619	0.0780042	0.276052	-0.0169836	-0.0168868	-0.00445525	-0.666905	-1.99573	0.0815621	0.00394687	-0.0171804	0.00198398	-0.23289	-1.84926	-0.296263	0.00394687	-0.0171804	0.00198398	
3.425	0.00768297	0.0678945	0.222868	-0.000164316	-0.0128672	0.221044	0.00784729	0.0807617	0.0018245	0.011745	0.0780082	0.276093	-0.0166736	0.000160576	0.00161724	0.012397	0.681895	0.2429	0.000754	0.00431787	0.0128538	-0.127715	0.859932	0.434792	0.000754	0.00431787	0.0128538	
3.45	0.0077147	0.0678919	0.222983	-0.000132586	-0.0128698	0.221158	0.00784729	0.0807617	0.0018245	0.0113218	0.0780097	0.276156	-0.0169285	6.20811e-05	0.00253937	-0.0101954	-0.0039398	0.0368852	0.0012692	-0.000105287	0.00456022	0.0206082	-0.176926	-0.331743	0.0012692	-0.000105287	0.00456022	
3.475	0.00810889	0.0675999	0.222998	0.0002616	-0.0131618	0.221173	0.00784729	0.0807617	0.0018245	0.0113246	0.0775955	0.27622	0.00011174	-0.0165696	0.00255178	0.681611	-0.665266	0.000496333	0.0157674	-0.0116783	0.000606654	0.579929	-0.462919	-0.158143	0.0157674	-0.0116783	0.000606654	
3.5	0.00847201	0.0673892	0.223378	0.00062472	-0.0133725	0.221554	0.00784729	0.0807617	0.0018245	0.0113581	0.0772534	0.277035	0.00134088	-0.0136848	0.0326008	0.0491658	0.115392	1.20196	0.0145248	-0.00842959	0.0152217	-0.0497042	0.129946	0.584603	0.0145248	-0.00842959	0.0152217	
3.525	0.00835357	0.0675088	0.223631	0.000506281	-0.0132528	0.221806	0.00784729	0.0807617	0.0018245	0.0109563	0.0773104	0.277725	-0.0160732	0.00228315	0.0275975	-0.696564	0.638716	-0.20013	-0.00473757	0.00478747	0.0100974	-0.770495	0.528682	-0.204974	-0.00473757	0.00478747	0.0100974	
3.55	0.00828619	0.0669077	0.224	0.000438904	-0.013854	0.222175	0.00784729	0.0807617	0.0018245	0.0105766	0.0765658	0.278857	-0.0151879	-0.0297851	0.0453047	0.0354142	-1.28273	0.708287	-0.00269508	-0.0240475	0.0147699	0.0816997	-1.1534	0.186901	-0.00269508	-0.0240475	0.0147699	
3.575	0.0088073	0.0664017	0.224932	0.00096001	-0.01436	0.223108	0.00784729	0.0807617	0.0018245	0.0110743	0.0758869	0.280892	0.0199078	-0.0271567	0.0813771	1.40382	0.105137	1.4429	0.0208443	-0.0202384	0.0372897	0.941573	0.152364	0.900794	0.0208443	-0.0202384	0.0372897	
3.6	0.0090031	0.0658115	0.22598	0.00115581	-0.0149502	0.224155	0.00784729	0.0807617	0.0018245	0.0111575	0.0752144	0.283088	0.00332768	-0.0268989	0.0878622	-0.663203	0.0103139	0.259403	0.00783206	-0.023607	0.0419109	-0.520488	-0.134744	0.184847	0.00783206	-0.023607	0.0419109	
3.625	0.00907939	0.0649125	0.226841	0.0012321	-0.0158492	0.225017	0.00784729	0.0807617	0.0018245	0.0112376	0.074069	0.285068	0.00320279	-0.045816	0.0791907	-0.00499555	-0.756684	-0.34686	0.00305141	-0.0359615	0.034456	-0.191226	-0.494177	-0.298197	0.00305141	-0.0359615	0.034456	
3.65	0.00978363	0.0635762	0.22674	0.00193635	-0.0171855	0.224916	0.00784729	0.0807617	0.0018245	0.0121193	0.0723604	0.285559	0.0352699	-0.0683454	0.0196305	1.28268	-0.901177	-2.38241	0.0281699	-0.053453	-0.00404919	1.00474	-0.699662	-1.54021	0.0281699	-0.053453	-0.00404919	
3.675	0.0104455	0.0630766	0.226143	0.0025982	-0.0176851	0.224318	0.00784729	0.0807617	0.0018245	0.0129583	0.0714314	0.284925	0.03356	-0.0371605	-0.0253713	-0.0683944	1.24739	-1.80007	0.0264742	-0.0199827	-0.0239003	-0.0678315	1.33881	-0.794046	0.0264742	-0.0199827	-0.0239003	
3.7	0.01041	0.0627119	0.225406	0.0025627	-0.0180498	0.223581	0.00784729	0.0807617	0.0018245	0.0129147	0.0709285	0.283997	-0.00174417	-0.0201168	-0.037092	-1.41217	0.681748	-0.46883	-0.00142014	-0.014588	-0.029476	-1.11577	0.215788	-0.223028	-0.00142014	-0.014588	-0.029476	
3.725	0.0103212	0.0615013	0.225017	0.00247393	-0.0192603	0.223193	0.00784729	0.0807617	0.0018245	0.0128833	0.0691515	0.283431	-0.00125509	-0.0710775	-0.0226642	0.0195629	-2.03843	0.577115	-0.00355061	-0.0484215	-0.0155403	-0.0852189	-1.35334	0.557429	-0.00355061	-0.0484215	-0.0155403	
3.75	0.0115941	0.0594153	0.224565	0.00374678	-0.0213464	0.22274	0.00784729	0.0807617	0.0018245	0.0145743	0.0665165	0.282843	0.0676385	-0.105402	-0.0235108	2.75574	-1.37298	-0.0338655	0.0509139	-0.0834422	-0.0180968	2.17858	-1.40083	-0.102259	0.0509139	-0.0834422	-0.0180968	
3.775	0.0121792	0.0579664	0.224135	0.00433189	-0.0227953	0.22231	0.00784729	0.0807617	0.0018245	0.0153954	0.0643199	0.282214	0.0328435	-0.0878632	-0.0251705	-1.3918	0.701549	-0.0663869	0.0234047	-0.0579577	-0.0171988	-1.10037	1.01938	0.0359188	0.0234047	-0.0579577	-0.0171988	
3.8	0.0124176	0.0557767	0.224135	0.00457034	-0.024985	0.222311	0.00784729	0.0807617	0.0018245	0.0158162	0.0612977	0.28201	0.0168333	-0.120888	-0.00816469	-0.640408	-1.32099	0.680231	0.0095378	-0.0875872	2.12781e-05	-0.554676	-1.18518	0.688804	0.0095378	-0.0875872	2.12781e-05	
3.825	0.0130552	0.0533179	0.223918	0.0052079	-0.0274438	0.222093	0.00784729	0.0807617	0.0018245	0.0166626	0.0578521	0.281828	0.033856	-0.137824	-0.00724808	0.680904	-0.677442	0.0366642	0.0255025	-0.0983505	-0.00870877	0.638587	-0.430531	-0.349202	0.0255025	-0.0983505	-0.00870877	
3.85	0.0136749	0.0510696	0.224131	0.00582759	-0.0296921	0.222307	0.00784729	0.0807617	0.0018245	0.0175242	0.0548441	0.281917	0.0344636	-0.12032	0.00352708	0.0243055	0.700176	0.431006	0.0247875	-0.0899322	0.0085422	-0.0285968	0.336729	0.690039	0.0247875	-0.0899322	0.0085422	
3.875	0.0142924	0.0484048	0.224107	0.00644507	-0.0323569	0.222282	0.00784729	0.0807617	0.0018245	0.0183836	0.0509765	0.281891	0.0343759	-0.154702	-0.00100502	-0.00350838	-1.37531	-0.181284	0.0246992	-0.106592	-0.000965964	-0.0035335	-0.6664	-0.380326	0.0246992	-0.106592	-0.000965964	
3.9	0.0149427	0.0457746	0.224136	0.00709539	-0.0349871	0.222312	0.00784729	0.0807617	0.0018245	0.019247	0.0475393	0.281826	0.0345359	-0.137488	-0.0026101	0.00640044	0.688575	-0.0642032	0.0260129	-0.105207	0.00116449	0.0525497	0.0554225	0.0852181	0.0260129	-0.105207	0.00116449	
3.925	0.0158532	0.0426787	0.224273	0.00800593	-0.038083	0.222448	0.00784729	0.0807617	0.0018245	0.0205488	0.0432412	0.281836	0.0520736	-0.171928	0.000387699	0.701506	-1.37758	0.119912	0.0364215	-0.123839	0.00545671	0.416343	-0.74528	0.171689	0.0364215	-0.123839	0.00545671	
3.95	0.016861	0.0401175	0.224791	0.00901373	-0.0406442	0.222967	0.00784729	0.0807617	0.0018245	0.0218957	0.0397799	0.282356	0.0538732	-0.138451	0.0208124	0.0719843	1.33905	0.81699	0.0403119	-0.102448	0.0207397	0.155615	0.855606	0.611321	0.0403119	-0.102448	0.0207397	
3.975	0.0172126	0.0370631	0.225024	0.00936536	-0.0436986	0.2232	0.00784729	0.0807617	0.0018245	0.022382	0.0354394	0.282712	0.0194525	-0.17362	0.0142156	-1.37683	-1.40674	-0.263872	0.0140651	-0.122174	0.00931956	-1.04987	-0.789034	-0.456806	0.0140651	-0.122174	0.00931956	
4	0.0182211	0.0341393	0.225318	0.0103739	-0.0466224	0.223494	0.00784729	0.0807617	0.0018245	0.0237312	0.0315243	0.283041	0.0539707	-0.156601	0.0131638	1.38073	0.680753	-0.0420751	0.0403398	-0.116953	0.0117785	1.05098	0.208864	0.0983587	0.0403398	-0.116953	0.0117785	
4.025	0.0184847	0.0316916	0.225607	0.0106374	-0.04907	0.223782	0.00784729	0.0807617	0.0018245	0.0242159	0.0280246	0.283337	0.0193864	-0.139991	0.0118681	-1.38337	0.664406	-0.0518279	0.0105431	-0.0979054	0.0115304	-1.19186	0.761893	-0.00992441	0.0105431	-0.0979054	0.0115304	
4.05	0.0191197	0.0289962	0.225837	0.0112724	-0.0517655	0.224012	0.00784729	0.0807617	0.0018245	0.0251388	0.0245136	0.283678	0.0369149	-0.14044	0.0136178	0.701138	-0.0179681	0.0699878	0.0254006	-0.107818	0.00920305	0.5943	-0.396487	-0.0930947	0.0254006	-0.107818	0.00920305	
4.075	0.0197982	0.0268854	0.225761	0.0119509	-0.0538763	0.223936	0.00784729	0.0807617	0.0018245	0.0260332	0.0214689	0.283598	0.0357749	-0.121788	-0.00319402	-0.045598	0.746073	-0.672471	0.0271375	-0.0844328	-0.00304962	0.0694758	0.935392	-0.490107	0.0271375	-0.0844328	-0.00304962	
4.1	0.0203893	0.0247459	0.225231	0.012542	-0.0560158	0.223406	0.00784729	0.0807617	0.0018245	0.0268943	0.0184673	0.283017	0.0344451	-0.120063	-0.0232573	-0.0531917	0.0690228	-0.80253	0.0236439	-0.0855785	-0.0212019	-0.139747	-0.0458297	-0.726092	0.0236439	-0.0855785	-0.0212019	
4.125	0.0211023	0.0225375	0.224946	0.013255	-0.0582242	0.223121	0.00784729	0.0807617	0.0018245	0.027764	0.0154513	0.282673	0.0347904	-0.120639	-0.013756	0.013809	-0.0230465	0.380052	0.0285204	-0.0883385	-0.0113928	0.195061	-0.110397	0.392366	0.0285204	-0.0883385	-0.0113928	
4.15	0.0213441	0.0210603	0.224565	0.0134968	-0.0597014	0.222741	0.00784729	0.0807617	0.0018245	0.0281845	0.0133212	0.282215	0.0168177	-0.0852063	-0.0182857	-0.718905	1.41731	-0.18119	0.00967146	-0.0590863	-0.015222	-0.753957	1.17009	-0.153169	0.00967146	-0.0590863	-0.015222	
4.175	0.0216244	0.0190389	0.224424	0.0137771	-0.0617228	0.222599	0.00784729	0.0807617	0.0018245	0.0286664	0.0106795	0.28229	0.0192777	-0.105668	0.00297012	0.0983992	-0.818473	0.850233	0.011212	-0.0808547	-0.00565464	0.0616198	-0.870739	0.382694	0.011212	-0.0808547	-0.00565464	
4.2	0.0220023	0.0186357	0.224405	0.014155	-0.062126	0.222581	0.024526	0.000351714	0.00148706	0.0291113	0.00981049	0.282361	0.0177966	-0.0347587	0.00286105	-0.0592441	2.83638	-0.00436267	0.0151185	-0.0161313	-0.000745618	0.156261	2.58894	0.196361	0.0151185	-0.0161313	-0.000745618	
4.225	0.0224621	0.018043	0.224697	-0.00206388	0.0176913	0.22321	0.024526	0.000351714	0.00148706	0.0296541	0.00896454	0.282584	0.0217122	-0.033838	0.00891871	0.156626	0.0368276	0.242306	0.0183903	-0.0237047	0.0116866	0.130875	-0.302935	0.497289	0.0183903	-0.0237047	0.0116866	
4.25	0.0231464	0.0171031	0.22466	-0.00137961	0.0167513	0.223173	0.024526	0.000351714	0.00148706	0.0305202	0.00765864	0.282545	0.0346406	-0.0522361	-0.00157748	0.517134	-0.735922	-0.419848	0.027371	-0.0375991	-0.00147345	0.359224	-0.555776	-0.526402	0.027371	-0.0375991	-0.00147345	
4.275	0.023489	0.0156984	0.224894	-0.00103698	0.0153467	0.223407	0.024526	0.000351714	0.00148706	0.0309796	0.00590505	0.282731	0.0183765	-0.0701434	0.00745859	-0.650563	-0.716291	0.361443	0.0137053	-0.0561857	0.00935184	-0.546626	-0.743464	0.433011	0.0137053	-0.0561857	0.00935184	
4.3	0.0235487	0.0152214	0.224043	-0.000977255	0.0148697	0.222556	0.024526	0.000351714	0.00148706	0.0309133	0.00515154	0.28139	-0.00264986	-0.0301404	-0.05364	-0.841055	1.60012	-2.44394	0.0023888	-0.0190789	-0.0340594	-0.452661	1.48427	-1.73645	0.0023888	-0.0190789	-0.0340594	
4.325	0.0236753	0.0142463	0.223492	-0.00085064	0.0138946	0.222005	0.024526	0.000351714	0.00148706	0.0308722	0.00395899	0.280257	-0.00164487	-0.0477021	-0.0453367	0.0401996	-0.70247	0.332131	0.00506461	-0.0390047	-0.0220302	0.107033	-0.797034	0.481169	0.00506461	-0.0390047	-0.0220302	
4.35	0.0239387	0.0141185	0.222434	-0.000587279	0.0137667	0.220947	0.024526	0.000351714	0.00148706	0.0307631	0.00371946	0.278258	-0.00436417	-0.00958135	-0.0799379	-0.108772	1.52483	-1.38405	0.0105344	-0.00511461	-0.0423062	0.218793	1.3556	-0.811043	0.0105344	-0.00511461	-0.0423062	
4.375	0.0243152	0.0134137	0.221905	-0.000210763	0.013062	0.220418	0.024526	0.000351714	0.00148706	0.0307039	0.00257402	0.276904	-0.00236805	-0.0458175	-0.0541869	0.0798446	-1.44945	1.03004	0.0150606	-0.0281909	-0.0211602	0.181048	-0.923051	0.84584	0.0150606	-0.0281909	-0.0211602	
4.4	0.024544	0.0130541	0.221631	1.80315e-05	0.0127024	0.220144	0.024526	0.000351714	0.00148706	0.0302323	0.00224703	0.27588	-0.0188631	-0.0130797	-0.0409608	-0.659802	1.30952	0.529045	0.00915179	-0.0143825	-0.0109745	-0.236354	0.552335	0.407428	0.00915179	-0.0143825	-0.0109745	
4.425	0.0245648	0.0131322	0.221463	3.88059e-05	0.0127805	0.219976	0.024526	0.000351714	0.00148706	0.0293466	0.00235376	0.274837	-0.0354277	0.0042693	-0.0416964	-0.662583	0.693958	-0.0294253	0.000830974	0.0031243	-0.00673313	-0.332833	0.700272	0.169655	0.000830974	0.0031243	-0.00673313	
4.45	0.0247062	0.0127351	0.221771	0.000180238	0.0123834	0.220284	0.024526	0.000351714	0.00148706	0.0285149	0.00192911	0.274796	-0.0332694	-0.0169859	-0.00166884	0.0863291	-0.850208	1.6011	0.00565727	-0.015886	0.0123382	0.193052	-0.760413	0.762855	0.00565727	-0.015886	0.0123382	
4.475	0.0252179	0.0129239	0.222899	0.000691974	0.0125722	0.221412	0.024526	0.000351714	0.00148706	0.0281252	0.00223934	0.275859	-0.0155881	0.012409	0.0425212	0.707253	1.1758	1.7676	0.0204695	0.00755143	0.0451158	0.592488	0.937499	1.3111	0.0204695	0.00755143	0.0451158	
4.5	0.025359	0.0129233	0.224031	0.000833058	0.0125716	0.222544	0.024526	0.000351714	0.00148706	0.0273568	0.00206842	0.277576	-0.0307371	-0.00683654	0.0687073	-0.605961	-0.769823	1.04744	0.00564334	-2.34879e-05	0.045271	-0.593045	-0.302997	0.00621021	0.00564334	-2.34879e-05	0.045271	
4.525	0.0258045	0.0127681	0.224738	0.00127857	0.0124164	0.223251	0.024526	0.000351714	0.00148706	0.0269648	0.00197212	0.278468	-0.0156784	-0.00385197	0.0356827	0.602351	0.119383	-1.32098	0.0178205	-0.00620697	0.0282753	0.487086	-0.247339	-0.679831	0.0178205	-0.00620697	0.0282753	
4.55	0.0260147	0.0130133	0.225071	0.00148868	0.0126615	0.223584	0.024526	0.000351714	0.00148706	0.0265618	0.00230857	0.279393	-0.0161212	0.0134579	0.0369746	-0.0177118	0.692396	0.0516769	0.00840455	0.00980625	0.0133232	-0.376637	0.640529	-0.598084	0.00840455	0.00980625	0.0133232	
4.575	0.0262664	0.0132977	0.225015	0.00174045	0.012946	0.223528	0.024526	0.000351714	0.00148706	0.0261494	0.0026832	0.280009	-0.0164968	0.014985	0.0246366	-0.0150256	0.061081	-0.493519	0.0100706	0.0113774	-0.00222343	0.0666403	0.0628447	-0.621864	0.0100706	0.0113774	-0.00222343	
4.6	0.0265311	0.0139556	0.225112	0.00200511	0.0136039	0.223625	0.024526	0.000351714	0.00148706	0.026172	0.00345783	0.280832	0.000907185	0.0309854	0.0329505	0.69616	0.640019	0.332553	0.0105866	0.0263179	0.00386231	0.0206398	0.597622	0.24343	0.0105866	0.0263179	0.00386231	
4.625	0.026896	0.0148492	0.225164	0.00237006	0.0144975	0.223677	0.024526	0.000351714	0.00148706	0.026199	0.00466949	0.281728	0.00107956	0.0484662	0.035823	0.00689492	0.699231	0.1149	0.014598	0.0357427	0.00209283	0.160456	0.376992	-0.0707791	0.014598	0.0357427	0.00209283	
4.65	0.0273368	0.0154439	0.225974	0.00281083	0.0150922	0.224487	0.024526	0.000351714	0.00148706	0.0266682	0.00541234	0.283241	0.0187684	0.0297142	0.060502	0.707553	-0.750079	0.987162	0.0176306	0.0237872	0.0323823	0.121307	-0.47822	1.21158	0.0176306	0.0237872	0.0323823	
4.675	0.0281931	0.0165097	0.226653	0.00366714	0.016158	0.225166	0.024526	0.000351714	0.00148706	0.0275978	0.00657823	0.284929	0.037181	0.0466355	0.0675369	0.736504	0.676852	0.281397	0.0342526	0.0426322	0.0271757	0.66488	0.7538	-0.208262	0.0342526	0.0426322	0.0271757	
4.7	0.0289768	0.0170762	0.226439	0.00445081	0.0167245	0.224952	0.024526	0.000351714	0.00148706	0.0284686	0.00743895	0.285219	0.0348344	0.0344286	0.0115937	-0.0938625	-0.488277	-2.23773	0.0313468	0.02266	-0.00856579	-0.116234	-0.798889	-1.42966	0.0313468	0.02266	-0.00856579	
4.725	0.0298782	0.0185895	0.226044	0.00535224	0.0182378	0.224557	0.024526	0.000351714	0.00148706	0.0297696	0.00965609	0.284803	0.0520405	0.0886855	-0.016636	0.688244	2.17028	-1.12919	0.036057	0.0605339	-0.0157819	0.188408	1.51496	-0.288646	0.036057	0.0605339	-0.0157819	
4.75	0.0298495	0.0183827	0.225517	0.0053235	0.018031	0.22403	0.024526	0.000351714	0.00148706	0.0297279	0.00927585	0.284133	-0.0016695	-0.0152094	-0.0267759	-2.1484	-4.1558	-0.405597	-0.00114939	-0.00827349	-0.0210891	-1.48826	-2.7523	-0.212286	-0.00114939	-0.00827349	-0.0210891	
4.775	0.0307722	0.019246	0.22535	0.00624621	0.0188943	0.223863	0.024526	0.000351714	0.00148706	0.0310186	0.0106009	0.283937	0.0516298	0.053001	-0.00785128	2.13197	2.72841	0.756985	0.0369085	0.0345318	-0.00667695	1.52231	1.71221	0.576486	0.0369085	0.0345318	-0.00667695	
4.8	0.0320467	0.0210927	0.224883	0.00752076	0.020741	0.223396	0.024526	0.000351714	0.00148706	0.032719	0.013247	0.283364	0.0680165	0.105847	-0.0229333	0.655471	2.11383	-0.603279	0.0509818	0.0738683	-0.0186717	0.562932	1.57346	-0.479789	0.0509818	0.0738683	-0.0186717	
4.825	0.032589	0.0226142	0.224568	0.00806307	0.0222624	0.223081	0.024526	0.000351714	0.00148706	0.0335629	0.0154326	0.28306	0.0337527	0.087424	-0.0121611	-1.37056	-0.736914	0.430886	0.0216925	0.0608581	-0.0126179	-1.17157	-0.520408	0.242149	0.0216925	0.0608581	-0.0126179	
4.85	0.033854	0.0250692	0.224614	0.00932798	0.0247175	0.223126	0.024526	0.000351714	0.00148706	0.0352947	0.0188948	0.283056	0.0692751	0.138486	-0.000169351	1.4209	2.04248	0.47967	0.0505966	0.0982021	0.00182418	1.15616	1.49376	0.577685	0.0505966	0.0982021	0.00182418	
4.875	0.0353372	0.0272754	0.224663	0.0108113	0.0269237	0.223176	0.024526	0.000351714	0.00148706	0.0374503	0.0219249	0.283048	0.0862232	0.121205	-0.000316815	0.677925	-0.691237	-0.00589858	0.0593309	0.088247	0.0019744	0.349375	-0.398207	0.00600867	0.0593309	0.088247	0.0019744	
4.9	0.0366095	0.029453	0.224702	0.0120836	0.0291012	0.223214	0.024526	0.000351714	0.00148706	0.039187	0.0249514	0.283023	0.0694681	0.121057	-0.00100289	-0.670204	-0.00591256	-0.0274429	0.0508919	0.0871027	0.00154511	-0.337562	-0.0457689	-0.0171716	0.0508919	0.0871027	0.00154511	
4.925	0.0379004	0.0322767	0.224708	0.0133745	0.0319249	0.223221	0.024526	0.000351714	0.00148706	0.0409098	0.0288403	0.282871	0.068912	0.155558	-0.00606365	-0.022246	1.38004	-0.202431	0.0516366	0.112948	0.00024703	0.029788	1.03381	-0.0519231	0.0516366	0.112948	0.00024703	
4.95	0.0394827	0.0351203	0.225051	0.0149568	0.0347686	0.223564	0.024526	0.000351714	0.00148706	0.0430893	0.0327267	0.282875	0.0871807	0.155457	0.000176615	0.730748	-0.00404604	0.249611	0.063292	0.113746	0.013751	0.466215	0.0319352	0.540157	0.063292	0.113746	0.013751	
4.975	0.0413614	0.0386078	0.224972	0.0168354	0.0382561	0.223485	0.024526	0.000351714	0.00148706	0.045695	0.0374742	0.282633	0.104225	0.189896	-0.00968374	0.681778	1.37757	-0.394414	0.0751451	0.139499	-0.00318394	0.474125	1.03009	-0.677396	0.0751451	0.139499	-0.00318394	
5	0.0424443	0.0408193	0.225215	0.0179183	0.0404676	0.223728	0.024526	0.000351714	0.00148706	0.0474519	0.0404986	0.282687	0.0702791	0.120979	0.00216398	-1.35784	-2.75669	0.473909	0.0433174	0.0884621	0.0097179	-1.27311	-2.04147	0.516074	0.0433174	0.0884621	0.0097179	
5.025	0.0442643	0.0442708	0.225603	0.0197384	0.0439191	0.224116	0.024526	0.000351714	0.00148706	0.0497511	0.0452948	0.283299	0.0919676	0.191846	0.024481	0.867539	2.83469	0.89268	0.072802	0.138057	0.015516	1.17939	1.98382	0.231926	0.072802	0.138057	0.015516	
5.05	0.0455942	0.0465818	0.22611	0.0210682	0.0462301	0.224623	0.024526	0.000351714	0.00148706	0.0515841	0.0483628	0.28387	0.0733198	0.122718	0.0228349	-0.745912	-2.76511	-0.065842	0.0531939	0.0924402	0.02029	-0.784327	-1.82469	0.190958	0.0531939	0.0924402	0.02029	
5.075	0.0468605	0.0490008	0.226216	0.0223345	0.0486491	0.224729	0.024526	0.000351714	0.00148706	0.0534128	0.0518663	0.284123	0.0731451	0.140143	0.0101148	-0.00698913	0.696991	-0.508807	0.0506503	0.0967594	0.00423483	-0.101742	0.172769	-0.642206	0.0506503	0.0967594	0.00423483	
5.1	0.0484444	0.0515026	0.225857	0.0239184	0.0511509	0.22437	0.024526	0.000351714	0.00148706	0.0556053	0.0553216	0.283685	0.0877002	0.138209	-0.0175218	0.582204	-0.0773587	-1.10546	0.0633563	0.100074	-0.0143431	0.508238	0.132602	-0.743116	0.0633563	0.100074	-0.0143431	
5.125	0.0498151	0.0541042	0.22615	0.0252891	0.0537525	0.224663	0.024526	0.000351714	0.00148706	0.0574897	0.0588624	0.284084	0.0753779	0.141634	0.0159615	-0.492892	0.136995	1.33933	0.0548298	0.104062	0.0116929	-0.341057	0.159503	1.04144	0.0548298	0.104062	0.0116929	
5.15	0.0510799	0.0563124	0.225759	0.0265539	0.0559607	0.224272	0.024526	0.000351714	0.00148706	0.0592428	0.0618768	0.283622	0.0701234	0.120576	-0.0185047	-0.210178	-0.842332	-1.37865	0.0505918	0.0883283	-0.0156322	-0.169521	-0.629351	-1.09301	0.0505918	0.0883283	-0.0156322	
5.175	0.051983	0.0583776	0.225413	0.027457	0.0580259	0.223926	0.024526	0.000351714	0.00148706	0.0605754	0.0649027	0.283238	0.0533039	0.121035	-0.0153344	-0.67278	0.0183747	0.126812	0.036122	0.0826077	-0.0138252	-0.578793	-0.228821	0.0722785	0.036122	0.0826077	-0.0138252	
5.2	0.0532079	0.060233	0.224553	0.028682	0.0598813	0.223066	0.024526	0.000351714	0.00148706	0.0622791	0.0674282	0.282263	0.0681469	0.10102	-0.0390155	0.59372	-0.800593	-0.947245	0.0489987	0.0742171	-0.0344178	0.515069	-0.335626	-0.8237	0.0489987	0.0742171	-0.0344178	
5.225	0.0543041	0.0621848	0.224812	0.0297782	0.0618331	0.223325	0.024526	0.000351714	0.00148706	0.0637061	0.070089	0.282576	0.0570819	0.10643	0.0125181	-0.442602	0.216375	2.06135	0.043848	0.0780735	0.010359	-0.20603	0.154255	1.79107	0.043848	0.0780735	0.010359	
5.25	0.0549233	0.0637409	0.224416	0.0303974	0.0633891	0.222929	0.0608084	0.0809005	0.00190805	0.0646218	0.0722667	0.282409	0.0366286	0.0871101	-0.00668236	-0.818132	-0.772787	-0.768018	0.0247686	0.0622405	-0.0158421	-0.763174	-0.633317	-1.04804	0.0247686	0.0622405	-0.0158421	
5.275	0.055902	0.0631546	0.224368	-0.00490645	-0.0177459	0.22246	0.0608084	0.0809005	0.00190805	0.0657977	0.0713869	0.282499	0.0470335	-0.0351915	0.00359189	0.416196	-4.89206	0.41097	0.0391446	-0.023451	-0.0019049	0.575039	-3.42766	0.557489	0.0391446	-0.023451	-0.0019049	
5.3	0.0562003	0.0639302	0.224562	-0.00460809	-0.0169703	0.222654	0.0608084	0.0809005	0.00190805	0.0662391	0.0726865	0.282506	0.0176568	0.0519814	0.000317125	-1.17507	3.48692	-0.130991	0.0119344	0.0310228	0.00774829	-1.08841	2.17895	0.386127	0.0119344	0.0310228	0.00774829	
5.325	0.0575268	0.0652635	0.224687	-0.00328158	-0.0156369	0.222779	0.0608084	0.0809005	0.00190805	0.067964	0.0744116	0.282408	0.0689954	0.0690053	-0.00394391	2.05354	0.680955	-0.170441	0.0530606	0.0533348	0.00500628	1.64505	0.89248	-0.10968	0.0530606	0.0533348	0.00500628	
5.35	0.0575693	0.0664036	0.223595	-0.00323914	-0.0144969	0.221687	0.0608084	0.0809005	0.00190805	0.0678862	0.075986	0.280674	-0.0031115	0.0629778	-0.0693387	-2.88428	-0.241101	-2.61579	0.00169729	0.0456034	-0.043661	-2.05453	-0.309253	-1.94669	0.00169729	0.0456034	-0.043661	
5.375	0.0577935	0.0666174	0.223747	-0.00301486	-0.0142831	0.221839	0.0608084	0.0809005	0.00190805	0.0678722	0.0763813	0.280236	-0.000558827	0.0158093	-0.0175356	0.102107	-1.88674	2.07213	0.00897157	0.00855105	0.00605308	0.290971	-1.4821	1.98856	0.00897157	0.00855105	0.00605308	
5.4	0.0584378	0.0674808	0.223071	-0.00237058	-0.0134196	0.221162	0.0608084	0.0809005	0.00190805	0.0682295	0.0775429	0.278921	0.0142916	0.0464638	-0.0525925	0.594016	1.22618	-1.40228	0.0257709	0.0345376	-0.0270459	0.671974	1.03946	-1.32396	0.0257709	0.0345376	-0.0270459	
5.425	0.0584491	0.0677239	0.222785	-0.00235934	-0.0131766	0.220877	0.0608084	0.0809005	0.00190805	0.0673289	0.0778742	0.277877	-0.0360256	0.0132539	-0.041779	-2.01269	-1.3284	0.432542	0.00044982	0.00972326	-0.0114077	-1.01284	-0.992573	0.625526	0.00044982	0.00972326	-0.0114077	
5.45	0.0590071	0.0683765	0.222522	-0.00180132	-0.0125239	0.220614	0.0608084	0.0809005	0.00190805	0.0672643	0.0786051	0.276644	-0.00258062	0.0292352	-0.0493238	1.3378	0.639256	-0.301794	0.0223207	0.0261052	-0.0105358	0.874836	0.655279	0.034879	0.0223207	0.0261052	-0.0105358	
5.475	0.0593328	0.0680438	0.222518	-0.00147564	-0.0128567	0.22061	0.0608084	0.0809005	0.00190805	0.0663984	0.0781392	0.276146	-0.0346389	-0.018636	-0.0199105	-1.28233	-1.91485	1.17653	0.0130271	-0.0133111	-0.000148731	-0.371743	-1.57665	0.415481	0.0130271	-0.0133111	-0.000148731	
5.5	0.0599349	0.0680009	0.222676	-0.000873477	-0.0128996	0.220768	0.0608084	0.0809005	0.00190805	0.0659658	0.0781324	0.276029	-0.0173021	-0.000273154	-0.00466519	0.693475	0.734513	0.609812	0.0240865	-0.00171549	0.0063119	0.442376	0.463822	0.258425	0.0240865	-0.00171549	0.0063119	
5.525	0.060471	0.0683474	0.222224	-0.000337391	-0.012553	0.220316	0.0608084	0.0809005	0.00190805	0.0650992	0.0784971	0.275479	-0.0346637	0.0145881	-0.0220169	-0.694465	0.59445	-0.694067	0.0214434	0.0138618	-0.0180913	-0.105724	0.623093	-0.976128	0.0214434	0.0138618	-0.0180913	
5.55	0.0608133	0.0679244	0.222852	4.9187e-06	-0.0129761	0.220944	0.0608084	0.0809005	0.00190805	0.0642863	0.0781439	0.276194	-0.0325185	-0.0141253	0.0285918	0.0858068	-1.14854	2.02435	0.0136924	-0.0169221	0.0251452	-0.310042	-1.23136	1.72946	0.0136924	-0.0169221	0.0251452	
5.575	0.061196	0.0678144	0.2233	0.000387559	-0.013086	0.221392	0.0608084	0.0809005	0.00190805	0.0634534	0.0777742	0.276712	-0.033316	-0.0147883	0.0207472	-0.0318985	-0.0265186	-0.313785	0.0153056	-0.00439773	0.0179105	0.0645287	0.500975	-0.28939	0.0153056	-0.00439773	0.0179105	
5.6	0.0615359	0.0675954	0.223776	0.000727472	-0.0133051	0.221868	0.0608084	0.0809005	0.00190805	0.0630591	0.0774327	0.277589	-0.0157698	-0.0136596	0.035072	0.701847	0.0451489	0.572995	0.0135965	-0.00876227	0.0190453	-0.0683623	-0.174581	0.0453937	0.0135965	-0.00876227	0.0190453	
5.625	0.062126	0.067383	0.224285	0.00131755	-0.0135174	0.222377	0.0608084	0.0809005	0.00190805	0.0626719	0.0771147	0.278692	-0.0154896	-0.0127213	0.0441325	0.0112093	0.0375306	0.362419	0.0236031	-0.00849342	0.0203359	0.400263	0.010754	0.0516219	0.0236031	-0.00849342	0.0203359	
5.65	0.0622828	0.0671469	0.224668	0.00147438	-0.0137536	0.22276	0.0608084	0.0809005	0.00190805	0.0622811	0.0767927	0.279887	-0.015631	-0.012882	0.0477803	-0.00565663	-0.00642869	0.14591	0.00627322	-0.00944497	0.0153433	-0.693196	-0.0380623	-0.199701	0.00627322	-0.00944497	0.0153433	
5.675	0.0627923	0.0665754	0.225824	0.00198386	-0.0143251	0.223916	0.0608084	0.0809005	0.00190805	0.0623448	0.0761382	0.282178	0.00254836	-0.0261775	0.0916361	0.727175	-0.531821	1.75423	0.0203792	-0.0228601	0.0462384	0.564241	-0.536605	1.2358	0.0203792	-0.0228601	0.0462384	
5.7	0.0631985	0.0664074	0.226896	0.00239005	-0.0144931	0.224988	0.0608084	0.0809005	0.00190805	0.0624334	0.0759072	0.284565	0.0035425	-0.00923897	0.095477	0.0397658	0.677542	0.153637	0.0162475	-0.00671994	0.0428726	-0.16527	0.645606	-0.134632	0.0162475	-0.00671994	0.0428726	
5.725	0.0636914	0.0650228	0.227637	0.00288303	-0.0158777	0.225729	0.0608084	0.0809005	0.00190805	0.0629288	0.0743141	0.286444	0.0198165	-0.0637258	0.0751589	0.650962	-2.17947	-0.812724	0.0197193	-0.0553851	0.0296461	0.138873	-1.9466	-0.529059	0.0197193	-0.0553851	0.0296461	
5.75	0.0642938	0.0636581	0.227181	0.00348544	-0.0172424	0.225273	0.0608084	0.0809005	0.00190805	0.0633714	0.072559	0.286428	0.0177056	-0.0702049	-0.000611086	-0.0844389	-0.259165	-3.0308	0.0240962	-0.0545891	-0.018242	0.175072	0.0318401	-1.91553	0.0240962	-0.0545891	-0.018242	
5.775	0.0651425	0.0630448	0.22583	0.0043341	-0.0178556	0.223922	0.0608084	0.0809005	0.00190805	0.0646082	0.0715525	0.284767	0.0494727	-0.0402585	-0.0664735	1.27069	1.19786	-2.6345	0.0339463	-0.0245287	-0.0540366	0.394006	1.20242	-1.43178	0.0339463	-0.0245287	-0.0540366	
5.8	0.0651144	0.0626041	0.225339	0.00430598	-0.0182964	0.22343	0.0608084	0.0809005	0.00190805	0.0645757	0.0710622	0.284056	-0.00130192	-0.0196118	-0.0284104	-2.03099	0.825866	1.52252	-0.00112457	-0.0176301	-0.0196661	-1.40283	0.275943	1.37482	-0.00112457	-0.0176301	-0.0196661	
5.825	0.0659892	0.0611068	0.22489	0.00518081	-0.0197936	0.222982	0.0608084	0.0809005	0.00190805	0.0658489	0.0688596	0.283565	0.0509279	-0.0881042	-0.0196704	2.08919	-2.73969	0.349602	0.034993	-0.05989	-0.017935	1.4447	-1.6904	0.0692427	0.034993	-0.05989	-0.017935	
5.85	0.0672638	0.0599667	0.224612	0.00645538	-0.0209338	0.222704	0.0608084	0.0809005	0.00190805	0.0675536	0.0670963	0.283164	0.0681896	-0.070531	-0.016022	0.690468	0.702925	0.145937	0.0509831	-0.0456062	-0.0111412	0.639604	0.571353	0.271751	0.0509831	-0.0456062	-0.0111412	
5.875	0.0681131	0.0581182	0.224311	0.00730468	-0.0227822	0.222403	0.0608084	0.0809005	0.00190805	0.06883	0.0644872	0.282843	0.0510555	-0.104366	-0.0128449	-0.685364	-1.3534	0.127083	0.033972	-0.0739379	-0.0120075	-0.680446	-1.13327	-0.034652	0.033972	-0.0739379	-0.0120075	
5.9	0.0696522	0.0558804	0.224038	0.00884381	-0.0250201	0.22213	0.0608084	0.0809005	0.00190805	0.0709517	0.0614458	0.282341	0.0848671	-0.121655	-0.0200622	1.35247	-0.691568	-0.288693	0.0615653	-0.0895141	-0.0109263	1.10373	-0.623047	0.0432483	0.0615653	-0.0895141	-0.0109263	
5.925	0.0712347	0.0536824	0.223904	0.0104263	-0.0272181	0.221996	0.0608084	0.0809005	0.00190805	0.0730837	0.0584226	0.282065	0.0852798	-0.12093	-0.0110575	0.016505	0.0290201	0.360188	0.0632979	-0.0879209	-0.00537812	0.0693045	0.0637281	0.221929	0.0632979	-0.0879209	-0.00537812	
5.95	0.07284	0.0513383	0.223991	0.0120316	-0.0295622	0.222083	0.0608084	0.0809005	0.00190805	0.0752471	0.0549851	0.282112	0.0865349	-0.137497	0.0018641	0.0502048	-0.662676	0.516865	0.0642143	-0.0937636	0.00346893	0.0366572	-0.233708	0.353882	0.0642143	-0.0937636	0.00346893	
5.975	0.0740469	0.0484023	0.224058	0.0132385	-0.0324982	0.22215	0.0608084	0.0809005	0.00190805	0.076973	0.0511154	0.282102	0.0690375	-0.154789	-0.000366476	-0.699897	-0.691695	-0.0892232	0.0482766	-0.117439	0.00269172	-0.637507	-0.947019	-0.0310882	0.0482766	-0.117439	0.00269172	
6	0.0756218	0.0459643	0.22409	0.0148134	-0.0349362	0.222182	0.0608084	0.0809005	0.00190805	0.0791316	0.0476775	0.281961	0.0863449	-0.137515	-0.00566688	0.692297	0.690947	-0.212016	0.0629934	-0.0975215	0.00129207	0.588669	0.796701	-0.0559859	0.0629934	-0.0975215	0.00129207	
6.025	0.0771869	0.0431287	0.224107	0.0163785	-0.0377718	0.222199	0.0608084	0.0809005	0.00190805	0.0812789	0.0438162	0.281669	0.0858901	-0.154454	-0.0116516	-0.0181936	-0.677528	-0.23939	0.0626067	-0.113423	0.000672945	-0.015467	-0.636054	-0.0247651	0.0626067	-0.113423	0.000672945	
6.05	0.0787565	0.0403404	0.224244	0.0179481	-0.04056	0.222336	0.0608084	0.0809005	0.00190805	0.0834621	0.0399491	0.281662	0.0873289	-0.154684	-0.000308793	0.0575523	-0.00920632	0.453713	0.0627808	-0.11153	0.00549525	0.00696626	0.07573	0.192892	0.0627808	-0.11153	0.00549525	
6.075	0.0804621	0.0374421	0.225069	0.0196537	-0.0434584	0.223161	0.0608084	0.0809005	0.00190805	0.0857704	0.036027	0.282618	0.0923305	-0.156885	0.0382459	0.200066	-0.0880647	1.54219	0.068226	-0.115934	0.032991	0.217807	-0.176172	1.09983	0.068226	-0.115934	0.032991	
6.1	0.0814556	0.033812	0.225877	0.0206472	-0.0470885	0.223969	0.0608084	0.0809005	0.00190805	0.0872555	0.0311913	0.283669	0.0594062	-0.193426	0.0420511	-1.31697	-1.46162	0.152206	0.0397402	-0.145205	0.0323154	-1.13943	-1.17083	-0.0270263	0.0397402	-0.145205	0.0323154	
6.125	0.0827469	0.0316563	0.226252	0.0219385	-0.0492442	0.224344	0.0608084	0.0809005	0.00190805	0.0891208	0.0280969	0.284244	0.0746125	-0.123777	0.0230013	0.608255	2.78594	-0.761992	0.0516533	-0.0862268	0.0149906	0.476523	2.35912	-0.69299	0.0516533	-0.0862268	0.0149906	
6.15	0.0843528	0.0291511	0.226091	0.0235444	-0.0517493	0.224183	0.0608084	0.0809005	0.00190805	0.0913378	0.02463	0.284046	0.0886794	-0.138675	-0.0079208	0.562676	-0.595918	-1.23688	0.064233	-0.100208	-0.00642755	0.503188	-0.559242	-0.856727	0.064233	-0.100208	-0.00642755	
6.175	0.0856634	0.0268489	0.226377	0.024855	-0.0540516	0.224469	0.0608084	0.0809005	0.00190805	0.0931872	0.0215424	0.284309	0.0739752	-0.123504	0.0105173	-0.588168	0.60685	0.737525	0.0524251	-0.0920886	0.0114221	-0.472315	0.324772	0.713987	0.0524251	-0.0920886	0.0114221	
6.2	0.0865299	0.0247781	0.225906	0.0257215	-0.0561224	0.223998	0.0608084	0.0809005	0.00190805	0.0944735	0.0185474	0.283702	0.0514538	-0.1198	-0.0242884	-0.900858	0.148144	-1.39223	0.0346608	-0.0828323	-0.0188396	-0.710572	0.370248	-1.21047	0.0346608	-0.0828323	-0.0188396	
6.225	0.0879168	0.0228916	0.226023	0.0271084	-0.0580088	0.224115	0.0608084	0.0809005	0.00190805	0.0963104	0.0159016	0.283865	0.0734759	-0.105832	0.00651829	0.880887	0.558747	1.23227	0.0554748	-0.0754583	0.00469263	0.832561	0.294963	0.94129	0.0554748	-0.0754583	0.00469263	
6.25	0.0888472	0.0204332	0.22564	0.0280388	-0.0604673	0.223732	0.0608084	0.0809005	0.00190805	0.0976805	0.0124161	0.283525	0.054801	-0.139419	-0.0135849	-0.746995	-1.34351	-0.804127	0.0372173	-0.0983384	-0.0153089	-0.730302	-0.915205	-0.800062	0.0372173	-0.0983384	-0.0153089	
6.275	0.0901089	0.0194762	0.225243	0.0293005	-0.0614243	0.223335	0.0608084	0.0809005	0.00190805	0.0994309	0.0111605	0.283151	0.0700194	-0.050225	-0.0149857	0.608734	3.56778	-0.0560335	0.0504686	-0.0382804	-0.0159068	0.530054	2.40232	-0.0239149	0.0504686	-0.0382804	-0.0159068	
6.3	0.091159	0.017571	0.22527	0.0303506	-0.0633295	0.223362	0.0967439	-0.000147303	0.00284067	0.10088	0.00847943	0.28335	0.057952	-0.107243	0.00799286	-0.482696	-2.2807	0.919143	0.0420009	-0.0762073	0.00110847	-0.338709	-1.51708	0.680611	0.0420009	-0.0762073	0.00110847	
6.325	0.0919408	0.017057	0.225778	-0.00480318	0.0172043	0.222937	0.0967439	-0.000147303	0.00284067	0.101864	0.00803502	0.28394	0.0393584	-0.0177763	0.0235953	-0.743744	3.57865	0.624098	0.0312719	-0.020559	0.0202906	-0.42916	2.22593	0.767287	0.0312719	-0.020559	0.0202906	
6.35	0.092525	0.0163663	0.22569	-0.00421889	0.0165136	0.222849	0.0967439	-0.000147303	0.00284067	0.102723	0.00674709	0.283682	0.0343585	-0.0515173	-0.0103402	-0.199996	-1.34964	-1.35742	0.0233712	-0.0276272	-0.00351378	-0.316027	-0.282725	-0.952177	0.0233712	-0.0276272	-0.00351378	
6.375	0.0932915	0.0152968	0.225947	-0.00345245	0.0154441	0.223107	0.0967439	-0.000147303	0.00284067	0.10362	0.00542578	0.283858	0.0358968	-0.0528526	0.00704006	0.0615312	-0.0534106	0.69521	0.030658	-0.0427828	0.0103056	0.291471	-0.606227	0.552777	0.030658	-0.0427828	0.0103056	
6.4	0.0943008	0.0152433	0.225218	-0.00244308	0.0153906	0.222378	0.0967439	-0.000147303	0.00284067	0.104841	0.00551232	0.282718	0.0488534	0.00346177	-0.0455996	0.518265	2.25257	-2.10559	0.0403744	-0.00213731	-0.0291664	0.388659	1.62582	-1.57888	0.0403744	-0.00213731	-0.0291664	
6.425	0.094564	0.0141382	0.225802	-0.00217993	0.0142855	0.222961	0.0967439	-0.000147303	0.00284067	0.104848	0.00380721	0.282517	0.00026658	-0.0682043	-0.00802588	-1.94347	-2.86664	1.50295	0.010526	-0.0442034	0.023351	-1.19394	-1.68264	2.10069	0.010526	-0.0442034	0.023351	
6.45	0.0947527	0.0140571	0.224641	-0.0019912	0.0142044	0.2218	0.0967439	-0.000147303	0.00284067	0.104752	0.00354701	0.280643	-0.00385361	-0.010408	-0.0749668	-0.164808	2.31185	-2.67764	0.00754919	-0.00324693	-0.0464369	-0.119074	1.63826	-2.79151	0.00754919	-0.00324693	-0.0464369	
6.475	0.0951617	0.0131501	0.224126	-0.00158221	0.0132975	0.221285	0.0967439	-0.000147303	0.00284067	0.104668	0.00241385	0.279097	-0.00333221	-0.0453265	-0.0618385	0.0208558	-1.39674	0.525132	0.0163597	-0.0362768	-0.020598	0.352419	-1.3212	1.03356	0.0163597	-0.0362768	-0.020598	
6.5	0.095396	0.0128831	0.223828	-0.00134797	0.0130304	0.220987	0.0967439	-0.000147303	0.00284067	0.104192	0.0020885	0.278076	-0.0190401	-0.0130138	-0.0408242	-0.628314	1.29251	0.840573	0.0093696	-0.0106815	-0.0119397	-0.279603	1.02381	0.34633	0.0093696	-0.0106815	-0.0119397	
6.525	0.0954538	0.0128868	0.223811	-0.0012901	0.0130341	0.220971	0.0967439	-0.000147303	0.00284067	0.103311	0.00215703	0.277301	-0.0352643	0.00274085	-0.0310306	-0.648967	0.630185	0.391742	0.00231501	0.000145793	-0.000655923	-0.282184	0.433091	0.451352	0.00231501	0.000145793	-0.000655923	
6.55	0.0956183	0.0128142	0.223945	-0.00112564	0.0129615	0.221104	0.0967439	-0.000147303	0.00284067	0.102467	0.00216859	0.277137	-0.0337495	0.00046251	-0.00655383	0.0605893	-0.0911334	0.979073	0.00657811	-0.00290096	0.00535163	0.170524	-0.12187	0.240302	0.00657811	-0.00290096	0.00535163	
6.575	0.0961294	0.0128168	0.224382	-0.000614482	0.0129641	0.221542	0.0967439	-0.000147303	0.00284067	0.102058	0.00213556	0.277464	-0.0163542	-0.00132126	0.0131026	0.695812	-0.0713509	0.786256	0.0204465	0.000102083	0.017493	0.554735	0.120122	0.485653	0.0204465	0.000102083	0.017493	
6.6	0.0962624	0.012743	0.224759	-0.000481544	0.0128903	0.221918	0.0967439	-0.000147303	0.00284067	0.101229	0.0021137	0.27773	-0.0331648	-0.000874164	0.0106361	-0.672425	0.017884	-0.0986598	0.00531752	-0.00295037	0.0150563	-0.605159	-0.122098	-0.0974661	0.00531752	-0.00295037	0.0150563	
6.625	0.0963781	0.0127149	0.224827	-0.000365868	0.0128622	0.221986	0.0967439	-0.000147303	0.00284067	0.100395	0.00207531	0.278062	-0.0333666	-0.00153566	0.0132615	-0.00807031	-0.02646	0.105016	0.00462703	-0.00112395	0.00271474	-0.0276199	0.0730568	-0.493663	0.00462703	-0.00112395	0.00271474	
6.65	0.0967242	0.0122469	0.22497	-1.97079e-05	0.0123942	0.222129	0.0967439	-0.000147303	0.00284067	0.099985	0.00159786	0.278652	-0.0163977	-0.0190981	0.023611	0.678758	-0.702496	0.413981	0.0138464	-0.0187199	0.00571668	0.368775	-0.703837	0.120078	0.0138464	-0.0187199	0.00571668	
6.675	0.0966174	0.0129282	0.225189	-0.000126542	0.0130755	0.222348	0.0967439	-0.000147303	0.00284067	0.0991732	0.00234753	0.279669	-0.0324726	0.0299868	0.0406617	-0.642999	1.9634	0.682026	-0.00427335	0.027252	0.00876065	-0.72479	1.83887	0.121759	-0.00427335	0.027252	0.00876065	
6.7	0.0973216	0.0134485	0.225819	0.000577661	0.0135958	0.222978	0.0967439	-0.000147303	0.00284067	0.0996477	0.003052	0.281217	0.0189809	0.0281789	0.061948	2.05814	-0.0723162	0.851456	0.0281681	0.0208103	0.0252233	1.29766	-0.257667	0.658505	0.0281681	0.0208103	0.0252233	
6.725	0.0974551	0.0140419	0.226678	0.000711204	0.0141892	0.223837	0.0967439	-0.000147303	0.00284067	0.0992862	0.00374438	0.283046	-0.0144608	0.0276949	0.0731502	-1.33767	-0.0193603	0.448086	0.00534171	0.0237382	0.0343375	-0.913056	0.117114	0.364571	0.00534171	0.0237382	0.0343375	
6.75	0.0976021	0.0142095	0.227479	0.000858154	0.0143568	0.224639	0.0967439	-0.000147303	0.00284067	0.099337	0.0040333	0.284728	0.00203392	0.0115571	0.0672955	0.659791	-0.645512	-0.234187	0.00587802	0.00670275	0.0320676	0.0214523	-0.681416	-0.0907987	0.00587802	0.00670275	0.0320676	
6.775	0.0980478	0.0144552	0.227842	0.00130383	0.0146026	0.225002	0.0967439	-0.000147303	0.00284067	0.0998042	0.00437751	0.285893	0.0186874	0.0137681	0.0465932	0.66614	0.0884408	-0.828094	0.017827	0.00982953	0.0145301	0.477959	0.125071	-0.701498	0.017827	0.00982953	0.0145301	
6.8	0.0984118	0.0164552	0.2279	0.00166788	0.0166025	0.225059	0.0967439	-0.000147303	0.00284067	0.100255	0.00694578	0.286452	0.0180224	0.102731	0.022342	-0.0265996	3.55851	-0.970047	0.014562	0.0799987	0.00229683	-0.130601	2.80677	-0.489332	0.014562	0.0799987	0.00229683	
6.825	0.0994611	0.0175077	0.227567	0.00271721	0.017655	0.224726	0.0967439	-0.000147303	0.00284067	0.101545	0.00871041	0.286282	0.0516171	0.0705854	-0.00678315	1.34379	-1.28582	-1.16501	0.0419733	0.0420974	-0.0133243	1.09645	-1.51605	-0.624846	0.0419733	0.0420974	-0.0133243	
6.85	0.0997257	0.0177644	0.227435	0.00298175	0.0179117	0.224595	0.0967439	-0.000147303	0.00284067	0.101958	0.00874444	0.285922	0.0164989	0.00136124	-0.0144245	-1.40473	-2.76897	-0.305653	0.0105817	0.0102707	-0.00525854	-1.25566	-1.27307	0.322632	0.0105817	0.0102707	-0.00525854	
6.875	0.100029	0.0188491	0.227264	0.00328509	0.0189964	0.224423	0.0967439	-0.000147303	0.00284067	0.102382	0.0105003	0.285786	0.0169837	0.0702331	-0.00542676	0.0193916	2.75488	0.359909	0.0121334	0.0433866	-0.0068549	0.0620691	1.32464	-0.0638543	0.0121334	0.0433866	-0.0068549	
6.9	0.100663	0.0207304	0.22682	0.00391896	0.0208777	0.22398	0.0967439	-0.000147303	0.00284067	0.103227	0.0131439	0.285269	0.0337712	0.105743	-0.0206593	0.671502	1.42041	-0.609301	0.0253546	0.0752522	-0.0177511	0.528846	1.27462	-0.435848	0.0253546	0.0752522	-0.0177511	
6.925	0.100885	0.0224014	0.226509	0.00414071	0.0225487	0.223668	0.0967439	-0.000147303	0.00284067	0.103625	0.0153483	0.284728	0.0159503	0.0881765	-0.0216655	-0.712838	-0.702671	-0.040249	0.00887029	0.0668387	-0.0124597	-0.659372	-0.336539	0.211656	0.00887029	0.0668387	-0.0124597	
6.95	0.101436	0.0243593	0.225924	0.00469159	0.0245066	0.223083	0.0967439	-0.000147303	0.00284067	0.104443	0.0184172	0.283884	0.0326976	0.122756	-0.0337657	0.669894	1.38317	-0.484009	0.0220352	0.078319	-0.0233822	0.526597	0.459214	-0.436901	0.0220352	0.078319	-0.0233822	
6.975	0.101785	0.026814	0.225797	0.00504074	0.0269613	0.222956	0.0967439	-0.000147303	0.00284067	0.104849	0.0214509	0.283566	0.0162418	0.121349	-0.0126868	-0.658235	-0.0562647	0.843158	0.0139658	0.0981884	-0.00507997	-0.322777	0.794776	0.73209	0.0139658	0.0981884	-0.00507997	
7	0.101916	0.0292744	0.22579	0.0051719	0.0294218	0.22295	0.0967439	-0.000147303	0.00284067	0.105285	0.0248969	0.283623	0.0174543	0.137841	0.00224477	0.0485017	0.659664	0.597262	0.00524649	0.0984163	-0.000271217	-0.348772	0.00911507	0.19235	0.00524649	0.0984163	-0.000271217	
7.025	0.103028	0.0320994	0.22583	0.00628385	0.0322467	0.22299	0.0967439	-0.000147303	0.00284067	0.106578	0.0287752	0.283598	0.0517095	0.155133	-0.000970227	1.37021	0.691693	-0.1286	0.0444778	0.112996	0.00159337	1.56925	0.583207	0.0745834	0.0444778	0.112996	0.00159337	
7.05	0.103226	0.0346154	0.2261	0.00648242	0.0347627	0.223259	0.0967439	-0.000147303	0.00284067	0.107023	0.0322243	0.283825	0.0178107	0.137963	0.00908119	-1.35595	-0.686796	0.402057	0.00794311	0.100642	0.0107943	-1.46139	-0.494166	0.368036	0.00794311	0.100642	0.0107943	
7.075	0.10413	0.0376746	0.225867	0.00738648	0.037822	0.223026	0.0967439	-0.000147303	0.00284067	0.108318	0.0365347	0.283624	0.05181	0.172413	-0.00805271	1.35997	1.378	-0.685356	0.0361622	0.122369	-0.00933463	1.12876	0.869076	-0.805156	0.0361622	0.122369	-0.00933463	
7.1	0.104851	0.0406766	0.226429	0.00810729	0.0408239	0.223588	0.0967439	-0.000147303	0.00284067	0.109231	0.040438	0.284164	0.0365154	0.156132	0.021583	-0.611782	-0.651235	1.18543	0.0288323	0.120077	0.0224928	-0.293198	-0.0917044	1.2731	0.0288323	0.120077	0.0224928	
7.125	0.105848	0.0427464	0.227072	0.00910384	0.0428937	0.224231	0.0967439	-0.000147303	0.00284067	0.110605	0.0435055	0.28501	0.05496	0.122702	0.0338679	0.737783	-1.33722	0.491398	0.0398623	0.082793	0.0257219	0.441199	-1.49134	0.129166	0.0398623	0.082793	0.0257219	
7.15	0.107146	0.0459713	0.226849	0.010402	0.0461186	0.224008	0.0967439	-0.000147303	0.00284067	0.112355	0.0478345	0.284722	0.0699846	0.173159	-0.0115323	0.600983	2.01827	-1.81601	0.0519265	0.128997	-0.00893226	0.48257	1.84818	-1.38617	0.0519265	0.128997	-0.00893226	
7.175	0.107823	0.0484695	0.226606	0.0110786	0.0486168	0.223766	0.0967439	-0.000147303	0.00284067	0.113216	0.0512874	0.284384	0.0344468	0.138118	-0.0135391	-1.42151	-1.40162	-0.0802736	0.0270653	0.0999265	-0.00969733	-0.994448	-1.16284	-0.0306026	0.0270653	0.0999265	-0.00969733	
7.2	0.108492	0.0513219	0.226737	0.0117476	0.0514692	0.223897	0.0967439	-0.000147303	0.00284067	0.11414	0.0552266	0.284633	0.0369643	0.157565	0.00997881	0.1007	0.777875	0.940717	0.026758	0.114096	0.00523442	-0.0122918	0.566766	0.59727	0.026758	0.114096	0.00523442	
7.225	0.109059	0.0531354	0.226477	0.0123155	0.0532827	0.223637	0.0967439	-0.000147303	0.00284067	0.115012	0.0578166	0.284343	0.0348559	0.1036	-0.0115847	-0.0843365	-2.15861	-0.86254	0.0227152	0.072542	-0.0103961	-0.161713	-1.66215	-0.625222	0.0227152	0.072542	-0.0103961	
7.25	0.110037	0.0557169	0.226202	0.0132932	0.0558642	0.223361	0.0967439	-0.000147303	0.00284067	0.116322	0.0612631	0.283949	0.0524136	0.137863	-0.0157856	0.70231	1.37051	-0.168036	0.0391096	0.103258	-0.011019	0.655777	1.22866	-0.0249151	0.0391096	0.103258	-0.011019	
7.275	0.111	0.0578839	0.226261	0.0142557	0.0580312	0.223421	0.0967439	-0.000147303	0.00284067	0.117688	0.064338	0.284056	0.0546621	0.122994	0.00428973	0.0899395	-0.59475	0.803013	0.0384991	0.0866793	0.00238035	-0.0244188	-0.663165	0.535974	0.0384991	0.0866793	0.00238035	
7.3	0.111294	0.0597411	0.22603	0.0145501	0.0598884	0.22319	0.0967439	-0.000147303	0.00284067	0.118142	0.06695	0.283862	0.0181602	0.104481	-0.00775859	-1.46008	-0.740524	-0.481933	0.0117749	0.0742901	-0.00923393	-1.06897	-0.495568	-0.464571	0.0117749	0.0742901	-0.00923393	
7.325	0.111572	0.0609834	0.225917	0.0148279	0.0611307	0.223076	0.0967439	-0.000147303	0.00284067	0.118575	0.0686721	0.283699	0.0173017	0.068882	-0.00653905	-0.0343397	-1.42395	0.0487815	0.0111119	0.0496902	-0.00453235	-0.0265212	-0.983996	0.188063	0.0111119	0.0496902	-0.00453235	
7.35	0.112286	0.0629676	0.225809	0.0155419	0.0631149	0.222969	0.115692	0.0812444	0.00344826	0.119485	0.0712979	0.283656	0.036404	0.105032	-0.00170399	0.76409	1.44602	0.193403	0.0285622	0.0793677	-0.00431934	0.698011	1.1871	0.00852067	0.0285622	0.0793677	-0.00431934	
7.375	0.112245	0.0634699	0.225536	-0.00344738	-0.0177745	0.222087	0.115692	0.0812444	0.00344826	0.119375	0.0717007	0.283625	-0.0044142	0.0161124	-0.00122192	-1.63273	-3.5568	0.019283	-0.00164599	0.0200919	-0.0109451	-1.20833	-2.37103	-0.265032	-0.00164599	0.0200919	-0.0109451	
7.4	0.112502	0.0643016	0.225759	-0.00318986	-0.0169428	0.222311	0.115692	0.0812444	0.00344826	0.119818	0.07301	0.283784	0.0177141	0.0523737	0.0063551	0.88513	1.45045	0.303081	0.0103009	0.0332699	0.00895622	0.477876	0.527121	0.796054	0.0103009	0.0332699	0.00895622	
7.425	0.11313	0.0658947	0.225659	-0.00256168	-0.0153498	0.22221	0.115692	0.0812444	0.00344826	0.12067	0.0751365	0.283378	0.0340898	0.0850567	-0.0162491	0.65503	1.30732	-0.904169	0.0251273	0.0637215	-0.00403428	0.593054	1.21806	-0.51962	0.0251273	0.0637215	-0.00403428	
7.45	0.113482	0.06678	0.224979	-0.00220988	-0.0144644	0.221531	0.115692	0.0812444	0.00344826	0.121058	0.0763397	0.282322	0.0155128	0.0481291	-0.0422288	-0.74308	-1.47711	-1.03919	0.0140719	0.0354148	-0.0271865	-0.442212	-1.13227	-0.926089	0.0140719	0.0354148	-0.0271865	
7.475	0.11391	0.0672902	0.225	-0.0017823	-0.0139542	0.221552	0.115692	0.0812444	0.00344826	0.121462	0.077153	0.281745	0.0161563	0.032534	-0.0230851	0.0257381	-0.623805	0.765747	0.017103	0.0204058	0.000849034	0.121243	-0.600359	1.12142	0.017103	0.0204058	0.000849034	
7.5	0.113914	0.0681627	0.223754	-0.00177831	-0.0130817	0.220305	0.115692	0.0812444	0.00344826	0.121365	0.078229	0.279574	-0.00387382	0.0430388	-0.0868665	-0.801204	0.420192	-2.55125	0.000159448	0.0349	-0.0498579	-0.677743	0.579767	-2.02828	0.000159448	0.0349	-0.0498579	
7.525	0.114667	0.0683275	0.223536	-0.00102537	-0.0129169	0.220088	0.115692	0.0812444	0.00344826	0.122149	0.0785388	0.278386	0.0313629	0.0123936	-0.0474887	1.40947	-1.22581	1.57511	0.0301178	0.0065952	-0.00870523	1.19834	-1.13219	1.64611	0.0301178	0.0065952	-0.00870523	
7.55	0.114825	0.0686449	0.222675	-0.00086668	-0.0125995	0.219227	0.115692	0.0812444	0.00344826	0.122053	0.0787631	0.27634	-0.00384623	0.00897128	-0.0818479	-1.40837	-0.136893	-1.37437	0.00634753	0.0126956	-0.0344462	-0.950813	0.244017	-1.02964	0.00634753	0.0126956	-0.0344462	
7.575	0.115014	0.0686401	0.223158	-0.000677893	-0.0126043	0.21971	0.115692	0.0812444	0.00344826	0.122057	0.0787816	0.276477	0.00016573	0.000737915	0.00546069	0.160478	-0.329335	3.49235	0.00755151	-0.000191626	0.0193355	0.0481592	-0.51549	2.15127	0.00755151	-0.000191626	0.0193355	
7.6	0.115228	0.0682949	0.223183	-0.000464135	-0.0129495	0.219735	0.115692	0.0812444	0.00344826	0.122045	0.0783504	0.276302	-0.000474711	-0.017245	-0.00699512	-0.0256176	-0.719316	-0.498233	0.0085503	-0.0138097	0.00100302	0.0399515	-0.544723	-0.7333	0.0085503	-0.0138097	0.00100302	
7.625	0.114939	0.0683086	0.22372	-0.000752879	-0.0129358	0.220272	0.115692	0.0812444	0.00344826	0.121229	0.0783862	0.276661	-0.0326305	0.00142843	0.0143864	-1.28623	0.746937	0.855261	-0.0115498	0.00054854	0.0214744	-0.804003	0.574329	0.818855	-0.0115498	0.00054854	0.0214744	
7.65	0.115169	0.0684708	0.224766	-0.000523505	-0.0127736	0.221318	0.115692	0.0812444	0.00344826	0.121274	0.0784775	0.27763	0.00179291	0.00365512	0.0387266	1.37693	0.0890675	0.973607	0.009175	0.00648915	0.0418278	0.828991	0.237624	0.814137	0.009175	0.00648915	0.0418278	
7.675	0.115178	0.0678025	0.224912	-0.000514112	-0.0134419	0.221464	0.115692	0.0812444	0.00344826	0.120853	0.0776524	0.277788	-0.016847	-0.0330063	0.00635043	-0.745598	-1.46645	-1.29505	0.000375697	-0.0267354	0.00583847	-0.351972	-1.32898	-1.43957	0.000375697	-0.0267354	0.00583847	
7.7	0.115004	0.0679219	0.225425	-0.000687927	-0.0133225	0.221977	0.115692	0.0812444	0.00344826	0.120472	0.0777207	0.278548	-0.0152479	0.00273435	0.0303717	0.0639663	1.42962	0.960851	-0.00695258	0.00477616	0.0205421	-0.293131	1.26046	0.588145	-0.00695258	0.00477616	0.0205421	
7.725	0.11511	0.0677694	0.22593	-0.000582437	-0.013475	0.222482	0.115692	0.0812444	0.00344826	0.120103	0.0774201	0.279825	-0.0147488	-0.0120256	0.051103	0.0199623	-0.590396	0.829251	0.00421957	-0.00609831	0.0201883	0.446886	-0.434979	-0.0141535	0.00421957	-0.00609831	0.0201883	
7.75	0.115132	0.0672194	0.226559	-0.000559817	-0.014025	0.223111	0.115692	0.0812444	0.00344826	0.120163	0.0766965	0.281272	0.00239775	-0.0289453	0.0578574	0.685863	-0.676789	0.270178	0.000904818	-0.0220001	0.0251496	-0.13259	-0.63607	0.198453	0.000904818	-0.0220001	0.0251496	
7.775	0.114699	0.0669839	0.227869	-0.000993459	-0.0142605	0.224421	0.115692	0.0812444	0.00344826	0.119418	0.0765088	0.284014	-0.0298006	-0.00750792	0.109677	-1.28793	0.857494	2.07279	-0.0173457	-0.00941905	0.0523981	-0.73002	0.50324	1.08994	-0.0173457	-0.00941905	0.0523981	
7.8	0.11474	0.0664046	0.229188	-0.000951909	-0.0148398	0.22574	0.115692	0.0812444	0.00344826	0.119516	0.075858	0.28661	0.00394428	-0.0260304	0.10387	1.3498	-0.740898	-0.232306	0.001662	-0.0231728	0.0527762	0.760308	-0.550148	0.0151244	0.001662	-0.0231728	0.0527762	
7.825	0.115288	0.0654654	0.229882	-0.000403935	-0.015779	0.226434	0.115692	0.0812444	0.00344826	0.120011	0.0746746	0.288186	0.0197694	-0.0473344	0.0630145	0.633003	-0.85216	-1.6342	0.021919	-0.0375674	0.027755	0.810279	-0.575787	-1.00085	0.021919	-0.0375674	0.027755	
7.85	0.114831	0.064036	0.229548	-0.000861085	-0.0172084	0.2261	0.115692	0.0812444	0.00344826	0.119579	0.0729409	0.288467	-0.017268	-0.0693508	0.0112679	-1.48149	-0.880655	-2.06986	-0.018286	-0.0571776	-0.0133568	-1.6082	-0.784407	-1.64447	-0.018286	-0.0571776	-0.0133568	
7.875	0.114785	0.0631318	0.228559	-0.000906997	-0.0181126	0.225111	0.115692	0.0812444	0.00344826	0.119521	0.0715278	0.287252	-0.00230476	-0.0565248	-0.0486061	0.598529	0.513037	-2.39496	-0.00183647	-0.0361676	-0.0395717	0.657982	0.840401	-1.04859	-0.00183647	-0.0361676	-0.0395717	
7.9	0.114723	0.0631455	0.226979	-0.000968853	-0.0180989	0.223531	0.115692	0.0812444	0.00344826	0.11944	0.0713858	0.285266	-0.00324047	-0.00567815	-0.0794494	-0.0374283	2.03387	-1.23373	-0.00247424	0.000547812	-0.0631776	-0.025511	1.46862	-0.944238	-0.00247424	0.000547812	-0.0631776	
7.925	0.115041	0.0618369	0.226605	-0.000650937	-0.0194076	0.223157	0.115692	0.0812444	0.00344826	0.119843	0.0696129	0.284773	0.0161075	-0.0709156	-0.019705	0.773917	-2.6095	2.38978	0.0127167	-0.0523452	-0.0149618	0.607636	-2.11572	1.92863	0.0127167	-0.0523452	-0.0149618	
7.95	0.114742	0.0600755	0.2253	-0.000950389	-0.0211689	0.221851	0.115692	0.0812444	0.00344826	0.119347	0.0669282	0.283245	-0.0198361	-0.10739	-0.061133	-1.43774	-1.45898	-1.65712	-0.0119781	-0.070455	-0.0522355	-0.98779	-0.724391	-1.49095	-0.0119781	-0.070455	-0.0522355	
7.975	0.114999	0.058204	0.225052	-0.000692725	-0.0230404	0.221603	0.115692	0.0812444	0.00344826	0.119752	0.0647563	0.282837	0.0162123	-0.0868726	-0.0163279	1.44194	0.820705	1.7922	0.0103066	-0.0748602	-0.00992022	0.891386	-0.176207	1.69261	0.0103066	-0.0748602	-0.00992022	
8	0.115063	0.0563774	0.225105	-0.00062917	-0.024867	0.221657	0.115692	0.0812444	0.00344826	0.119755	0.061758	0.283081	9.33727e-05	-0.119934	0.00974609	-0.644755	-1.32245	1.04296	0.00254221	-0.0730645	0.00215462	-0.310574	0.0718253	0.482994	0.00254221	-0.0730645	0.00215462	
8.025	0.115371	0.0543396	0.225228	-0.000321489	-0.0269048	0.221779	0.115692	0.0812444	0.00344826	0.120181	0.0591842	0.283171	0.0170585	-0.102951	0.00361077	0.678606	0.679324	-0.245413	0.0123072	-0.0815094	0.00488548	0.390601	-0.337795	0.109234	0.0123072	-0.0815094	0.00488548	
8.05	0.115033	0.0522111	0.22532	-0.000658712	-0.0290333	0.221871	0.115692	0.0812444	0.00344826	0.119753	0.0561807	0.283293	-0.0171226	-0.12014	0.00486938	-1.36725	-0.687588	0.0503445	-0.0134889	-0.085142	0.00368129	-1.03185	-0.145305	-0.0481673	-0.0134889	-0.085142	0.00368129	
8.075	0.115126	0.0493937	0.225293	-0.000566356	-0.0318507	0.221845	0.115692	0.0812444	0.00344826	0.119755	0.0523177	0.28331	5.99313e-05	-0.15452	0.000715998	0.687302	-1.37517	-0.166135	0.00369421	-0.112696	-0.0010571	0.687325	-1.10217	-0.189536	0.00369421	-0.112696	-0.0010571	
8.1	0.115413	0.0470527	0.225412	-0.000278814	-0.0341917	0.221964	0.115692	0.0812444	0.00344826	0.120184	0.0488836	0.283296	0.0171692	-0.137364	-0.000578656	0.68437	0.686213	-0.0517862	0.0115017	-0.0936373	0.00475062	0.3123	0.762363	0.232309	0.0115017	-0.0936373	0.00475062	
8.125	0.115056	0.0438069	0.225585	-0.000636354	-0.0374375	0.222137	0.115692	0.0812444	0.00344826	0.11976	0.0445878	0.283336	-0.0169392	-0.171834	0.00162191	-1.36434	-1.37879	0.0880227	-0.0143016	-0.129832	0.00692853	-1.03213	-1.44778	0.0871167	-0.0143016	-0.129832	0.00692853	
8.15	0.115095	0.0409309	0.225697	-0.000597244	-0.0403136	0.222249	0.115692	0.0812444	0.00344826	0.119763	0.0407206	0.283263	0.000105275	-0.154685	-0.00294393	0.68178	0.685945	-0.182634	0.00156439	-0.115043	0.00448867	0.63464	0.591529	-0.0975944	0.00156439	-0.115043	0.00448867	
8.175	0.11509	0.038215	0.226078	-0.000602288	-0.0430294	0.22263	0.115692	0.0812444	0.00344826	0.119785	0.0368324	0.283629	0.000880339	-0.155528	0.0146361	0.0310026	-0.0337119	0.703199	-0.000201744	-0.108635	0.015243	-0.0706454	0.256345	0.430172	-0.000201744	-0.108635	0.015243	
8.2	0.115117	0.0349876	0.226344	-0.000574915	-0.0462568	0.222896	0.115692	0.0812444	0.00344826	0.119807	0.0325018	0.28375	0.000869659	-0.173227	0.00486491	-0.000427196	-0.707937	-0.390846	0.00109491	-0.129097	0.0106278	0.0518662	-0.818471	-0.184609	0.00109491	-0.129097	0.0106278	
8.225	0.1152	0.0317158	0.22732	-0.000492565	-0.0495286	0.223871	0.115692	0.0812444	0.00344826	0.119866	0.0280822	0.284797	0.00235386	-0.176782	0.0418702	0.0593679	-0.142216	1.48021	0.00329399	-0.130869	0.0390161	0.087963	-0.0708977	1.13553	0.00329399	-0.130869	0.0390161	
8.25	0.115212	0.0295067	0.228068	-0.000480229	-0.0517377	0.22462	0.115692	0.0812444	0.00344826	0.119916	0.0249564	0.28573	0.00199444	-0.125032	0.0373095	-0.0143767	2.06999	-0.182426	0.000493442	-0.088365	0.0299489	-0.112022	1.70016	-0.362688	0.000493442	-0.088365	0.0299489	
8.275	0.115228	0.0268897	0.228188	-0.000463971	-0.0543547	0.22474	0.115692	0.0812444	0.00344826	0.11994	0.0214311	0.285966	0.000985613	-0.141012	0.00945807	-0.040353	-0.63917	-1.11406	0.000650318	-0.104681	0.00479111	0.00627507	-0.652645	-1.00631	0.000650318	-0.104681	0.00479111	
8.3	0.11527	0.0249896	0.228973	-0.000421776	-0.0562548	0.225525	0.115692	0.0812444	0.00344826	0.119989	0.0186974	0.286886	0.00197123	-0.109349	0.0367686	0.0394245	1.26651	1.09242	0.00168781	-0.0760042	0.0313952	0.0414996	1.14708	1.06416	0.00168781	-0.0760042	0.0313952	
8.325	0.115289	0.0224789	0.22854	-0.00040294	-0.0587655	0.225091	0.115692	0.0812444	0.00344826	0.119981	0.0152304	0.286385	-0.00034506	-0.138682	-0.0200307	-0.0926515	-1.17331	-2.27197	0.000753418	-0.100425	-0.0173316	-0.0373756	-0.976849	-1.94907	0.000753418	-0.100425	-0.0173316	
8.35	0.115289	0.0209707	0.228305	-0.000402823	-0.0602737	0.224857	0.115692	0.0812444	0.00344826	0.119978	0.0130696	0.286032	-0.000129963	-0.0864292	-0.0141064	0.00860388	2.0901	0.236973	4.67992e-06	-0.0603309	-0.00938178	-0.0299495	1.60378	0.317995	4.67992e-06	-0.0603309	-0.00938178	
8.375	0.115276	0.0193048	0.228282	-0.000416381	-0.0619396	0.224834	0.115692	0.0812444	0.00344826	0.119997	0.0108571	0.286049	0.000764909	-0.0885016	0.000658472	0.0357949	-0.0828949	0.590596	-0.000542298	-0.0666349	-0.000903813	-0.0218791	-0.25216	0.339119	-0.000542298	-0.0666349	-0.000903813	
8.4	0.115255	0.0199515	0.228186	-0.000436794	-0.061293	0.224738	0.115072	0.000432864	0.00750937	0.119985	0.0113305	0.286161	-0.000463818	0.0189347	0.00447617	-0.0491491	4.29745	0.152708	-0.000816508	0.0258659	-0.00386127	-0.0109684	3.70003	-0.118298	-0.000816508	0.0258659	-0.00386127	
8.425	0.115084	0.0175808	0.228893	1.23109e-05	0.017148	0.221383	0.115072	0.000432864	0.00750937	0.119689	0.00832259	0.286826	-0.0118553	-0.120315	0.0266002	-0.45566	-5.56999	0.884962	-0.0068476	-0.0948242	0.0282648	-0.241244	-4.8276	1.28504	-0.0068476	-0.0948242	0.0282648	
8.45	0.115141	0.016596	0.229243	6.88814e-05	0.0161631	0.221733	0.115072	0.000432864	0.00750937	0.119722	0.00698417	0.287313	0.00131194	-0.0535371	0.0194937	0.526691	2.67111	-0.284259	0.00226282	-0.0393956	0.0140063	0.364417	2.21714	-0.570339	0.00226282	-0.0393956	0.0140063	
8.475	0.115121	0.0152814	0.230052	4.89789e-05	0.0148485	0.222543	0.115072	0.000432864	0.00750937	0.119762	0.00518766	0.288007	0.00160051	-0.0718603	0.0277486	0.0115428	-0.732928	0.330197	-0.000796099	-0.0525825	0.0323797	-0.122357	-0.527474	0.734937	-0.000796099	-0.0525825	0.0323797	
8.5	0.115066	0.0139158	0.230134	-6.2547e-06	0.0134829	0.222625	0.115072	0.000432864	0.00750937	0.119754	0.00348301	0.287722	-0.000288286	-0.0681858	-0.0114017	-0.0755519	0.14698	-1.56601	-0.00220935	-0.0546235	0.00327294	-0.0565299	-0.0816411	-1.16427	-0.00220935	-0.0546235	0.00327294	
8.525	0.115139	0.0137435	0.23047	6.74391e-05	0.0133106	0.22296	0.115072	0.000432864	0.00750937	0.119744	0.00307658	0.287395	-0.000414434	-0.0162573	-0.0130746	-0.00504593	2.07714	-0.0669183	0.00294775	-0.00689263	0.0134218	0.206284	1.90924	0.405956	0.00294775	-0.00689263	0.0134218	
8.55	0.115105	0.0136832	0.230373	3.32915e-05	0.0132503	0.222863	0.115072	0.000432864	0.00750937	0.119699	0.00316545	0.286392	-0.0018123	0.00355457	-0.0401075	-0.0559146	0.792474	-1.08132	-0.0013659	-0.00241221	-0.00387499	-0.172546	0.179217	-0.691873	-0.0013659	-0.00241221	-0.00387499	
8.575	0.115478	0.0141281	0.230443	0.000405836	0.0136953	0.222933	0.115072	0.000432864	0.00750937	0.120093	0.00367023	0.28549	0.0157651	0.0201912	-0.0360665	0.703096	0.665464	0.16164	0.0149018	0.0177981	0.00280598	0.650707	0.808411	0.267238	0.0149018	0.0177981	0.00280598	
8.6	0.11504	0.0137912	0.230814	-3.21404e-05	0.0133583	0.223305	0.115072	0.000432864	0.00750937	0.119655	0.00327272	0.285149	-0.0175043	-0.0159003	-0.0136612	-1.33077	-1.44366	0.896213	-0.0175191	-0.0134788	0.0148467	-1.29683	-1.25108	0.481628	-0.0175191	-0.0134788	0.0148467	
8.625	0.115085	0.0134618	0.23054	1.27955e-05	0.0130289	0.22303	0.115072	0.000432864	0.00750937	0.119614	0.00293798	0.284184	-0.00163158	-0.0133897	-0.0385725	0.634907	0.100424	-0.996452	0.00179744	-0.013176	-0.0109781	0.772659	0.012113	-1.03299	0.00179744	-0.013176	-0.0109781	
8.65	0.115093	0.0133899	0.230777	2.08633e-05	0.0129571	0.223268	0.115072	0.000432864	0.00750937	0.119611	0.00294508	0.284162	-0.000126138	0.000284052	-0.000891606	0.0602176	0.546949	1.50724	0.00032271	-0.00287291	0.00951635	-0.058989	0.412124	0.819779	0.00032271	-0.00287291	0.00951635	
8.675	0.115038	0.0130406	0.230837	-3.32868e-05	0.0126077	0.223327	0.115072	0.000432864	0.00750937	0.119613	0.00251715	0.2842	6.06109e-05	-0.0171172	0.00150734	0.00746996	-0.696051	0.0959578	-0.002166	-0.0139732	0.00236219	-0.0995485	-0.44401	-0.286166	-0.002166	-0.0139732	0.00236219	
8.7	0.115326	0.0130808	0.23096	0.000254449	0.0126479	0.223451	0.115072	0.000432864	0.00750937	0.120038	0.00251099	0.284261	0.0170084	-0.000246251	0.002442	0.67791	0.674839	0.0373862	0.0115094	0.00160719	0.00495755	0.547018	0.623214	0.103814	0.0115094	0.00160719	0.00495755	
8.725	0.115383	0.0129277	0.230917	0.000311513	0.0124948	0.223408	0.115072	0.000432864	0.00750937	0.120044	0.00249722	0.284398	0.000250871	-0.000551025	0.00546435	-0.670299	-0.012191	0.120894	0.00228255	-0.0061256	-0.00172471	-0.369076	-0.309312	-0.26729	0.00228255	-0.0061256	-0.00172471	
8.75	0.115399	0.0134841	0.231919	0.000327683	0.0130512	0.224409	0.115072	0.000432864	0.00750937	0.120093	0.00323253	0.285609	0.00193976	0.0294124	0.0484701	0.0675555	1.19854	1.72023	0.000646789	0.0222572	0.0400539	-0.0654304	1.13531	1.67114	0.000646789	0.0222572	0.0400539	
8.775	0.115371	0.0133372	0.232581	0.000298842	0.0129043	0.225072	0.115072	0.000432864	0.00750937	0.120148	0.00311608	0.286897	0.00219652	-0.00465777	0.05151	0.0102706	-1.36281	0.121598	-0.00115363	-0.0058763	0.0265043	-0.0720167	-1.12534	-0.541983	-0.00115363	-0.0058763	0.0265043	
8.8	0.115522	0.0138465	0.233373	0.000449993	0.0134136	0.225864	0.115072	0.000432864	0.00750937	0.120221	0.00382167	0.28854	0.00294843	0.0282234	0.0657038	0.0300764	1.31525	0.567752	0.00604606	0.0203727	0.0316856	0.287988	1.04996	0.207253	0.00604606	0.0203727	0.0316856	
8.825	0.115542	0.0144517	0.233904	0.000470569	0.0140189	0.226395	0.115072	0.000432864	0.00750937	0.120281	0.00456588	0.289965	0.00238538	0.0297684	0.057012	-0.0225221	0.0618005	-0.347674	0.000823003	0.02421	0.0212186	-0.208922	0.15349	-0.418681	0.000823003	0.02421	0.0212186	
8.85	0.115457	0.0151479	0.234111	0.000385051	0.0147151	0.226602	0.115072	0.000432864	0.00750937	0.120318	0.00535348	0.29099	0.00146827	0.031504	0.0409967	-0.0366844	0.0694243	-0.640614	-0.0034207	0.0278478	0.00829977	-0.169748	0.145512	-0.516752	-0.0034207	0.0278478	0.00829977	
8.875	0.115155	0.0155502	0.234216	8.34305e-05	0.0151173	0.226707	0.115072	0.000432864	0.00750937	0.119933	0.00613923	0.292007	-0.0153835	0.0314302	0.0406934	-0.674072	-0.00295129	-0.0121295	-0.0120648	0.0160892	0.0041822	-0.345765	-0.470342	-0.164703	-0.0120648	0.0160892	0.0041822	
8.9	0.115137	0.0173018	0.234098	6.54422e-05	0.0168689	0.226588	0.115072	0.000432864	0.00750937	0.119933	0.00832338	0.292277	-1.47808e-05	0.0873658	0.0108023	0.61475	2.23742	-1.19564	-0.000719533	0.0700644	-0.00473521	0.453812	2.15901	-0.356697	-0.000719533	0.0700644	-0.00473521	
8.925	0.11511	0.0185281	0.233288	3.86908e-05	0.0180953	0.225779	0.115072	0.000432864	0.00750937	0.119916	0.0100979	0.291847	-0.00066672	0.07098	-0.0172174	-0.0260776	-0.655433	-1.12079	-0.00107006	0.0490544	-0.0323794	-0.014021	-0.840398	-1.10577	-0.00107006	0.0490544	-0.0323794	
8.95	0.115082	0.0185955	0.232195	1.05155e-05	0.0181627	0.224685	0.115072	0.000432864	0.00750937	0.119855	0.0101905	0.290696	-0.00244381	0.00370691	-0.0460474	-0.0710836	-2.69092	-1.1532	-0.00112701	0.00269634	-0.0437407	-0.00227819	-1.85432	-0.454451	-0.00112701	0.00269634	-0.0437407	
8.975	0.114989	0.0196644	0.230841	-8.23064e-05	0.0192315	0.223331	0.115072	0.000432864	0.00750937	0.119778	0.0116167	0.289005	-0.00308658	0.0570447	-0.0676391	-0.0257107	2.13351	-0.863667	-0.00371288	0.0427529	-0.0541554	-0.103435	1.60226	-0.416589	-0.00371288	0.0427529	-0.0541554	
9	0.114959	0.020949	0.228987	-0.000112838	0.0205161	0.221478	0.115072	0.000432864	0.00750937	0.119671	0.0134899	0.286854	-0.00425757	0.0749291	-0.0860103	-0.0468396	0.715375	-0.73485	-0.00122125	0.0513838	-0.0741352	0.0996648	0.345237	-0.799193	-0.00122125	0.0513838	-0.0741352	
