time	COG_x	COG_y	COG_z	Pr_x	Pr_y	Pr_z	Pl_x	Pl_y	Pl_z	COG_Vx	COG_Vy	
0.025	0	0.000161927	0.255	-8.0592e-05	-1.67766e-05	6.31857e-05	-8.13295e-05	0.0792151	6.33367e-05	0	0.0001545
0.05	0	0.000167756	0.255	-8.05922e-05	-1.67673e-05	6.31857e-05	-8.13296e-05	0.0792151	6.33368e-05	0	0.000312722
0.075	0	0.000177626	0.255	-8.05925e-05	-1.67515e-05	6.31857e-05	-8.133e-05	0.0792151	6.3337e-05	0	0.000478478
0.1	0	0.000191776	0.255	-8.0593e-05	-1.67289e-05	6.31857e-05	-8.13304e-05	0.0792152	6.33371e-05	0	0.000655762
0.125	0	0.000210546	0.255	-8.05936e-05	-1.6699e-05	6.31857e-05	-8.1331e-05	0.0792152	6.33374e-05	0	0.000848845
0.15	0	0.000234388	0.255	-8.05944e-05	-1.66609e-05	6.31857e-05	-8.13317e-05	0.0792152	6.33377e-05	0	0.00106238
0.175	0	0.000263878	0.255	-8.05954e-05	-1.66138e-05	6.31857e-05	-8.13327e-05	0.0792153	6.33381e-05	0	0.00130151
0.2	0	0.000299725	0.255	-8.05966e-05	-1.65566e-05	6.31857e-05	-8.13338e-05	0.0792153	6.33386e-05	0	0.00157199
0.225	0	0.000342793	0.255	-8.0598e-05	-1.64879e-05	6.31857e-05	-8.13351e-05	0.0792154	6.33392e-05	0	0.00188035
0.25	0	0.000394119	0.255	-8.05997e-05	-1.6406e-05	6.31857e-05	-8.13367e-05	0.0792155	6.33399e-05	0	0.00223401
0.275	0	0.000454941	0.255	-8.06017e-05	-1.63089e-05	6.31857e-05	-8.13386e-05	0.0792156	6.33407e-05	0	0.00264149
0.3	0	0.000526724	0.255	-8.06041e-05	-1.61943e-05	6.31857e-05	-8.13409e-05	0.0792157	6.33417e-05	0	0.00311261
0.325	0	0.000611196	0.255	-8.06069e-05	-1.60595e-05	6.31857e-05	-8.13435e-05	0.0792158	6.33428e-05	0	0.00365872
0.35	0	0.000710394	0.255	-8.06102e-05	-1.59012e-05	6.31857e-05	-8.13466e-05	0.079216	6.33442e-05	0	0.00429298
0.375	0	0.000826707	0.255	-8.06141e-05	-1.57155e-05	6.31857e-05	-8.13503e-05	0.0792162	6.33458e-05	0	0.00503067
0.4	0	0.000962937	0.255	-8.06186e-05	-1.54981e-05	6.31858e-05	-8.13545e-05	0.0792164	6.33476e-05	0	0.00588956
0.425	0	0.00112237	0.255	-8.06239e-05	-1.52436e-05	6.31859e-05	-8.13595e-05	0.0792167	6.33498e-05	0	0.00689034
0.45	0	0.00130884	0.255	-8.06301e-05	-1.4946e-05	6.3186e-05	-8.13653e-05	0.0792169	6.33524e-05	0	0.00805713
0.475	0	0.00152684	0.255	-8.06374e-05	-1.4598e-05	6.31861e-05	-8.13721e-05	0.0792173	6.33555e-05	0	0.00941803
0.5	0	0.00178163	0.255	-8.06458e-05	-1.41913e-05	6.31863e-05	-8.13801e-05	0.0792177	6.33591e-05	0	0.0110058
0.525	0	0.00207934	0.255	-8.06557e-05	-1.37161e-05	6.31866e-05	-8.13893e-05	0.0792182	6.33634e-05	0	0.0128588
0.55	0	0.00242715	0.255	-8.06672e-05	-1.3161e-05	6.3187e-05	-8.14002e-05	0.0792187	6.33685e-05	0	0.0150215
0.575	0	0.00283343	0.255	-8.06807e-05	-1.25125e-05	6.31875e-05	-8.14128e-05	0.0792194	6.33745e-05	0	0.0175462
0.6	0	0.00330798	0.255	-8.06964e-05	-1.1755e-05	6.31883e-05	-8.14275e-05	0.0792201	6.33817e-05	0	0.0204936
0.625	0	0.00386222	0.255	-8.07147e-05	-1.08703e-05	6.31894e-05	-8.14447e-05	0.079221	6.33902e-05	0	0.0239347
0.65	0	0.00450951	0.255	-8.07361e-05	-9.83701e-06	6.31909e-05	-8.14647e-05	0.0792221	6.34004e-05	0	0.0279525
0.675	0	0.00526545	0.255	-8.0761e-05	-8.6303e-06	6.31929e-05	-8.1488e-05	0.0792233	6.34126e-05	0	0.0326437
0.7	0	0.00614825	0.255	-8.079e-05	-7.22104e-06	6.31957e-05	-8.15152e-05	0.0792247	6.34273e-05	0	0.0381214
0.725	0	0.00717917	0.255	-8.08238e-05	-5.57528e-06	6.31995e-05	-8.15469e-05	0.0792263	6.3445e-05	0	0.0445175
0.75	0	0.00838305	0.255	-8.08631e-05	-3.65334e-06	6.32048e-05	-8.15837e-05	0.0792282	6.34665e-05	0	0.0519861
0.775	0	0.0097889	0.255	-8.09089e-05	-1.40889e-06	6.32121e-05	-8.16265e-05	0.0792305	6.34927e-05	0	0.0607072
0.8	0	0.0114306	0.255	-8.09621e-05	1.21218e-06	6.3222e-05	-8.16763e-05	0.0792331	6.35248e-05	0	0.0708909
0.825	0	0.0133477	0.255	-8.1024e-05	4.27305e-06	6.32357e-05	-8.1734e-05	0.0792362	6.35643e-05	0	0.0827825
0.85	0	0.0155863	0.255	-8.10959e-05	7.84752e-06	6.32543e-05	-8.1801e-05	0.0792397	6.36131e-05	0	0.0966686
0.875	0	0.0182005	0.255	-8.11792e-05	1.20217e-05	6.32798e-05	-8.18786e-05	0.0792439	6.3674e-05	0	0.112884
0.9	0	0.0212532	0.255	-8.12757e-05	1.68963e-05	6.33147e-05	-8.19684e-05	0.0792488	6.37501e-05	0	0.131818
0.925	0	0.0248178	0.255	-8.13873e-05	2.25888e-05	6.33625e-05	-8.20719e-05	0.0792545	6.38461e-05	0	0.153929
0.95	0	0.0289805	0.255	-8.15161e-05	2.92362e-05	6.34277e-05	-8.21911e-05	0.0792611	6.39677e-05	0	0.179748
0.975	0	0.0338413	0.255	-8.16644e-05	3.69987e-05	6.35169e-05	-8.23279e-05	0.0792689	6.41228e-05	0	0.209897
1	0	0.0395174	0.255	-8.18346e-05	4.60628e-05	6.36388e-05	-8.24843e-05	0.079278	6.43216e-05	0	0.245103
0	0	0.0395174	0.255	-8.18346e-05	4.60628e-05	6.36388e-05	-8.24843e-05	0.079278	6.43216e-05	0	0.245103
0.025	0	0.0451916	0.255	-8.20088e-05	5.5081e-05	0.000309615	-8.2637e-05	0.079287	6.45397e-05	0	0.209742
0.05	0	0.0500466	0.255	-8.21711e-05	6.25154e-05	0.0010412	-8.27646e-05	0.0792948	6.47414e-05	0	0.179434
0.075	0	0.0541993	0.255	-8.23256e-05	6.82724e-05	0.00224039	-8.28715e-05	0.0793014	6.49252e-05	0	0.153448
0.1	0	0.0577498	0.255	-8.24752e-05	7.22447e-05	0.00387765	-8.29612e-05	0.079307	6.50904e-05	0	0.13116
0.125	0	0.0607836	0.255	-8.26218e-05	7.4321e-05	0.00591267	-7.4733e-05	0.0793002	5.87142e-05	0	0.112031
0.15	0	0.0633738	0.255	-8.27663e-05	7.43963e-05	0.00829535	-7.47901e-05	0.0793039	5.88312e-05	0	0.095602
0.175	0	0.0655829	0.255	-8.2909e-05	7.23799e-05	0.010967	-7.48382e-05	0.0793071	5.89338e-05	0	0.0814759
0.2	0	0.067464	0.255	-8.30494e-05	6.82027e-05	0.0138619	-7.48787e-05	0.0793098	5.90233e-05	0	0.0693127
0.225	0	0.0690624	0.255	-8.31867e-05	6.1823e-05	0.0169087	-7.49127e-05	0.0793121	5.91008e-05	0	0.0588195
0.25	0	0.0704168	0.255	-8.33196e-05	5.32313e-05	0.0200324	-7.49413e-05	0.079314	5.91675e-05	0	0.0497433
0.275	0	0.0715596	0.255	-8.34466e-05	4.24533e-05	0.0231561	-7.49653e-05	0.0793157	5.92246e-05	0	0.0418656
0.3	0	0.0725184	0.255	-8.35663e-05	2.95521e-05	0.0262028	-7.49853e-05	0.0793171	5.9273e-05	0	0.0349965
0.325	0	0.0733164	0.255	-8.36768e-05	1.46287e-05	0.0290977	-7.50019e-05	0.0793182	5.93137e-05	0	0.0289705
0.35	0	0.0739728	0.255	-8.37765e-05	-2.17885e-06	0.0317693	-7.50154e-05	0.0793191	5.93475e-05	0	0.0236426
0.375	0	0.0745033	0.255	-8.3864e-05	-2.0697e-05	0.0341519	-7.50263e-05	0.0793199	5.93749e-05	0	0.0188842
0.4	0	0.0749208	0.255	-8.39377e-05	-4.072e-05	0.0361868	-7.50349e-05	0.0793205	5.93966e-05	0	0.0145808
0.425	0	0.0752353	0.255	-8.39965e-05	-6.20137e-05	0.037824	-7.50413e-05	0.079321	5.9413e-05	0	0.0106286
0.45	0	0.0754543	0.255	-8.40394e-05	-8.43206e-05	0.039023	-7.50458e-05	0.0793213	5.94244e-05	0	0.00693259
0.475	0	0.0755833	0.255	-8.40657e-05	-0.000107366	0.0397545	-7.50484e-05	0.0793215	5.94312e-05	0	0.00340356
0.5	0	0.0756252	0.255	-8.40749e-05	-0.000130863	0.0400003	-7.50493e-05	0.0793215	5.94334e-05	0	-4.34724e-05
0.525	0	0.0755811	0.255	-8.40669e-05	-0.00015452	0.0397545	-7.50484e-05	0.0793215	5.94311e-05	0	-0.00349155
0.55	0	0.0754499	0.255	-8.40419e-05	-0.000178051	0.0390231	-7.50457e-05	0.0793213	5.94242e-05	0	-0.00702375
0.575	0	0.0752285	0.255	-8.40001e-05	-0.000201175	0.037824	-7.50412e-05	0.0793209	5.94126e-05	0	-0.0107252
0.6	0	0.0749115	0.255	-8.39425e-05	-0.000223632	0.0361868	-7.50347e-05	0.0793205	5.93961e-05	0	-0.014685
0.625	0	0.0744913	0.255	-8.38698e-05	-0.000245183	0.0341519	-7.50261e-05	0.0793199	5.93743e-05	0	-0.0189986
0.65	0	0.0739578	0.255	-8.37833e-05	-0.000265622	0.0317693	-7.50151e-05	0.0793191	5.93467e-05	0	-0.0237699
0.675	0	0.073298	0.255	-8.36845e-05	-0.000284775	0.0290977	-7.50015e-05	0.0793182	5.93128e-05	0	-0.0291139
0.7	0	0.0724962	0.255	-8.35747e-05	-0.000302514	0.0262028	-7.49848e-05	0.079317	5.92719e-05	0	-0.0351593
0.725	0	0.071533	0.255	-8.34558e-05	-0.000318754	0.0231561	-7.49648e-05	0.0793156	5.92233e-05	0	-0.0420518
0.75	0	0.0703852	0.255	-8.33293e-05	-0.00033346	0.0200324	-7.49407e-05	0.079314	5.9166e-05	0	-0.0499575
0.775	0	0.0690251	0.255	-8.31968e-05	-0.000346651	0.0169087	-7.49119e-05	0.0793121	5.9099e-05	0	-0.0590667
0.8	0	0.06742	0.255	-8.30599e-05	-0.000358398	0.0138619	-7.48777e-05	0.0793098	5.90212e-05	0	-0.0695989
0.825	0	0.0655312	0.255	-8.29197e-05	-0.000368826	0.010967	-7.48371e-05	0.079307	5.89314e-05	0	-0.081808
0.85	0	0.0633132	0.255	-8.27771e-05	-0.000378118	0.00829536	-7.47888e-05	0.0793039	5.88284e-05	0	-0.095988
0.875	0	0.0607126	0.255	-8.26326e-05	-0.000386508	0.00591269	-7.47315e-05	0.0793001	5.8711e-05	0	-0.112481
0.9	0	0.0576666	0.255	-8.24859e-05	-0.000394283	0.00387767	-8.29591e-05	0.0793069	6.50865e-05	0	-0.131683
0.925	0	0.054102	0.255	-8.23361e-05	-0.00040178	0.0022404	-8.2869e-05	0.0793012	6.49208e-05	0	-0.154058
0.95	0	0.0499328	0.255	-8.21813e-05	-0.000409384	0.00104122	-8.27616e-05	0.0792946	6.47366e-05	0	-0.180145
0.975	0	0.0450586	0.255	-8.20187e-05	-0.000417526	0.000309624	-8.26335e-05	0.0792868	6.45343e-05	0	-0.210572
1	0	0.039362	0.255	-8.1844e-05	-0.000426677	6.36462e-05	-8.24801e-05	0.0792777	6.43159e-05	0	-0.246072
0	0	0.039362	0.255	-8.1844e-05	-0.000426677	6.36462e-05	-8.24801e-05	0.0792777	6.43159e-05	0	-0.246072
0.025	0	0.0336654	0.255	-8.16734e-05	-0.000435773	6.35229e-05	-8.23305e-05	0.0792687	0.000309953	0	-0.21057
0.05	0	0.0287912	0.255	-8.15248e-05	-0.000443557	6.34326e-05	-8.22153e-05	0.0792613	0.00104125	0	-0.180142
0.075	0	0.0246221	0.255	-8.13959e-05	-0.000450215	6.33665e-05	-8.21316e-05	0.0792557	0.00224019	0	-0.154053
0.1	0	0.0210577	0.255	-8.12844e-05	-0.000455907	6.33182e-05	-8.20764e-05	0.079252	0.00387724	0	-0.131676
0.125	0	0.0180119	0.255	-8.11882e-05	-0.000460771	6.32829e-05	-8.20463e-05	0.0792503	0.00591207	0	-0.112472
0.15	0	0.0154115	0.255	-8.11054e-05	-0.000464923	6.3257e-05	-8.20382e-05	0.0792508	0.00829459	0	-0.0959768
0.175	0	0.0131938	0.255	-8.10343e-05	-0.000468464	6.32381e-05	-8.20486e-05	0.0792536	0.0109661	0	-0.0817942
0.2	0	0.0113054	0.255	-8.09734e-05	-0.000471479	6.32243e-05	-8.20742e-05	0.0792587	0.0138609	0	-0.0695823
0.225	0	0.00970075	0.255	-8.09214e-05	-0.000474041	6.32143e-05	-8.21118e-05	0.0792662	0.0169075	0	-0.0590468
0.25	0	0.00834121	0.255	-8.08772e-05	-0.000476211	6.32069e-05	-8.21581e-05	0.0792762	0.0200312	0	-0.0499338
0.275	0	0.00719404	0.255	-8.08397e-05	-0.000478043	6.32016e-05	-8.221e-05	0.0792885	0.0231548	0	-0.0420239
0.3	0	0.00623159	0.255	-8.08082e-05	-0.000479579	6.31977e-05	-8.22648e-05	0.0793032	0.0262015	0	-0.0351264
0.325	0	0.00543068	0.255	-8.0782e-05	-0.000480858	6.31949e-05	-8.23196e-05	0.0793201	0.0290962	0	-0.0290752
0.35	0	0.004772	0.255	-8.07603e-05	-0.000481909	6.31928e-05	-8.23721e-05	0.079339	0.0317678	0	-0.0237244
0.375	0	0.0042397	0.255	-8.07428e-05	-0.000482759	6.31914e-05	-8.24202e-05	0.0793598	0.0341504	0	-0.0189453
0.4	0	0.00382094	0.255	-8.0729e-05	-0.000483428	6.31903e-05	-8.24619e-05	0.0793822	0.0361853	0	-0.0146226
0.425	0	0.00350563	0.255	-8.07186e-05	-0.000483931	6.31896e-05	-8.24957e-05	0.079406	0.0378224	0	-0.0106522
0.45	0	0.00328619	0.255	-8.07113e-05	-0.000484281	6.31892e-05	-8.25205e-05	0.0794309	0.0390215	0	-0.00693838
0.475	0	0.00315732	0.255	-8.07071e-05	-0.000484487	6.31889e-05	-8.25354e-05	0.0794565	0.0397529	0	-0.00339176
0.5	0	0.00311592	0.255	-8.07057e-05	-0.000484553	6.31888e-05	-8.25399e-05	0.0794826	0.0399987	0	7.31471e-05
0.525	0	0.00316099	0.255	-8.07072e-05	-0.000484481	6.31889e-05	-8.25338e-05	0.0795089	0.0397529	0	0.00353981
0.55	0	0.00329362	0.255	-8.07116e-05	-0.000484269	6.31892e-05	-8.25173e-05	0.0795349	0.0390215	0	0.00709176
0.575	0	0.00351701	0.255	-8.07189e-05	-0.000483913	6.31897e-05	-8.2491e-05	0.0795605	0.0378224	0	0.0108146
0.6	0	0.00383652	0.255	-8.07295e-05	-0.000483403	6.31904e-05	-8.24557e-05	0.0795853	0.0361853	0	0.0147979
0.625	0	0.00425987	0.255	-8.07434e-05	-0.000482727	6.31914e-05	-8.24126e-05	0.079609	0.0341504	0	0.0191378
0.65	0	0.00479725	0.255	-8.07611e-05	-0.000481869	6.31929e-05	-8.23634e-05	0.0796314	0.0317678	0	0.0239387
0.675	0	0.00546161	0.255	-8.0783e-05	-0.000480809	6.3195e-05	-8.23098e-05	0.0796524	0.0290962	0	0.0293164
0.7	0	0.00626895	0.255	-8.08095e-05	-0.00047952	6.31978e-05	-8.22541e-05	0.0796718	0.0262015	0	0.0354004
0.725	0	0.00723873	0.255	-8.08412e-05	-0.000477972	6.32018e-05	-8.21987e-05	0.0796895	0.0231548	0	0.0423373
0.75	0	0.00839431	0.255	-8.08789e-05	-0.000476127	6.32072e-05	-8.21462e-05	0.0797054	0.0200311	0	0.0502942
0.775	0	0.00976353	0.255	-8.09234e-05	-0.000473941	6.32146e-05	-8.20995e-05	0.0797197	0.0169075	0	0.0594627
0.8	0	0.0113794	0.255	-8.09758e-05	-0.000471361	6.32249e-05	-8.20618e-05	0.0797322	0.0138608	0	0.0700639
0.825	0	0.0132808	0.255	-8.10371e-05	-0.000468325	6.32388e-05	-8.20362e-05	0.0797433	0.0109661	0	0.0823531
0.85	0	0.0155135	0.255	-8.11087e-05	-0.00046476	6.3258e-05	-8.2026e-05	0.0797531	0.00829458	0	0.0966263
0.875	0	0.0181315	0.255	-8.1192e-05	-0.00046058	6.32841e-05	-8.20346e-05	0.0797619	0.00591206	0	0.113228
0.9	0	0.0211976	0.255	-8.12888e-05	-0.000455683	6.33199e-05	-8.20652e-05	0.0797699	0.00387723	0	0.132557
0.925	0	0.0247859	0.255	-8.1401e-05	-0.000449953	6.33689e-05	-8.21212e-05	0.0797775	0.00224018	0	0.155079
0.95	0	0.0289827	0.255	-8.15307e-05	-0.000443251	6.34358e-05	-8.22058e-05	0.0797852	0.00104124	0	0.181338
0.975	0	0.0338892	0.255	-8.16801e-05	-0.000435416	6.35273e-05	-8.23221e-05	0.0797934	0.000309943	0	0.211966
1	0	0.0396235	0.255	-8.18518e-05	-0.000426259	6.36524e-05	-8.24729e-05	0.0798026	6.43063e-05	0	0.247701
0	0	0.0396235	0.255	-8.18518e-05	-0.000426259	6.36524e-05	-8.24729e-05	0.0798026	6.43063e-05	0	0.247701
0.025	0	0.0453579	0.255	-8.20274e-05	-0.000417065	0.000309632	-8.26275e-05	0.0798117	6.45253e-05	0	0.211966
0.05	0	0.0502644	0.255	-8.21908e-05	-0.000408989	0.00104123	-8.27566e-05	0.0798196	6.47282e-05	0	0.181337
0.075	0	0.0544611	0.255	-8.23462e-05	-0.000401658	0.00224042	-8.28648e-05	0.0798262	6.49132e-05	0	0.155078
0.1	0	0.0580494	0.255	-8.24966e-05	-0.000394732	0.00387768	-8.29555e-05	0.079832	6.50797e-05	0	0.132555
0.125	0	0.0611155	0.255	-8.26438e-05	-0.000387913	0.0059127	-7.47288e-05	0.0798252	5.87056e-05	0	0.113225
0.15	0	0.0637333	0.255	-8.27888e-05	-0.00038094	0.00829538	-7.47865e-05	0.079829	5.88236e-05	0	0.0966234
0.175	0	0.065966	0.255	-8.29317e-05	-0.00037359	0.010967	-7.48351e-05	0.0798322	5.89271e-05	0	0.0823495
0.2	0	0.0678673	0.255	-8.30723e-05	-0.000365681	0.0138619	-7.48761e-05	0.0798349	5.90174e-05	0	0.0700596
0.225	0	0.0694831	0.255	-8.32096e-05	-0.00035707	0.0169087	-7.49105e-05	0.0798372	5.90957e-05	0	0.0594576
0.25	0	0.0708521	0.255	-8.33424e-05	-0.000347653	0.0200324	-7.49394e-05	0.0798392	5.91631e-05	0	0.0502881
0.275	0	0.0720076	0.255	-8.34692e-05	-0.000337368	0.0231561	-7.49637e-05	0.0798409	5.92207e-05	0	0.0423301
0.3	0	0.0729771	0.255	-8.35885e-05	-0.000326188	0.0262029	-7.49839e-05	0.0798423	5.92697e-05	0	0.0353919
0.325	0	0.0737843	0.255	-8.36985e-05	-0.000314125	0.0290977	-7.50007e-05	0.0798434	5.93108e-05	0	0.0293065
0.35	0	0.0744483	0.255	-8.37977e-05	-0.000301222	0.0317693	-7.50144e-05	0.0798444	5.93449e-05	0	0.023927
0.375	0	0.0749854	0.255	-8.38845e-05	-0.000287557	0.0341519	-7.50254e-05	0.0798451	5.93726e-05	0	0.0191241
0.4	0	0.0754084	0.255	-8.39575e-05	-0.000273237	0.0361868	-7.50341e-05	0.0798457	5.93946e-05	0	0.0147819
0.425	0	0.0757275	0.255	-8.40155e-05	-0.000258391	0.037824	-7.50407e-05	0.0798462	5.94112e-05	0	0.0107958
0.45	0	0.0759503	0.255	-8.40575e-05	-0.000243171	0.0390231	-7.50452e-05	0.0798465	5.94229e-05	0	0.00706981
0.475	0	0.0760824	0.255	-8.40828e-05	-0.000227745	0.0397545	-7.50479e-05	0.0798467	5.94298e-05	0	0.00351415
0.5	0	0.0761267	0.255	-8.4091e-05	-0.000212294	0.0400004	-7.50488e-05	0.0798468	5.94321e-05	0	4.31586e-05
0.525	0	0.0760845	0.255	-8.4082e-05	-0.000197005	0.0397545	-7.5048e-05	0.0798467	5.94299e-05	0	-0.0034268
0.55	0	0.0759547	0.255	-8.40559e-05	-0.000182068	0.0390231	-7.50453e-05	0.0798465	5.94231e-05	0	-0.00697931
0.575	0	0.0757342	0.255	-8.40131e-05	-0.000167671	0.037824	-7.50408e-05	0.0798462	5.94116e-05	0	-0.0107
0.6	0	0.0754176	0.255	-8.39545e-05	-0.000153996	0.0361868	-7.50343e-05	0.0798458	5.93951e-05	0	-0.0146784
0.625	0	0.0749973	0.255	-8.38808e-05	-0.000141214	0.0341519	-7.50257e-05	0.0798451	5.93733e-05	0	-0.0190105
0.65	0	0.0744632	0.255	-8.37934e-05	-0.000129483	0.0317693	-7.50147e-05	0.0798444	5.93457e-05	0	-0.0238006
0.675	0	0.0738025	0.255	-8.36937e-05	-0.000118942	0.0290977	-7.5001e-05	0.0798434	5.93117e-05	0	-0.0291641
0.7	0	0.0729992	0.255	-8.35832e-05	-0.000109712	0.0262029	-7.49844e-05	0.0798423	5.92708e-05	0	-0.0352302
0.725	0	0.0720339	0.255	-8.34635e-05	-0.000101893	0.0231561	-7.49642e-05	0.0798409	5.92221e-05	0	-0.0421452
0.75	0	0.0708835	0.255	-8.33364e-05	-9.5563e-05	0.0200324	-7.49401e-05	0.0798393	5.91646e-05	0	-0.0500754
0.775	0	0.0695201	0.255	-8.32033e-05	-9.07766e-05	0.0169087	-7.49113e-05	0.0798373	5.90975e-05	0	-0.0592122
0.8	0	0.067911	0.255	-8.30659e-05	-8.75681e-05	0.0138619	-7.4877e-05	0.079835	5.90195e-05	0	-0.0697755
0.825	0	0.0660173	0.255	-8.29253e-05	-8.59519e-05	0.010967	-7.48362e-05	0.0798323	5.89296e-05	0	-0.0820198
0.85	0	0.0637935	0.255	-8.27823e-05	-8.59256e-05	0.00829537	-7.47878e-05	0.0798291	5.88264e-05	0	-0.0962402
0.875	0	0.061186	0.255	-8.26374e-05	-8.74734e-05	0.00591269	-7.47303e-05	0.0798253	5.87087e-05	0	-0.112779
0.9	0	0.058132	0.255	-8.24904e-05	-9.0571e-05	0.00387767	-8.29576e-05	0.0798321	6.50836e-05	0	-0.132035
0.925	0	0.0545578	0.255	-8.23403e-05	-9.51911e-05	0.00224041	-8.28672e-05	0.0798264	6.49176e-05	0	-0.154473
0.95	0	0.0503773	0.255	-8.21853e-05	-0.00010131	0.00104122	-8.27595e-05	0.0798197	6.47331e-05	0	-0.180631
0.975	0	0.04549	0.255	-8.20223e-05	-0.000108913	0.000309628	-8.2631e-05	0.0798119	6.45306e-05	0	-0.211142
1	0	0.0397779	0.255	-8.18472e-05	-0.000118009	6.36487e-05	-8.24771e-05	0.0798028	6.43119e-05	0	-0.246739
0	0	0.0397779	0.255	-8.18472e-05	-0.000118009	6.36487e-05	-8.24771e-05	0.0798028	6.43119e-05	0	-0.246739
0.025	0	0.0340658	0.255	-8.16761e-05	-0.000127131	6.35247e-05	-8.2327e-05	0.0797937	0.000309948	0	-0.211142
0.05	0	0.0291784	0.255	-8.15272e-05	-0.000134935	6.34339e-05	-8.22114e-05	0.0797861	0.00104125	0	-0.180632
0.075	0	0.024998	0.255	-8.1398e-05	-0.000141611	6.33675e-05	-8.21273e-05	0.0797798	0.00224019	0	-0.154473
0.1	0	0.0214238	0.255	-8.12862e-05	-0.000147319	6.33189e-05	-8.20717e-05	0.0797748	0.00387723	0	-0.132036
0.125	0	0.0183697	0.255	-8.11898e-05	-0.000152196	6.32834e-05	-8.20414e-05	0.079771	0.00591207	0	-0.112781
0.15	0	0.0157621	0.255	-8.11067e-05	-0.00015636	6.32574e-05	-8.20331e-05	0.0797685	0.00829458	0	-0.0962419
0.175	0	0.0135383	0.255	-8.10355e-05	-0.00015991	6.32384e-05	-8.20434e-05	0.0797672	0.0109661	0	-0.0820219
0.2	0	0.0116446	0.255	-8.09744e-05	-0.000162934	6.32246e-05	-8.2069e-05	0.079767	0.0138609	0	-0.069778
0.225	0	0.0100354	0.255	-8.09223e-05	-0.000165503	6.32144e-05	-8.21065e-05	0.079768	0.0169075	0	-0.0592152
0.25	0	0.00867192	0.255	-8.08779e-05	-0.00016768	6.32071e-05	-8.21529e-05	0.07977	0.0200312	0	-0.050079
0.275	0	0.00752137	0.255	-8.08404e-05	-0.000169517	6.32017e-05	-8.2205e-05	0.0797731	0.0231548	0	-0.0421494
0.3	0	0.00655599	0.255	-8.08088e-05	-0.000171058	6.31978e-05	-8.226e-05	0.0797772	0.0262015	0	-0.0352352
0.325	0	0.00575254	0.255	-8.07824e-05	-0.000172341	6.31949e-05	-8.23151e-05	0.0797823	0.0290962	0	-0.02917
0.35	0	0.00509164	0.255	-8.07607e-05	-0.000173396	6.31929e-05	-8.23679e-05	0.0797881	0.0317678	0	-0.0238075
0.375	0	0.00455739	0.255	-8.07431e-05	-0.000174248	6.31914e-05	-8.24163e-05	0.0797948	0.0341504	0	-0.0190186
0.4	0	0.0041369	0.255	-8.07292e-05	-0.00017492	6.31904e-05	-8.24585e-05	0.0798021	0.0361853	0	-0.0146879
0.425	0	0.00382005	0.255	-8.07188e-05	-0.000175425	6.31896e-05	-8.24928e-05	0.0798101	0.0378224	0	-0.010711
0.45	0	0.0035992	0.255	-8.07115e-05	-0.000175778	6.31892e-05	-8.25181e-05	0.0798185	0.0390215	0	-0.00699226
0.475	0	0.00346903	0.255	-8.07072e-05	-0.000175986	6.31889e-05	-8.25335e-05	0.0798272	0.0397529	0	-0.00344194
0.5	0	0.00342641	0.255	-8.07058e-05	-0.000176054	6.31888e-05	-8.25385e-05	0.0798362	0.0399987	0	2.54646e-05
0.525	0	0.00347031	0.255	-8.07072e-05	-0.000175984	6.31889e-05	-8.25329e-05	0.0798454	0.0397529	0	0.00349348
0.55	0	0.00360178	0.255	-8.07116e-05	-0.000175774	6.31892e-05	-8.25169e-05	0.0798545	0.0390215	0	0.00704566
0.575	0	0.003824	0.255	-8.07189e-05	-0.000175419	6.31897e-05	-8.24911e-05	0.0798636	0.0378224	0	0.0107676
0.6	0	0.00414232	0.255	-8.07294e-05	-0.000174911	6.31904e-05	-8.24563e-05	0.0798725	0.0361853	0	0.0147489
0.625	0	0.00456441	0.255	-8.07433e-05	-0.000174237	6.31914e-05	-8.24137e-05	0.0798811	0.0341504	0	0.0190856
0.65	0	0.00510043	0.255	-8.0761e-05	-0.000173382	6.31929e-05	-8.23649e-05	0.0798895	0.0317678	0	0.0238821
0.675	0	0.00576331	0.255	-8.07828e-05	-0.000172323	6.3195e-05	-8.23117e-05	0.0798974	0.0290962	0	0.029254
0.7	0	0.006569	0.255	-8.08092e-05	-0.000171037	6.31978e-05	-8.22563e-05	0.0799049	0.0262015	0	0.0353306
0.725	0	0.00753693	0.255	-8.08409e-05	-0.000169492	6.32017e-05	-8.22011e-05	0.0799121	0.0231548	0	0.0422585
0.75	0	0.0086904	0.255	-8.08785e-05	-0.00016765	6.32071e-05	-8.21488e-05	0.0799188	0.0200311	0	0.0502045
0.775	0	0.0100572	0.255	-8.0923e-05	-0.000165468	6.32146e-05	-8.21023e-05	0.0799251	0.0169075	0	0.05936
0.8	0	0.0116703	0.255	-8.09752e-05	-0.000162893	6.32247e-05	-8.20647e-05	0.0799311	0.0138609	0	0.0699456
0.825	0	0.0135685	0.255	-8.10364e-05	-0.000159862	6.32387e-05	-8.20391e-05	0.0799369	0.0109661	0	0.0822164
0.85	0	0.0157976	0.255	-8.11079e-05	-0.000156303	6.32577e-05	-8.20289e-05	0.0799426	0.00829458	0	0.096468
0.875	0	0.0184113	0.255	-8.11911e-05	-0.000152129	6.32838e-05	-8.20374e-05	0.0799483	0.00591206	0	0.113044
0.9	0	0.0214725	0.255	-8.12878e-05	-0.000147241	6.33195e-05	-8.20679e-05	0.0799542	0.00387723	0	0.132343
0.925	0	0.025055	0.255	-8.13998e-05	-0.00014152	6.33683e-05	-8.21237e-05	0.0799606	0.00224018	0	0.154831
0.95	0	0.0292451	0.255	-8.15293e-05	-0.000134829	6.34351e-05	-8.22081e-05	0.0799676	0.00104124	0	0.181048
0.975	0	0.0341437	0.255	-8.16785e-05	-0.000127006	6.35263e-05	-8.23241e-05	0.0799755	0.000309945	0	0.211628
1	0	0.0398689	0.255	-8.18499e-05	-0.000117864	6.36509e-05	-8.24746e-05	0.0799847	6.43086e-05	0	0.247307
0	0	0.0398689	0.255	-8.18499e-05	-0.000117864	6.36509e-05	-8.24746e-05	0.0799847	6.43086e-05	0	0.247307
0.025	0	0.0455942	0.255	-8.20253e-05	-0.000108704	0.00030963	-8.26289e-05	0.0799938	6.45275e-05	0	0.211628
0.05	0	0.0504928	0.255	-8.21885e-05	-0.000100785	0.00104122	-8.27578e-05	0.0800016	6.47302e-05	0	0.181048
0.075	0	0.0546829	0.255	-8.23438e-05	-9.38513e-05	0.00224041	-8.28658e-05	0.0800083	6.4915e-05	0	0.15483
0.1	0	0.0582654	0.255	-8.24941e-05	-8.76792e-05	0.00387768	-8.29564e-05	0.080014	6.50813e-05	0	0.132342
0.125	0	0.0613266	0.255	-8.26412e-05	-8.20748e-05	0.0059127	-7.47294e-05	0.0800073	5.87069e-05	0	0.113043
0.15	0	0.0639402	0.255	-8.27861e-05	-7.68712e-05	0.00829538	-7.4787e-05	0.0800111	5.88247e-05	0	0.096467
0.175	0	0.0661693	0.255	-8.2929e-05	-7.19265e-05	0.010967	-7.48356e-05	0.0800143	5.89281e-05	0	0.0822152
0.2	0	0.0680674	0.255	-8.30696e-05	-6.7123e-05	0.0138619	-7.48764e-05	0.080017	5.90183e-05	0	0.0699442
0.225	0	0.0696805	0.255	-8.32069e-05	-6.23652e-05	0.0169087	-7.49108e-05	0.0800193	5.90964e-05	0	0.0593582
0.25	0	0.0710473	0.255	-8.33398e-05	-5.75789e-05	0.0200324	-7.49397e-05	0.0800212	5.91637e-05	0	0.0502024
0.275	0	0.0722007	0.255	-8.34667e-05	-5.271e-05	0.0231561	-7.49639e-05	0.0800229	5.92213e-05	0	0.042256
0.3	0	0.0731685	0.255	-8.35861e-05	-4.7723e-05	0.0262029	-7.49841e-05	0.0800243	5.92701e-05	0	0.0353277
0.325	0	0.0739742	0.255	-8.36963e-05	-4.25999e-05	0.0290977	-7.50008e-05	0.0800254	5.93112e-05	0	0.0292505
0.35	0	0.0746369	0.255	-8.37957e-05	-3.73387e-05	0.0317693	-7.50145e-05	0.0800264	5.93452e-05	0	0.023878
0.375	0	0.0751728	0.255	-8.38826e-05	-3.1952e-05	0.0341519	-7.50256e-05	0.0800272	5.93729e-05	0	0.0190808
0.4	0	0.0755948	0.255	-8.39558e-05	-2.64654e-05	0.0361868	-7.50342e-05	0.0800278	5.93948e-05	0	0.0147433
0.425	0	0.075913	0.255	-8.4014e-05	-2.09155e-05	0.037824	-7.50407e-05	0.0800282	5.94114e-05	0	0.0107611
0.45	0	0.076135	0.255	-8.40563e-05	-1.53489e-05	0.0390231	-7.50453e-05	0.0800285	5.9423e-05	0	0.00703802
0.475	0	0.0762663	0.255	-8.40818e-05	-9.81968e-06	0.0397545	-7.5048e-05	0.0800287	5.94299e-05	0	0.00348455
0.5	0	0.0763099	0.255	-8.40903e-05	-4.38796e-06	0.0400004	-7.50488e-05	0.0800288	5.94322e-05	0	1.50247e-05
0.525	0	0.076267	0.255	-8.40816e-05	8.81798e-07	0.0397545	-7.5048e-05	0.0800287	5.94299e-05	0	-0.00345413
0.55	0	0.0761365	0.255	-8.40557e-05	5.92259e-06	0.0390231	-7.50453e-05	0.0800285	5.94231e-05	0	-0.00700651
0.575	0	0.0759153	0.255	-8.40132e-05	1.06664e-05	0.037824	-7.50408e-05	0.0800282	5.94115e-05	0	-0.0107277
0.6	0	0.075598	0.255	-8.39548e-05	1.50456e-05	0.0361868	-7.50343e-05	0.0800278	5.9395e-05	0	-0.0147073
0.625	0	0.075177	0.255	-8.38814e-05	1.89941e-05	0.0341519	-7.50256e-05	0.0800272	5.93731e-05	0	-0.0190413
0.65	0	0.0746421	0.255	-8.37942e-05	2.24485e-05	0.0317693	-7.50146e-05	0.0800264	5.93455e-05	0	-0.023834
0.675	0	0.0739805	0.255	-8.36946e-05	2.53488e-05	0.0290977	-7.5001e-05	0.0800255	5.93115e-05	0	-0.029201
0.7	0	0.0731762	0.255	-8.35843e-05	2.76386e-05	0.0262029	-7.49843e-05	0.0800243	5.92705e-05	0	-0.0352714
0.725	0	0.0722099	0.255	-8.34647e-05	2.92656e-05	0.0231561	-7.49641e-05	0.0800229	5.92217e-05	0	-0.0421916
0.75	0	0.0710582	0.255	-8.33377e-05	3.0181e-05	0.0200324	-7.494e-05	0.0800213	5.91643e-05	0	-0.0501283
0.775	0	0.0696934	0.255	-8.32047e-05	3.0339e-05	0.0169087	-7.49111e-05	0.0800193	5.90971e-05	0	-0.0592728
0.8	0	0.0680826	0.255	-8.30674e-05	2.9696e-05	0.0138619	-7.48768e-05	0.080017	5.9019e-05	0	-0.0698452
0.825	0	0.0661871	0.255	-8.29268e-05	2.82085e-05	0.010967	-7.4836e-05	0.0800143	5.8929e-05	0	-0.0821004
0.85	0	0.0639612	0.255	-8.27838e-05	2.58318e-05	0.00829537	-7.47875e-05	0.0800111	5.88257e-05	0	-0.0963336
0.875	0	0.0613511	0.255	-8.2639e-05	2.25169e-05	0.0059127	-7.47299e-05	0.0800073	5.8708e-05	0	-0.112888
0.9	0	0.0582941	0.255	-8.24919e-05	1.8208e-05	0.00387767	-8.29571e-05	0.0800141	6.50827e-05	0	-0.132161
0.925	0	0.0547165	0.255	-8.23418e-05	1.28385e-05	0.00224041	-8.28666e-05	0.0800084	6.49166e-05	0	-0.154619
0.95	0	0.0505321	0.255	-8.21866e-05	6.32684e-06	0.00104122	-8.27588e-05	0.0800017	6.47319e-05	0	-0.180802
0.975	0	0.0456401	0.255	-8.20235e-05	-1.42815e-06	0.000309629	-8.26301e-05	0.0799939	6.45293e-05	0	-0.211341
1	0	0.0399227	0.255	-8.18483e-05	-1.05529e-05	6.36496e-05	-8.24761e-05	0.0799848	6.43106e-05	0	-0.246972
0	0	0.0399227	0.255	-8.18483e-05	-1.05529e-05	6.36496e-05	-8.24761e-05	0.0799848	6.43106e-05	0	-0.246972
0.025	0	0.0342052	0.255	-8.16771e-05	-1.96831e-05	6.35253e-05	-8.23258e-05	0.0799757	0.000309947	0	-0.211341
0.05	0	0.0293132	0.255	-8.15281e-05	-2.74953e-05	6.34344e-05	-8.221e-05	0.0799679	0.00104125	0	-0.180803
0.075	0	0.0251288	0.255	-8.13987e-05	-3.41775e-05	6.33678e-05	-8.21258e-05	0.0799614	0.00224018	0	-0.15462
0.1	0	0.0215512	0.255	-8.12869e-05	-3.98906e-05	6.33192e-05	-8.20702e-05	0.079956	0.00387723	0	-0.132162
0.125	0	0.0184942	0.255	-8.11903e-05	-4.47721e-05	6.32836e-05	-8.20398e-05	0.0799515	0.00591207	0	-0.112888
0.15	0	0.0158842	0.255	-8.11072e-05	-4.89398e-05	6.32575e-05	-8.20314e-05	0.0799479	0.00829458	0	-0.0963342
0.175	0	0.0136582	0.255	-8.10359e-05	-5.24941e-05	6.32385e-05	-8.20416e-05	0.0799452	0.0109661	0	-0.0821011
0.2	0	0.0117626	0.255	-8.09747e-05	-5.55206e-05	6.32246e-05	-8.20672e-05	0.0799432	0.0138609	0	-0.0698461
0.225	0	0.0101519	0.255	-8.09226e-05	-5.80923e-05	6.32145e-05	-8.21047e-05	0.0799419	0.0169075	0	-0.0592738
0.25	0	0.00878705	0.255	-8.08782e-05	-6.02713e-05	6.32071e-05	-8.21511e-05	0.0799412	0.0200311	0	-0.0501296
0.275	0	0.00763532	0.255	-8.08406e-05	-6.211e-05	6.32017e-05	-8.22033e-05	0.0799411	0.0231548	0	-0.0421931
0.3	0	0.00666893	0.255	-8.08089e-05	-6.36528e-05	6.31978e-05	-8.22583e-05	0.0799415	0.0262015	0	-0.0352731
0.325	0	0.00586459	0.255	-8.07825e-05	-6.49368e-05	6.31949e-05	-8.23135e-05	0.0799425	0.0290962	0	-0.029203
0.35	0	0.00520292	0.255	-8.07608e-05	-6.5993e-05	6.31929e-05	-8.23665e-05	0.0799438	0.0317678	0	-0.0238364
0.375	0	0.00466798	0.255	-8.07432e-05	-6.6847e-05	6.31914e-05	-8.2415e-05	0.0799456	0.0341504	0	-0.0190441
0.4	0	0.00424689	0.255	-8.07293e-05	-6.75192e-05	6.31904e-05	-8.24573e-05	0.0799477	0.0361853	0	-0.0147106
0.425	0	0.0039295	0.255	-8.07188e-05	-6.80258e-05	6.31897e-05	-8.24917e-05	0.0799502	0.0378224	0	-0.0107315
0.45	0	0.00370816	0.255	-8.07115e-05	-6.83791e-05	6.31892e-05	-8.25172e-05	0.0799529	0.0390215	0	-0.00701102
0.475	0	0.00357754	0.255	-8.07072e-05	-6.85876e-05	6.31889e-05	-8.25328e-05	0.0799558	0.0397529	0	-0.00345941
0.5	0	0.0035345	0.255	-8.07058e-05	-6.86563e-05	6.31888e-05	-8.2538e-05	0.0799589	0.0399987	0	8.86496e-06
0.525	0	0.00357799	0.255	-8.07072e-05	-6.85869e-05	6.31889e-05	-8.25326e-05	0.0799621	0.0397529	0	0.00347735
0.55	0	0.00370906	0.255	-8.07116e-05	-6.83777e-05	6.31892e-05	-8.25168e-05	0.0799654	0.0390215	0	0.00702961
0.575	0	0.00393088	0.255	-8.07189e-05	-6.80236e-05	6.31897e-05	-8.24912e-05	0.0799688	0.0378224	0	0.0107512
0.6	0	0.00424878	0.255	-8.07294e-05	-6.75161e-05	6.31904e-05	-8.24565e-05	0.0799722	0.0361853	0	0.0147319
0.625	0	0.00467043	0.255	-8.07433e-05	-6.68431e-05	6.31914e-05	-8.24141e-05	0.0799757	0.0341504	0	0.0190674
0.65	0	0.00520598	0.255	-8.07609e-05	-6.59882e-05	6.31929e-05	-8.23654e-05	0.0799791	0.0317678	0	0.0238624
0.675	0	0.00586833	0.255	-8.07827e-05	-6.49308e-05	6.31949e-05	-8.23123e-05	0.0799826	0.0290962	0	0.0292322
0.7	0	0.00667345	0.255	-8.08091e-05	-6.36455e-05	6.31978e-05	-8.2257e-05	0.079986	0.0262015	0	0.0353064
0.725	0	0.00764074	0.255	-8.08407e-05	-6.21013e-05	6.32017e-05	-8.22019e-05	0.0799894	0.0231548	0	0.0422311
0.75	0	0.00879348	0.255	-8.08784e-05	-6.0261e-05	6.32071e-05	-8.21497e-05	0.079993	0.0200311	0	0.0501733
0.775	0	0.0101595	0.255	-8.09228e-05	-5.80802e-05	6.32145e-05	-8.21033e-05	0.0799966	0.0169075	0	0.0593242
0.8	0	0.0117716	0.255	-8.0975e-05	-5.55063e-05	6.32247e-05	-8.20657e-05	0.0800003	0.0138609	0	0.0699045
0.825	0	0.0136687	0.255	-8.10362e-05	-5.24773e-05	6.32386e-05	-8.20401e-05	0.0800043	0.0109661	0	0.0821689
0.85	0	0.0158965	0.255	-8.11076e-05	-4.89201e-05	6.32577e-05	-8.20299e-05	0.0800085	0.00829458	0	0.0964129
0.875	0	0.0185087	0.255	-8.11908e-05	-4.4749e-05	6.32837e-05	-8.20384e-05	0.0800132	0.00591207	0	0.11298
0.9	0	0.0215682	0.255	-8.12874e-05	-3.98635e-05	6.33194e-05	-8.20688e-05	0.0800184	0.00387723	0	0.132269
0.925	0	0.0251487	0.255	-8.13994e-05	-3.41458e-05	6.33681e-05	-8.21246e-05	0.0800243	0.00224018	0	0.154744
0.95	0	0.0293364	0.255	-8.15288e-05	-2.74582e-05	6.34348e-05	-8.22089e-05	0.0800311	0.00104124	0	0.180948
0.975	0	0.0342323	0.255	-8.16779e-05	-1.96397e-05	6.35259e-05	-8.23248e-05	0.080039	0.000309946	0	0.211511
1	0	0.0399544	0.255	-8.18492e-05	-1.05023e-05	6.36504e-05	-8.24752e-05	0.0800481	6.43094e-05	0	0.247169
0	0	0.0399544	0.255	-8.18492e-05	-1.05023e-05	6.36504e-05	-8.24752e-05	0.0800481	6.43094e-05	0	0.247169
0.025	0	0.0456764	0.255	-8.20246e-05	-1.35539e-06	0.00030963	-8.26294e-05	0.0800572	6.45282e-05	0	0.211511
0.05	0	0.0505723	0.255	-8.21878e-05	6.50934e-06	0.00104122	-8.27582e-05	0.080065	6.47309e-05	0	0.180947
0.075	0	0.0547601	0.255	-8.2343e-05	1.33049e-05	0.00224041	-8.28661e-05	0.0800717	6.49157e-05	0	0.154744
0.1	0	0.0583406	0.255	-8.24932e-05	1.92148e-05	0.00387768	-8.29567e-05	0.0800774	6.50819e-05	0	0.132268
0.125	0	0.0614	0.255	-8.26403e-05	2.43963e-05	0.0059127	-7.47296e-05	0.0800707	5.87073e-05	0	0.112979
0.15	0	0.0640122	0.255	-8.27852e-05	2.89839e-05	0.00829537	-7.47872e-05	0.0800744	5.88251e-05	0	0.0964125
0.175	0	0.06624	0.255	-8.29281e-05	3.30911e-05	0.010967	-7.48357e-05	0.0800776	5.89285e-05	0	0.0821684
0.2	0	0.0681371	0.255	-8.30687e-05	3.68135e-05	0.0138619	-7.48766e-05	0.0800804	5.90186e-05	0	0.069904
0.225	0	0.0697492	0.255	-8.3206e-05	4.02299e-05	0.0169087	-7.49109e-05	0.0800827	5.90967e-05	0	0.0593236
0.25	0	0.0711152	0.255	-8.33389e-05	4.34043e-05	0.0200324	-7.49398e-05	0.0800846	5.91639e-05	0	0.0501725
0.275	0	0.0722679	0.255	-8.34658e-05	4.63877e-05	0.0231561	-7.4964e-05	0.0800863	5.92215e-05	0	0.0422302
0.3	0	0.0732352	0.255	-8.35853e-05	4.92188e-05	0.0262029	-7.49842e-05	0.0800877	5.92703e-05	0	0.0353053
0.325	0	0.0740403	0.255	-8.36955e-05	5.19256e-05	0.0290977	-7.50009e-05	0.0800888	5.93113e-05	0	0.029231
0.35	0	0.0747026	0.255	-8.37949e-05	5.45265e-05	0.0317693	-7.50146e-05	0.0800898	5.93453e-05	0	0.023861
0.375	0	0.0752381	0.255	-8.3882e-05	5.70315e-05	0.0341519	-7.50256e-05	0.0800905	5.9373e-05	0	0.0190658
0.4	0	0.0756597	0.255	-8.39552e-05	5.94428e-05	0.0361868	-7.50342e-05	0.0800911	5.93949e-05	0	0.0147299
0.425	0	0.0759776	0.255	-8.40135e-05	6.17563e-05	0.037824	-7.50408e-05	0.0800916	5.94115e-05	0	0.010749
0.45	0	0.0761993	0.255	-8.40559e-05	6.39624e-05	0.0390231	-7.50453e-05	0.0800919	5.94231e-05	0	0.00702695
0.475	0	0.0763303	0.255	-8.40815e-05	6.60464e-05	0.0397545	-7.5048e-05	0.0800921	5.94299e-05	0	0.00347424
0.5	0	0.0763737	0.255	-8.40901e-05	6.79901e-05	0.0400004	-7.50489e-05	0.0800922	5.94322e-05	0	5.23054e-06
0.525	0	0.0763306	0.255	-8.40814e-05	6.97719e-05	0.0397545	-7.5048e-05	0.0800921	5.94299e-05	0	-0.00346365
0.55	0	0.0761998	0.255	-8.40557e-05	7.13676e-05	0.0390231	-7.50453e-05	0.0800919	5.94231e-05	0	-0.00701598
0.575	0	0.0759784	0.255	-8.40132e-05	7.27509e-05	0.037824	-7.50408e-05	0.0800916	5.94115e-05	0	-0.0107373
0.6	0	0.0756608	0.255	-8.39549e-05	7.38939e-05	0.0361868	-7.50343e-05	0.0800911	5.9395e-05	0	-0.0147174
0.625	0	0.0752395	0.255	-8.38815e-05	7.47673e-05	0.0341519	-7.50256e-05	0.0800905	5.93731e-05	0	-0.019052
0.65	0	0.0747044	0.255	-8.37944e-05	7.53402e-05	0.0317693	-7.50146e-05	0.0800898	5.93454e-05	0	-0.0238456
0.675	0	0.0740425	0.255	-8.36949e-05	7.55805e-05	0.0290977	-7.50009e-05	0.0800888	5.93114e-05	0	-0.0292138
0.7	0	0.0732378	0.255	-8.35846e-05	7.54543e-05	0.0262029	-7.49842e-05	0.0800877	5.92704e-05	0	-0.0352857
0.725	0	0.0722711	0.255	-8.34652e-05	7.49258e-05	0.0231561	-7.49641e-05	0.0800863	5.92216e-05	0	-0.0422078
0.75	0	0.071119	0.255	-8.33382e-05	7.39561e-05	0.0200324	-7.49399e-05	0.0800846	5.91641e-05	0	-0.0501468
0.775	0	0.0697537	0.255	-8.32052e-05	7.25028e-05	0.0169087	-7.4911e-05	0.0800827	5.90969e-05	0	-0.0592939
0.8	0	0.0681424	0.255	-8.30679e-05	7.05189e-05	0.0138619	-7.48767e-05	0.0800804	5.90189e-05	0	-0.0698695
0.825	0	0.0662462	0.255	-8.29273e-05	6.7951e-05	0.010967	-7.48359e-05	0.0800776	5.89288e-05	0	-0.0821285
0.85	0	0.0640195	0.255	-8.27844e-05	6.47377e-05	0.00829537	-7.47874e-05	0.0800744	5.88255e-05	0	-0.0963661
0.875	0	0.0614086	0.255	-8.26395e-05	6.08077e-05	0.0059127	-7.47298e-05	0.0800707	5.87077e-05	0	-0.112925
0.9	0	0.0583506	0.255	-8.24924e-05	5.60772e-05	0.00387767	-8.29569e-05	0.0800774	6.50824e-05	0	-0.132205
0.925	0	0.0547718	0.255	-8.23423e-05	5.04467e-05	0.00224041	-8.28664e-05	0.0800717	6.49162e-05	0	-0.15467
0.95	0	0.050586	0.255	-8.21871e-05	4.37981e-05	0.00104122	-8.27586e-05	0.0800651	6.47315e-05	0	-0.180862
0.975	0	0.0456924	0.255	-8.2024e-05	3.59905e-05	0.000309629	-8.26298e-05	0.0800573	6.45289e-05	0	-0.211411
1	0	0.0399731	0.255	-8.18487e-05	2.68556e-05	6.36499e-05	-8.24758e-05	0.0800481	6.43101e-05	0	-0.247053
0	0	0.0399731	0.255	-8.18487e-05	2.68556e-05	6.36499e-05	-8.24758e-05	0.0800481	6.43101e-05	0	-0.247053
0.025	0	0.0342537	0.255	-8.16774e-05	1.77225e-05	6.35256e-05	-8.23254e-05	0.080039	0.000309946	0	-0.211411
0.05	0	0.0293601	0.255	-8.15284e-05	9.90768e-06	6.34345e-05	-8.22096e-05	0.0800311	0.00104124	0	-0.180862
0.075	0	0.0251744	0.255	-8.1399e-05	3.22327e-06	6.3368e-05	-8.21253e-05	0.0800242	0.00224018	0	-0.154671
0.1	0	0.0215956	0.255	-8.12871e-05	-2.49169e-06	6.33193e-05	-8.20696e-05	0.080018	0.00387723	0	-0.132205
0.125	0	0.0185376	0.255	-8.11905e-05	-7.37487e-06	6.32836e-05	-8.20393e-05	0.0800123	0.00591207	0	-0.112926
0.15	0	0.0159266	0.255	-8.11074e-05	-1.15439e-05	6.32576e-05	-8.20309e-05	0.080007	0.00829458	0	-0.0963663
0.175	0	0.0136999	0.255	-8.1036e-05	-1.50994e-05	6.32386e-05	-8.20412e-05	0.0800018	0.0109661	0	-0.0821287
0.2	0	0.0118037	0.255	-8.09749e-05	-1.81269e-05	6.32247e-05	-8.20668e-05	0.0799966	0.0138609	0	-0.0698698
0.225	0	0.0101924	0.255	-8.09227e-05	-2.06995e-05	6.32145e-05	-8.21045e-05	0.0799915	0.0169075	0	-0.0592942
0.25	0	0.00882713	0.255	-8.08782e-05	-2.28792e-05	6.32071e-05	-8.2151e-05	0.0799861	0.0200311	0	-0.0501472
0.275	0	0.00767499	0.255	-8.08406e-05	-2.47186e-05	6.32017e-05	-8.22033e-05	0.0799805	0.0231548	0	-0.0422083
0.3	0	0.00670824	0.255	-8.0809e-05	-2.62619e-05	6.31978e-05	-8.22585e-05	0.0799747	0.0262015	0	-0.0352863
0.325	0	0.00590359	0.255	-8.07826e-05	-2.75465e-05	6.31949e-05	-8.23139e-05	0.0799687	0.0290962	0	-0.0292145
0.35	0	0.00524166	0.255	-8.07608e-05	-2.86031e-05	6.31929e-05	-8.23671e-05	0.0799624	0.0317678	0	-0.0238465
0.375	0	0.00470649	0.255	-8.07432e-05	-2.94575e-05	6.31914e-05	-8.24159e-05	0.0799558	0.0341504	0	-0.019053
0.4	0	0.00428519	0.255	-8.07293e-05	-3.013e-05	6.31904e-05	-8.24585e-05	0.079949	0.0361853	0	-0.0147185
0.425	0	0.00396761	0.255	-8.07189e-05	-3.06369e-05	6.31897e-05	-8.24933e-05	0.0799421	0.0378224	0	-0.0107387
0.45	0	0.0037461	0.255	-8.07115e-05	-3.09905e-05	6.31892e-05	-8.25191e-05	0.079935	0.0390215	0	-0.00701755
0.475	0	0.00361532	0.255	-8.07072e-05	-3.11993e-05	6.31889e-05	-8.2535e-05	0.079928	0.0397529	0	-0.00346549
0.5	0	0.00357213	0.255	-8.07058e-05	-3.12682e-05	6.31888e-05	-8.25405e-05	0.0799209	0.0399987	0	3.08615e-06
0.525	0	0.00361548	0.255	-8.07072e-05	-3.1199e-05	6.31889e-05	-8.25355e-05	0.0799141	0.0397529	0	0.00347173
0.55	0	0.00374641	0.255	-8.07116e-05	-3.099e-05	6.31892e-05	-8.252e-05	0.0799074	0.0390215	0	0.00702402
0.575	0	0.00396809	0.255	-8.07189e-05	-3.06362e-05	6.31897e-05	-8.24947e-05	0.079901	0.0378224	0	0.0107455
0.6	0	0.00428584	0.255	-8.07294e-05	-3.01289e-05	6.31904e-05	-8.24603e-05	0.0798951	0.0361853	0	0.0147259
0.625	0	0.00470734	0.255	-8.07433e-05	-2.94561e-05	6.31914e-05	-8.24181e-05	0.0798896	0.0341504	0	0.0190611
0.65	0	0.00524272	0.255	-8.07609e-05	-2.86014e-05	6.31929e-05	-8.23697e-05	0.0798847	0.0317678	0	0.0238555
0.675	0	0.0059049	0.255	-8.07826e-05	-2.75444e-05	6.31949e-05	-8.23168e-05	0.0798804	0.0290962	0	0.0292247
0.7	0	0.00670982	0.255	-8.08091e-05	-2.62594e-05	6.31978e-05	-8.22617e-05	0.0798769	0.0262015	0	0.0352979
0.725	0	0.00767687	0.255	-8.08407e-05	-2.47156e-05	6.32017e-05	-8.22068e-05	0.0798741	0.0231548	0	0.0422215
0.75	0	0.00882937	0.255	-8.08783e-05	-2.28757e-05	6.32071e-05	-8.21547e-05	0.0798721	0.0200312	0	0.0501624
0.775	0	0.0101951	0.255	-8.09227e-05	-2.06953e-05	6.32145e-05	-8.21083e-05	0.0798711	0.0169075	0	0.0593118
0.8	0	0.0118069	0.255	-8.0975e-05	-1.81219e-05	6.32247e-05	-8.20708e-05	0.0798709	0.0138609	0	0.0698901
